,ID,ROW_ID,PURCHASING_ORGANIZATION,SIM_ROUND,SIM_STEP,SIM_DATE,SIM_CALENDAR_DATE,SIM_PERIOD,SIM_ELAPSED_STEPS,MATERIAL_NUMBER,MATERIAL_DESCRIPTION,MATERIAL_TYPE,VENDOR_CODE,VENDOR_NAME,NET_PRICE,CURRENCY
0,.1~1,1,D3,01,01,01/01,2024-01-01T00:00:00,1,1,DD-P01,Large Box (1kg),Raw materials,V02,Continental Printing Co.,0.28,EUR
1,.1~2,2,D3,01,01,01/01,2024-01-01T00:00:00,1,1,DD-P02,Large Bag (1kg),Raw materials,V02,Continental Printing Co.,0.12,EUR
2,.1~3,3,D3,01,01,01/01,2024-01-01T00:00:00,1,1,DD-P03,Small Box (500g),Raw materials,V02,Continental Printing Co.,0.21,EUR
3,.1~4,4,D3,01,01,01/01,2024-01-01T00:00:00,1,1,DD-P04,Small Bag (500g),Raw materials,V02,Continental Printing Co.,0.09,EUR
4,.1~5,5,D3,01,01,01/01,2024-01-01T00:00:00,1,1,DD-R01,Nuts,Raw materials,V01,Foodbroker Inc.,1.82,EUR
5,.1~6,6,D3,01,01,01/01,2024-01-01T00:00:00,1,1,DD-R02,Blueberries,Raw materials,V01,Foodbroker Inc.,4.00,EUR
6,.1~7,7,D3,01,01,01/01,2024-01-01T00:00:00,1,1,DD-R03,Strawberries,Raw materials,V01,Foodbroker Inc.,4.02,EUR
7,.1~8,8,D3,01,01,01/01,2024-01-01T00:00:00,1,1,DD-R04,Raisins,Raw materials,V01,Foodbroker Inc.,1.07,EUR
8,.1~9,9,D3,01,01,01/01,2024-01-01T00:00:00,1,1,DD-R05,Wheat,Raw materials,V01,Foodbroker Inc.,0.99,EUR
9,.1~10,10,D3,01,01,01/01,2024-01-01T00:00:00,1,1,DD-R06,Oats,Raw materials,V01,Foodbroker Inc.,0.92,EUR
10,.1~11,11,D3,01,02,01/02,2024-01-02T00:00:00,1,2,DD-P01,Large Box (1kg),Raw materials,V02,Continental Printing Co.,0.28,EUR
11,.1~12,12,D3,01,02,01/02,2024-01-02T00:00:00,1,2,DD-P02,Large Bag (1kg),Raw materials,V02,Continental Printing Co.,0.12,EUR
12,.1~13,13,D3,01,02,01/02,2024-01-02T00:00:00,1,2,DD-P03,Small Box (500g),Raw materials,V02,Continental Printing Co.,0.21,EUR
13,.1~14,14,D3,01,02,01/02,2024-01-02T00:00:00,1,2,DD-P04,Small Bag (500g),Raw materials,V02,Continental Printing Co.,0.09,EUR
14,.1~15,15,D3,01,02,01/02,2024-01-02T00:00:00,1,2,DD-R01,Nuts,Raw materials,V01,Foodbroker Inc.,1.82,EUR
15,.1~16,16,D3,01,02,01/02,2024-01-02T00:00:00,1,2,DD-R02,Blueberries,Raw materials,V01,Foodbroker Inc.,4.00,EUR
16,.1~17,17,D3,01,02,01/02,2024-01-02T00:00:00,1,2,DD-R03,Strawberries,Raw materials,V01,Foodbroker Inc.,4.02,EUR
17,.1~18,18,D3,01,02,01/02,2024-01-02T00:00:00,1,2,DD-R04,Raisins,Raw materials,V01,Foodbroker Inc.,1.07,EUR
18,.1~19,19,D3,01,02,01/02,2024-01-02T00:00:00,1,2,DD-R05,Wheat,Raw materials,V01,Foodbroker Inc.,0.99,EUR
19,.1~20,20,D3,01,02,01/02,2024-01-02T00:00:00,1,2,DD-R06,Oats,Raw materials,V01,Foodbroker Inc.,0.92,EUR
20,.1~21,21,D3,01,03,01/03,2024-01-03T00:00:00,1,3,DD-P01,Large Box (1kg),Raw materials,V02,Continental Printing Co.,0.28,EUR
21,.1~22,22,D3,01,03,01/03,2024-01-03T00:00:00,1,3,DD-P02,Large Bag (1kg),Raw materials,V02,Continental Printing Co.,0.12,EUR
22,.1~23,23,D3,01,03,01/03,2024-01-03T00:00:00,1,3,DD-P03,Small Box (500g),Raw materials,V02,Continental Printing Co.,0.21,EUR
23,.1~24,24,D3,01,03,01/03,2024-01-03T00:00:00,1,3,DD-P04,Small Bag (500g),Raw materials,V02,Continental Printing Co.,0.09,EUR
24,.1~25,25,D3,01,03,01/03,2024-01-03T00:00:00,1,3,DD-R01,Nuts,Raw materials,V01,Foodbroker Inc.,1.82,EUR
25,.1~26,26,D3,01,03,01/03,2024-01-03T00:00:00,1,3,DD-R02,Blueberries,Raw materials,V01,Foodbroker Inc.,4.00,EUR
26,.1~27,27,D3,01,03,01/03,2024-01-03T00:00:00,1,3,DD-R03,Strawberries,Raw materials,V01,Foodbroker Inc.,4.02,EUR
27,.1~28,28,D3,01,03,01/03,2024-01-03T00:00:00,1,3,DD-R04,Raisins,Raw materials,V01,Foodbroker Inc.,1.07,EUR
28,.1~29,29,D3,01,03,01/03,2024-01-03T00:00:00,1,3,DD-R05,Wheat,Raw materials,V01,Foodbroker Inc.,0.99,EUR
29,.1~30,30,D3,01,03,01/03,2024-01-03T00:00:00,1,3,DD-R06,Oats,Raw materials,V01,Foodbroker Inc.,0.92,EUR
30,.1~31,31,D3,01,04,01/04,2024-01-04T00:00:00,1,4,DD-P01,Large Box (1kg),Raw materials,V02,Continental Printing Co.,0.28,EUR
31,.1~32,32,D3,01,04,01/04,2024-01-04T00:00:00,1,4,DD-P02,Large Bag (1kg),Raw materials,V02,Continental Printing Co.,0.12,EUR
32,.1~33,33,D3,01,04,01/04,2024-01-04T00:00:00,1,4,DD-P03,Small Box (500g),Raw materials,V02,Continental Printing Co.,0.21,EUR
33,.1~34,34,D3,01,04,01/04,2024-01-04T00:00:00,1,4,DD-P04,Small Bag (500g),Raw materials,V02,Continental Printing Co.,0.09,EUR
34,.1~35,35,D3,01,04,01/04,2024-01-04T00:00:00,1,4,DD-R01,Nuts,Raw materials,V01,Foodbroker Inc.,1.82,EUR
35,.1~36,36,D3,01,04,01/04,2024-01-04T00:00:00,1,4,DD-R02,Blueberries,Raw materials,V01,Foodbroker Inc.,4.00,EUR
36,.1~37,37,D3,01,04,01/04,2024-01-04T00:00:00,1,4,DD-R03,Strawberries,Raw materials,V01,Foodbroker Inc.,4.02,EUR
37,.1~38,38,D3,01,04,01/04,2024-01-04T00:00:00,1,4,DD-R04,Raisins,Raw materials,V01,Foodbroker Inc.,1.07,EUR
38,.1~39,39,D3,01,04,01/04,2024-01-04T00:00:00,1,4,DD-R05,Wheat,Raw materials,V01,Foodbroker Inc.,0.99,EUR
39,.1~40,40,D3,01,04,01/04,2024-01-04T00:00:00,1,4,DD-R06,Oats,Raw materials,V01,Foodbroker Inc.,0.92,EUR
40,.1~41,41,D3,01,05,01/05,2024-01-05T00:00:00,1,5,DD-P01,Large Box (1kg),Raw materials,V02,Continental Printing Co.,0.28,EUR
41,.1~42,42,D3,01,05,01/05,2024-01-05T00:00:00,1,5,DD-P02,Large Bag (1kg),Raw materials,V02,Continental Printing Co.,0.12,EUR
42,.1~43,43,D3,01,05,01/05,2024-01-05T00:00:00,1,5,DD-P03,Small Box (500g),Raw materials,V02,Continental Printing Co.,0.21,EUR
43,.1~44,44,D3,01,05,01/05,2024-01-05T00:00:00,1,5,DD-P04,Small Bag (500g),Raw materials,V02,Continental Printing Co.,0.09,EUR
44,.1~45,45,D3,01,05,01/05,2024-01-05T00:00:00,1,5,DD-R01,Nuts,Raw materials,V01,Foodbroker Inc.,1.82,EUR
45,.1~46,46,D3,01,05,01/05,2024-01-05T00:00:00,1,5,DD-R02,Blueberries,Raw materials,V01,Foodbroker Inc.,4.00,EUR
46,.1~47,47,D3,01,05,01/05,2024-01-05T00:00:00,1,5,DD-R03,Strawberries,Raw materials,V01,Foodbroker Inc.,4.02,EUR
47,.1~48,48,D3,01,05,01/05,2024-01-05T00:00:00,1,5,DD-R04,Raisins,Raw materials,V01,Foodbroker Inc.,1.07,EUR
48,.1~49,49,D3,01,05,01/05,2024-01-05T00:00:00,1,5,DD-R05,Wheat,Raw materials,V01,Foodbroker Inc.,0.99,EUR
49,.1~50,50,D3,01,05,01/05,2024-01-05T00:00:00,1,5,DD-R06,Oats,Raw materials,V01,Foodbroker Inc.,0.92,EUR
50,.1~51,51,D3,01,06,01/06,2024-01-06T00:00:00,2,6,DD-P01,Large Box (1kg),Raw materials,V02,Continental Printing Co.,0.28,EUR
51,.1~52,52,D3,01,06,01/06,2024-01-06T00:00:00,2,6,DD-P02,Large Bag (1kg),Raw materials,V02,Continental Printing Co.,0.12,EUR
52,.1~53,53,D3,01,06,01/06,2024-01-06T00:00:00,2,6,DD-P03,Small Box (500g),Raw materials,V02,Continental Printing Co.,0.21,EUR
53,.1~54,54,D3,01,06,01/06,2024-01-06T00:00:00,2,6,DD-P04,Small Bag (500g),Raw materials,V02,Continental Printing Co.,0.09,EUR
54,.1~55,55,D3,01,06,01/06,2024-01-06T00:00:00,2,6,DD-R01,Nuts,Raw materials,V01,Foodbroker Inc.,1.75,EUR
55,.1~56,56,D3,01,06,01/06,2024-01-06T00:00:00,2,6,DD-R02,Blueberries,Raw materials,V01,Foodbroker Inc.,3.93,EUR
56,.1~57,57,D3,01,06,01/06,2024-01-06T00:00:00,2,6,DD-R03,Strawberries,Raw materials,V01,Foodbroker Inc.,4.19,EUR
57,.1~58,58,D3,01,06,01/06,2024-01-06T00:00:00,2,6,DD-R04,Raisins,Raw materials,V01,Foodbroker Inc.,1.18,EUR
58,.1~59,59,D3,01,06,01/06,2024-01-06T00:00:00,2,6,DD-R05,Wheat,Raw materials,V01,Foodbroker Inc.,0.94,EUR
59,.1~60,60,D3,01,06,01/06,2024-01-06T00:00:00,2,6,DD-R06,Oats,Raw materials,V01,Foodbroker Inc.,0.84,EUR
60,.1~61,61,D3,01,07,01/07,2024-01-07T00:00:00,2,7,DD-P01,Large Box (1kg),Raw materials,V02,Continental Printing Co.,0.28,EUR
61,.1~62,62,D3,01,07,01/07,2024-01-07T00:00:00,2,7,DD-P02,Large Bag (1kg),Raw materials,V02,Continental Printing Co.,0.12,EUR
62,.1~63,63,D3,01,07,01/07,2024-01-07T00:00:00,2,7,DD-P03,Small Box (500g),Raw materials,V02,Continental Printing Co.,0.21,EUR
63,.1~64,64,D3,01,07,01/07,2024-01-07T00:00:00,2,7,DD-P04,Small Bag (500g),Raw materials,V02,Continental Printing Co.,0.09,EUR
64,.1~65,65,D3,01,07,01/07,2024-01-07T00:00:00,2,7,DD-R01,Nuts,Raw materials,V01,Foodbroker Inc.,1.75,EUR
65,.1~66,66,D3,01,07,01/07,2024-01-07T00:00:00,2,7,DD-R02,Blueberries,Raw materials,V01,Foodbroker Inc.,3.93,EUR
66,.1~67,67,D3,01,07,01/07,2024-01-07T00:00:00,2,7,DD-R03,Strawberries,Raw materials,V01,Foodbroker Inc.,4.19,EUR
67,.1~68,68,D3,01,07,01/07,2024-01-07T00:00:00,2,7,DD-R04,Raisins,Raw materials,V01,Foodbroker Inc.,1.18,EUR
68,.1~69,69,D3,01,07,01/07,2024-01-07T00:00:00,2,7,DD-R05,Wheat,Raw materials,V01,Foodbroker Inc.,0.94,EUR
69,.1~70,70,D3,01,07,01/07,2024-01-07T00:00:00,2,7,DD-R06,Oats,Raw materials,V01,Foodbroker Inc.,0.84,EUR
70,.1~71,71,D3,01,08,01/08,2024-01-08T00:00:00,2,8,DD-P01,Large Box (1kg),Raw materials,V02,Continental Printing Co.,0.28,EUR
71,.1~72,72,D3,01,08,01/08,2024-01-08T00:00:00,2,8,DD-P02,Large Bag (1kg),Raw materials,V02,Continental Printing Co.,0.12,EUR
72,.1~73,73,D3,01,08,01/08,2024-01-08T00:00:00,2,8,DD-P03,Small Box (500g),Raw materials,V02,Continental Printing Co.,0.21,EUR
73,.1~74,74,D3,01,08,01/08,2024-01-08T00:00:00,2,8,DD-P04,Small Bag (500g),Raw materials,V02,Continental Printing Co.,0.09,EUR
74,.1~75,75,D3,01,08,01/08,2024-01-08T00:00:00,2,8,DD-R01,Nuts,Raw materials,V01,Foodbroker Inc.,1.75,EUR
75,.1~76,76,D3,01,08,01/08,2024-01-08T00:00:00,2,8,DD-R02,Blueberries,Raw materials,V01,Foodbroker Inc.,3.93,EUR
76,.1~77,77,D3,01,08,01/08,2024-01-08T00:00:00,2,8,DD-R03,Strawberries,Raw materials,V01,Foodbroker Inc.,4.19,EUR
77,.1~78,78,D3,01,08,01/08,2024-01-08T00:00:00,2,8,DD-R04,Raisins,Raw materials,V01,Foodbroker Inc.,1.18,EUR
78,.1~79,79,D3,01,08,01/08,2024-01-08T00:00:00,2,8,DD-R05,Wheat,Raw materials,V01,Foodbroker Inc.,0.94,EUR
79,.1~80,80,D3,01,08,01/08,2024-01-08T00:00:00,2,8,DD-R06,Oats,Raw materials,V01,Foodbroker Inc.,0.84,EUR
80,.1~81,81,D3,01,09,01/09,2024-01-09T00:00:00,2,9,DD-P01,Large Box (1kg),Raw materials,V02,Continental Printing Co.,0.28,EUR
81,.1~82,82,D3,01,09,01/09,2024-01-09T00:00:00,2,9,DD-P02,Large Bag (1kg),Raw materials,V02,Continental Printing Co.,0.12,EUR
82,.1~83,83,D3,01,09,01/09,2024-01-09T00:00:00,2,9,DD-P03,Small Box (500g),Raw materials,V02,Continental Printing Co.,0.21,EUR
83,.1~84,84,D3,01,09,01/09,2024-01-09T00:00:00,2,9,DD-P04,Small Bag (500g),Raw materials,V02,Continental Printing Co.,0.09,EUR
84,.1~85,85,D3,01,09,01/09,2024-01-09T00:00:00,2,9,DD-R01,Nuts,Raw materials,V01,Foodbroker Inc.,1.75,EUR
85,.1~86,86,D3,01,09,01/09,2024-01-09T00:00:00,2,9,DD-R02,Blueberries,Raw materials,V01,Foodbroker Inc.,3.93,EUR
86,.1~87,87,D3,01,09,01/09,2024-01-09T00:00:00,2,9,DD-R03,Strawberries,Raw materials,V01,Foodbroker Inc.,4.19,EUR
87,.1~88,88,D3,01,09,01/09,2024-01-09T00:00:00,2,9,DD-R04,Raisins,Raw materials,V01,Foodbroker Inc.,1.18,EUR
88,.1~89,89,D3,01,09,01/09,2024-01-09T00:00:00,2,9,DD-R05,Wheat,Raw materials,V01,Foodbroker Inc.,0.94,EUR
89,.1~90,90,D3,01,09,01/09,2024-01-09T00:00:00,2,9,DD-R06,Oats,Raw materials,V01,Foodbroker Inc.,0.84,EUR
90,.1~91,91,D3,01,10,01/10,2024-01-10T00:00:00,2,10,DD-P01,Large Box (1kg),Raw materials,V02,Continental Printing Co.,0.28,EUR
91,.1~92,92,D3,01,10,01/10,2024-01-10T00:00:00,2,10,DD-P02,Large Bag (1kg),Raw materials,V02,Continental Printing Co.,0.12,EUR
92,.1~93,93,D3,01,10,01/10,2024-01-10T00:00:00,2,10,DD-P03,Small Box (500g),Raw materials,V02,Continental Printing Co.,0.21,EUR
93,.1~94,94,D3,01,10,01/10,2024-01-10T00:00:00,2,10,DD-P04,Small Bag (500g),Raw materials,V02,Continental Printing Co.,0.09,EUR
94,.1~95,95,D3,01,10,01/10,2024-01-10T00:00:00,2,10,DD-R01,Nuts,Raw materials,V01,Foodbroker Inc.,1.75,EUR
95,.1~96,96,D3,01,10,01/10,2024-01-10T00:00:00,2,10,DD-R02,Blueberries,Raw materials,V01,Foodbroker Inc.,3.93,EUR
96,.1~97,97,D3,01,10,01/10,2024-01-10T00:00:00,2,10,DD-R03,Strawberries,Raw materials,V01,Foodbroker Inc.,4.19,EUR
97,.1~98,98,D3,01,10,01/10,2024-01-10T00:00:00,2,10,DD-R04,Raisins,Raw materials,V01,Foodbroker Inc.,1.18,EUR
98,.1~99,99,D3,01,10,01/10,2024-01-10T00:00:00,2,10,DD-R05,Wheat,Raw materials,V01,Foodbroker Inc.,0.94,EUR
99,.1~100,100,D3,01,10,01/10,2024-01-10T00:00:00,2,10,DD-R06,Oats,Raw materials,V01,Foodbroker Inc.,0.84,EUR
100,.1~101,101,D3,01,11,01/11,2024-01-11T00:00:00,3,11,DD-P01,Large Box (1kg),Raw materials,V02,Continental Printing Co.,0.28,EUR
101,.1~102,102,D3,01,11,01/11,2024-01-11T00:00:00,3,11,DD-P02,Large Bag (1kg),Raw materials,V02,Continental Printing Co.,0.12,EUR
102,.1~103,103,D3,01,11,01/11,2024-01-11T00:00:00,3,11,DD-P03,Small Box (500g),Raw materials,V02,Continental Printing Co.,0.21,EUR
103,.1~104,104,D3,01,11,01/11,2024-01-11T00:00:00,3,11,DD-P04,Small Bag (500g),Raw materials,V02,Continental Printing Co.,0.09,EUR
104,.1~105,105,D3,01,11,01/11,2024-01-11T00:00:00,3,11,DD-R01,Nuts,Raw materials,V01,Foodbroker Inc.,1.83,EUR
105,.1~106,106,D3,01,11,01/11,2024-01-11T00:00:00,3,11,DD-R02,Blueberries,Raw materials,V01,Foodbroker Inc.,3.96,EUR
106,.1~107,107,D3,01,11,01/11,2024-01-11T00:00:00,3,11,DD-R03,Strawberries,Raw materials,V01,Foodbroker Inc.,4.25,EUR
107,.1~108,108,D3,01,11,01/11,2024-01-11T00:00:00,3,11,DD-R04,Raisins,Raw materials,V01,Foodbroker Inc.,1.23,EUR
108,.1~109,109,D3,01,11,01/11,2024-01-11T00:00:00,3,11,DD-R05,Wheat,Raw materials,V01,Foodbroker Inc.,0.92,EUR
109,.1~110,110,D3,01,11,01/11,2024-01-11T00:00:00,3,11,DD-R06,Oats,Raw materials,V01,Foodbroker Inc.,0.78,EUR
110,.1~111,111,D3,01,12,01/12,2024-01-12T00:00:00,3,12,DD-P01,Large Box (1kg),Raw materials,V02,Continental Printing Co.,0.28,EUR
111,.1~112,112,D3,01,12,01/12,2024-01-12T00:00:00,3,12,DD-P02,Large Bag (1kg),Raw materials,V02,Continental Printing Co.,0.12,EUR
112,.1~113,113,D3,01,12,01/12,2024-01-12T00:00:00,3,12,DD-P03,Small Box (500g),Raw materials,V02,Continental Printing Co.,0.21,EUR
113,.1~114,114,D3,01,12,01/12,2024-01-12T00:00:00,3,12,DD-P04,Small Bag (500g),Raw materials,V02,Continental Printing Co.,0.09,EUR
114,.1~115,115,D3,01,12,01/12,2024-01-12T00:00:00,3,12,DD-R01,Nuts,Raw materials,V01,Foodbroker Inc.,1.83,EUR
115,.1~116,116,D3,01,12,01/12,2024-01-12T00:00:00,3,12,DD-R02,Blueberries,Raw materials,V01,Foodbroker Inc.,3.96,EUR
116,.1~117,117,D3,01,12,01/12,2024-01-12T00:00:00,3,12,DD-R03,Strawberries,Raw materials,V01,Foodbroker Inc.,4.25,EUR
117,.1~118,118,D3,01,12,01/12,2024-01-12T00:00:00,3,12,DD-R04,Raisins,Raw materials,V01,Foodbroker Inc.,1.23,EUR
118,.1~119,119,D3,01,12,01/12,2024-01-12T00:00:00,3,12,DD-R05,Wheat,Raw materials,V01,Foodbroker Inc.,0.92,EUR
119,.1~120,120,D3,01,12,01/12,2024-01-12T00:00:00,3,12,DD-R06,Oats,Raw materials,V01,Foodbroker Inc.,0.78,EUR
120,.1~121,121,D3,01,13,01/13,2024-01-13T00:00:00,3,13,DD-P01,Large Box (1kg),Raw materials,V02,Continental Printing Co.,0.28,EUR
121,.1~122,122,D3,01,13,01/13,2024-01-13T00:00:00,3,13,DD-P02,Large Bag (1kg),Raw materials,V02,Continental Printing Co.,0.12,EUR
122,.1~123,123,D3,01,13,01/13,2024-01-13T00:00:00,3,13,DD-P03,Small Box (500g),Raw materials,V02,Continental Printing Co.,0.21,EUR
123,.1~124,124,D3,01,13,01/13,2024-01-13T00:00:00,3,13,DD-P04,Small Bag (500g),Raw materials,V02,Continental Printing Co.,0.09,EUR
124,.1~125,125,D3,01,13,01/13,2024-01-13T00:00:00,3,13,DD-R01,Nuts,Raw materials,V01,Foodbroker Inc.,1.83,EUR
125,.1~126,126,D3,01,13,01/13,2024-01-13T00:00:00,3,13,DD-R02,Blueberries,Raw materials,V01,Foodbroker Inc.,3.96,EUR
126,.1~127,127,D3,01,13,01/13,2024-01-13T00:00:00,3,13,DD-R03,Strawberries,Raw materials,V01,Foodbroker Inc.,4.25,EUR
127,.1~128,128,D3,01,13,01/13,2024-01-13T00:00:00,3,13,DD-R04,Raisins,Raw materials,V01,Foodbroker Inc.,1.23,EUR
128,.1~129,129,D3,01,13,01/13,2024-01-13T00:00:00,3,13,DD-R05,Wheat,Raw materials,V01,Foodbroker Inc.,0.92,EUR
129,.1~130,130,D3,01,13,01/13,2024-01-13T00:00:00,3,13,DD-R06,Oats,Raw materials,V01,Foodbroker Inc.,0.78,EUR
130,.1~131,131,D3,01,14,01/14,2024-01-14T00:00:00,3,14,DD-P01,Large Box (1kg),Raw materials,V02,Continental Printing Co.,0.28,EUR
131,.1~132,132,D3,01,14,01/14,2024-01-14T00:00:00,3,14,DD-P02,Large Bag (1kg),Raw materials,V02,Continental Printing Co.,0.12,EUR
132,.1~133,133,D3,01,14,01/14,2024-01-14T00:00:00,3,14,DD-P03,Small Box (500g),Raw materials,V02,Continental Printing Co.,0.21,EUR
133,.1~134,134,D3,01,14,01/14,2024-01-14T00:00:00,3,14,DD-P04,Small Bag (500g),Raw materials,V02,Continental Printing Co.,0.09,EUR
134,.1~135,135,D3,01,14,01/14,2024-01-14T00:00:00,3,14,DD-R01,Nuts,Raw materials,V01,Foodbroker Inc.,1.83,EUR
135,.1~136,136,D3,01,14,01/14,2024-01-14T00:00:00,3,14,DD-R02,Blueberries,Raw materials,V01,Foodbroker Inc.,3.96,EUR
136,.1~137,137,D3,01,14,01/14,2024-01-14T00:00:00,3,14,DD-R03,Strawberries,Raw materials,V01,Foodbroker Inc.,4.25,EUR
137,.1~138,138,D3,01,14,01/14,2024-01-14T00:00:00,3,14,DD-R04,Raisins,Raw materials,V01,Foodbroker Inc.,1.23,EUR
138,.1~139,139,D3,01,14,01/14,2024-01-14T00:00:00,3,14,DD-R05,Wheat,Raw materials,V01,Foodbroker Inc.,0.92,EUR
139,.1~140,140,D3,01,14,01/14,2024-01-14T00:00:00,3,14,DD-R06,Oats,Raw materials,V01,Foodbroker Inc.,0.78,EUR
140,.1~141,141,D3,01,15,01/15,2024-01-15T00:00:00,3,15,DD-P01,Large Box (1kg),Raw materials,V02,Continental Printing Co.,0.28,EUR
141,.1~142,142,D3,01,15,01/15,2024-01-15T00:00:00,3,15,DD-P02,Large Bag (1kg),Raw materials,V02,Continental Printing Co.,0.12,EUR
142,.1~143,143,D3,01,15,01/15,2024-01-15T00:00:00,3,15,DD-P03,Small Box (500g),Raw materials,V02,Continental Printing Co.,0.21,EUR
143,.1~144,144,D3,01,15,01/15,2024-01-15T00:00:00,3,15,DD-P04,Small Bag (500g),Raw materials,V02,Continental Printing Co.,0.09,EUR
144,.1~145,145,D3,01,15,01/15,2024-01-15T00:00:00,3,15,DD-R01,Nuts,Raw materials,V01,Foodbroker Inc.,1.83,EUR
145,.1~146,146,D3,01,15,01/15,2024-01-15T00:00:00,3,15,DD-R02,Blueberries,Raw materials,V01,Foodbroker Inc.,3.96,EUR
146,.1~147,147,D3,01,15,01/15,2024-01-15T00:00:00,3,15,DD-R03,Strawberries,Raw materials,V01,Foodbroker Inc.,4.25,EUR
147,.1~148,148,D3,01,15,01/15,2024-01-15T00:00:00,3,15,DD-R04,Raisins,Raw materials,V01,Foodbroker Inc.,1.23,EUR
148,.1~149,149,D3,01,15,01/15,2024-01-15T00:00:00,3,15,DD-R05,Wheat,Raw materials,V01,Foodbroker Inc.,0.92,EUR
149,.1~150,150,D3,01,15,01/15,2024-01-15T00:00:00,3,15,DD-R06,Oats,Raw materials,V01,Foodbroker Inc.,0.78,EUR
150,.1~151,151,D3,01,16,01/16,2024-01-16T00:00:00,4,16,DD-P01,Large Box (1kg),Raw materials,V02,Continental Printing Co.,0.28,EUR
151,.1~152,152,D3,01,16,01/16,2024-01-16T00:00:00,4,16,DD-P02,Large Bag (1kg),Raw materials,V02,Continental Printing Co.,0.12,EUR
152,.1~153,153,D3,01,16,01/16,2024-01-16T00:00:00,4,16,DD-P03,Small Box (500g),Raw materials,V02,Continental Printing Co.,0.21,EUR
153,.1~154,154,D3,01,16,01/16,2024-01-16T00:00:00,4,16,DD-P04,Small Bag (500g),Raw materials,V02,Continental Printing Co.,0.09,EUR
154,.1~155,155,D3,01,16,01/16,2024-01-16T00:00:00,4,16,DD-R01,Nuts,Raw materials,V01,Foodbroker Inc.,1.87,EUR
155,.1~156,156,D3,01,16,01/16,2024-01-16T00:00:00,4,16,DD-R02,Blueberries,Raw materials,V01,Foodbroker Inc.,4.01,EUR
156,.1~157,157,D3,01,16,01/16,2024-01-16T00:00:00,4,16,DD-R03,Strawberries,Raw materials,V01,Foodbroker Inc.,4.27,EUR
157,.1~158,158,D3,01,16,01/16,2024-01-16T00:00:00,4,16,DD-R04,Raisins,Raw materials,V01,Foodbroker Inc.,1.34,EUR
158,.1~159,159,D3,01,16,01/16,2024-01-16T00:00:00,4,16,DD-R05,Wheat,Raw materials,V01,Foodbroker Inc.,0.90,EUR
159,.1~160,160,D3,01,16,01/16,2024-01-16T00:00:00,4,16,DD-R06,Oats,Raw materials,V01,Foodbroker Inc.,0.75,EUR
160,.1~161,161,D3,01,17,01/17,2024-01-17T00:00:00,4,17,DD-P01,Large Box (1kg),Raw materials,V02,Continental Printing Co.,0.28,EUR
161,.1~162,162,D3,01,17,01/17,2024-01-17T00:00:00,4,17,DD-P02,Large Bag (1kg),Raw materials,V02,Continental Printing Co.,0.12,EUR
162,.1~163,163,D3,01,17,01/17,2024-01-17T00:00:00,4,17,DD-P03,Small Box (500g),Raw materials,V02,Continental Printing Co.,0.21,EUR
163,.1~164,164,D3,01,17,01/17,2024-01-17T00:00:00,4,17,DD-P04,Small Bag (500g),Raw materials,V02,Continental Printing Co.,0.09,EUR
164,.1~165,165,D3,01,17,01/17,2024-01-17T00:00:00,4,17,DD-R01,Nuts,Raw materials,V01,Foodbroker Inc.,1.87,EUR
165,.1~166,166,D3,01,17,01/17,2024-01-17T00:00:00,4,17,DD-R02,Blueberries,Raw materials,V01,Foodbroker Inc.,4.01,EUR
166,.1~167,167,D3,01,17,01/17,2024-01-17T00:00:00,4,17,DD-R03,Strawberries,Raw materials,V01,Foodbroker Inc.,4.27,EUR
167,.1~168,168,D3,01,17,01/17,2024-01-17T00:00:00,4,17,DD-R04,Raisins,Raw materials,V01,Foodbroker Inc.,1.34,EUR
168,.1~169,169,D3,01,17,01/17,2024-01-17T00:00:00,4,17,DD-R05,Wheat,Raw materials,V01,Foodbroker Inc.,0.90,EUR
169,.1~170,170,D3,01,17,01/17,2024-01-17T00:00:00,4,17,DD-R06,Oats,Raw materials,V01,Foodbroker Inc.,0.75,EUR
170,.1~171,171,D3,01,18,01/18,2024-01-18T00:00:00,4,18,DD-P01,Large Box (1kg),Raw materials,V02,Continental Printing Co.,0.28,EUR
171,.1~172,172,D3,01,18,01/18,2024-01-18T00:00:00,4,18,DD-P02,Large Bag (1kg),Raw materials,V02,Continental Printing Co.,0.12,EUR
172,.1~173,173,D3,01,18,01/18,2024-01-18T00:00:00,4,18,DD-P03,Small Box (500g),Raw materials,V02,Continental Printing Co.,0.21,EUR
173,.1~174,174,D3,01,18,01/18,2024-01-18T00:00:00,4,18,DD-P04,Small Bag (500g),Raw materials,V02,Continental Printing Co.,0.09,EUR
174,.1~175,175,D3,01,18,01/18,2024-01-18T00:00:00,4,18,DD-R01,Nuts,Raw materials,V01,Foodbroker Inc.,1.87,EUR
175,.1~176,176,D3,01,18,01/18,2024-01-18T00:00:00,4,18,DD-R02,Blueberries,Raw materials,V01,Foodbroker Inc.,4.01,EUR
176,.1~177,177,D3,01,18,01/18,2024-01-18T00:00:00,4,18,DD-R03,Strawberries,Raw materials,V01,Foodbroker Inc.,4.27,EUR
177,.1~178,178,D3,01,18,01/18,2024-01-18T00:00:00,4,18,DD-R04,Raisins,Raw materials,V01,Foodbroker Inc.,1.34,EUR
178,.1~179,179,D3,01,18,01/18,2024-01-18T00:00:00,4,18,DD-R05,Wheat,Raw materials,V01,Foodbroker Inc.,0.90,EUR
179,.1~180,180,D3,01,18,01/18,2024-01-18T00:00:00,4,18,DD-R06,Oats,Raw materials,V01,Foodbroker Inc.,0.75,EUR
180,.1~181,181,D3,01,19,01/19,2024-01-19T00:00:00,4,19,DD-P01,Large Box (1kg),Raw materials,V02,Continental Printing Co.,0.28,EUR
181,.1~182,182,D3,01,19,01/19,2024-01-19T00:00:00,4,19,DD-P02,Large Bag (1kg),Raw materials,V02,Continental Printing Co.,0.12,EUR
182,.1~183,183,D3,01,19,01/19,2024-01-19T00:00:00,4,19,DD-P03,Small Box (500g),Raw materials,V02,Continental Printing Co.,0.21,EUR
183,.1~184,184,D3,01,19,01/19,2024-01-19T00:00:00,4,19,DD-P04,Small Bag (500g),Raw materials,V02,Continental Printing Co.,0.09,EUR
184,.1~185,185,D3,01,19,01/19,2024-01-19T00:00:00,4,19,DD-R01,Nuts,Raw materials,V01,Foodbroker Inc.,1.87,EUR
185,.1~186,186,D3,01,19,01/19,2024-01-19T00:00:00,4,19,DD-R02,Blueberries,Raw materials,V01,Foodbroker Inc.,4.01,EUR
186,.1~187,187,D3,01,19,01/19,2024-01-19T00:00:00,4,19,DD-R03,Strawberries,Raw materials,V01,Foodbroker Inc.,4.27,EUR
187,.1~188,188,D3,01,19,01/19,2024-01-19T00:00:00,4,19,DD-R04,Raisins,Raw materials,V01,Foodbroker Inc.,1.34,EUR
188,.1~189,189,D3,01,19,01/19,2024-01-19T00:00:00,4,19,DD-R05,Wheat,Raw materials,V01,Foodbroker Inc.,0.90,EUR
189,.1~190,190,D3,01,19,01/19,2024-01-19T00:00:00,4,19,DD-R06,Oats,Raw materials,V01,Foodbroker Inc.,0.75,EUR
190,.1~191,191,D3,01,20,01/20,2024-01-20T00:00:00,4,20,DD-P01,Large Box (1kg),Raw materials,V02,Continental Printing Co.,0.28,EUR
191,.1~192,192,D3,01,20,01/20,2024-01-20T00:00:00,4,20,DD-P02,Large Bag (1kg),Raw materials,V02,Continental Printing Co.,0.12,EUR
192,.1~193,193,D3,01,20,01/20,2024-01-20T00:00:00,4,20,DD-P03,Small Box (500g),Raw materials,V02,Continental Printing Co.,0.21,EUR
193,.1~194,194,D3,01,20,01/20,2024-01-20T00:00:00,4,20,DD-P04,Small Bag (500g),Raw materials,V02,Continental Printing Co.,0.09,EUR
194,.1~195,195,D3,01,20,01/20,2024-01-20T00:00:00,4,20,DD-R01,Nuts,Raw materials,V01,Foodbroker Inc.,1.87,EUR
195,.1~196,196,D3,01,20,01/20,2024-01-20T00:00:00,4,20,DD-R02,Blueberries,Raw materials,V01,Foodbroker Inc.,4.01,EUR
196,.1~197,197,D3,01,20,01/20,2024-01-20T00:00:00,4,20,DD-R03,Strawberries,Raw materials,V01,Foodbroker Inc.,4.27,EUR
197,.1~198,198,D3,01,20,01/20,2024-01-20T00:00:00,4,20,DD-R04,Raisins,Raw materials,V01,Foodbroker Inc.,1.34,EUR
198,.1~199,199,D3,01,20,01/20,2024-01-20T00:00:00,4,20,DD-R05,Wheat,Raw materials,V01,Foodbroker Inc.,0.90,EUR
199,.1~200,200,D3,01,20,01/20,2024-01-20T00:00:00,4,20,DD-R06,Oats,Raw materials,V01,Foodbroker Inc.,0.75,EUR
200,.1~201,201,D3,02,01,02/01,2024-01-21T00:00:00,5,21,DD-P01,Large Box (1kg),Raw materials,V02,Continental Printing Co.,0.28,EUR
201,.1~202,202,D3,02,01,02/01,2024-01-21T00:00:00,5,21,DD-P02,Large Bag (1kg),Raw materials,V02,Continental Printing Co.,0.12,EUR
202,.1~203,203,D3,02,01,02/01,2024-01-21T00:00:00,5,21,DD-P03,Small Box (500g),Raw materials,V02,Continental Printing Co.,0.21,EUR
203,.1~204,204,D3,02,01,02/01,2024-01-21T00:00:00,5,21,DD-P04,Small Bag (500g),Raw materials,V02,Continental Printing Co.,0.09,EUR
204,.1~205,205,D3,02,01,02/01,2024-01-21T00:00:00,5,21,DD-R01,Nuts,Raw materials,V01,Foodbroker Inc.,1.90,EUR
205,.1~206,206,D3,02,01,02/01,2024-01-21T00:00:00,5,21,DD-R02,Blueberries,Raw materials,V01,Foodbroker Inc.,4.13,EUR
206,.1~207,207,D3,02,01,02/01,2024-01-21T00:00:00,5,21,DD-R03,Strawberries,Raw materials,V01,Foodbroker Inc.,4.36,EUR
207,.1~208,208,D3,02,01,02/01,2024-01-21T00:00:00,5,21,DD-R04,Raisins,Raw materials,V01,Foodbroker Inc.,1.46,EUR
208,.1~209,209,D3,02,01,02/01,2024-01-21T00:00:00,5,21,DD-R05,Wheat,Raw materials,V01,Foodbroker Inc.,0.89,EUR
209,.1~210,210,D3,02,01,02/01,2024-01-21T00:00:00,5,21,DD-R06,Oats,Raw materials,V01,Foodbroker Inc.,0.77,EUR
210,.1~211,211,D3,02,02,02/02,2024-01-22T00:00:00,5,22,DD-P01,Large Box (1kg),Raw materials,V02,Continental Printing Co.,0.28,EUR
211,.1~212,212,D3,02,02,02/02,2024-01-22T00:00:00,5,22,DD-P02,Large Bag (1kg),Raw materials,V02,Continental Printing Co.,0.12,EUR
212,.1~213,213,D3,02,02,02/02,2024-01-22T00:00:00,5,22,DD-P03,Small Box (500g),Raw materials,V02,Continental Printing Co.,0.21,EUR
213,.1~214,214,D3,02,02,02/02,2024-01-22T00:00:00,5,22,DD-P04,Small Bag (500g),Raw materials,V02,Continental Printing Co.,0.09,EUR
214,.1~215,215,D3,02,02,02/02,2024-01-22T00:00:00,5,22,DD-R01,Nuts,Raw materials,V01,Foodbroker Inc.,1.90,EUR
215,.1~216,216,D3,02,02,02/02,2024-01-22T00:00:00,5,22,DD-R02,Blueberries,Raw materials,V01,Foodbroker Inc.,4.13,EUR
216,.1~217,217,D3,02,02,02/02,2024-01-22T00:00:00,5,22,DD-R03,Strawberries,Raw materials,V01,Foodbroker Inc.,4.36,EUR
217,.1~218,218,D3,02,02,02/02,2024-01-22T00:00:00,5,22,DD-R04,Raisins,Raw materials,V01,Foodbroker Inc.,1.46,EUR
218,.1~219,219,D3,02,02,02/02,2024-01-22T00:00:00,5,22,DD-R05,Wheat,Raw materials,V01,Foodbroker Inc.,0.89,EUR
219,.1~220,220,D3,02,02,02/02,2024-01-22T00:00:00,5,22,DD-R06,Oats,Raw materials,V01,Foodbroker Inc.,0.77,EUR
220,.1~221,221,D3,02,03,02/03,2024-01-23T00:00:00,5,23,DD-P01,Large Box (1kg),Raw materials,V02,Continental Printing Co.,0.28,EUR
221,.1~222,222,D3,02,03,02/03,2024-01-23T00:00:00,5,23,DD-P02,Large Bag (1kg),Raw materials,V02,Continental Printing Co.,0.12,EUR
222,.1~223,223,D3,02,03,02/03,2024-01-23T00:00:00,5,23,DD-P03,Small Box (500g),Raw materials,V02,Continental Printing Co.,0.21,EUR
223,.1~224,224,D3,02,03,02/03,2024-01-23T00:00:00,5,23,DD-P04,Small Bag (500g),Raw materials,V02,Continental Printing Co.,0.09,EUR
224,.1~225,225,D3,02,03,02/03,2024-01-23T00:00:00,5,23,DD-R01,Nuts,Raw materials,V01,Foodbroker Inc.,1.90,EUR
225,.1~226,226,D3,02,03,02/03,2024-01-23T00:00:00,5,23,DD-R02,Blueberries,Raw materials,V01,Foodbroker Inc.,4.13,EUR
226,.1~227,227,D3,02,03,02/03,2024-01-23T00:00:00,5,23,DD-R03,Strawberries,Raw materials,V01,Foodbroker Inc.,4.36,EUR
227,.1~228,228,D3,02,03,02/03,2024-01-23T00:00:00,5,23,DD-R04,Raisins,Raw materials,V01,Foodbroker Inc.,1.46,EUR
228,.1~229,229,D3,02,03,02/03,2024-01-23T00:00:00,5,23,DD-R05,Wheat,Raw materials,V01,Foodbroker Inc.,0.89,EUR
229,.1~230,230,D3,02,03,02/03,2024-01-23T00:00:00,5,23,DD-R06,Oats,Raw materials,V01,Foodbroker Inc.,0.77,EUR
230,.1~231,231,D3,02,04,02/04,2024-01-24T00:00:00,5,24,DD-P01,Large Box (1kg),Raw materials,V02,Continental Printing Co.,0.28,EUR
231,.1~232,232,D3,02,04,02/04,2024-01-24T00:00:00,5,24,DD-P02,Large Bag (1kg),Raw materials,V02,Continental Printing Co.,0.12,EUR
232,.1~233,233,D3,02,04,02/04,2024-01-24T00:00:00,5,24,DD-P03,Small Box (500g),Raw materials,V02,Continental Printing Co.,0.21,EUR
233,.1~234,234,D3,02,04,02/04,2024-01-24T00:00:00,5,24,DD-P04,Small Bag (500g),Raw materials,V02,Continental Printing Co.,0.09,EUR
234,.1~235,235,D3,02,04,02/04,2024-01-24T00:00:00,5,24,DD-R01,Nuts,Raw materials,V01,Foodbroker Inc.,1.90,EUR
235,.1~236,236,D3,02,04,02/04,2024-01-24T00:00:00,5,24,DD-R02,Blueberries,Raw materials,V01,Foodbroker Inc.,4.13,EUR
236,.1~237,237,D3,02,04,02/04,2024-01-24T00:00:00,5,24,DD-R03,Strawberries,Raw materials,V01,Foodbroker Inc.,4.36,EUR
237,.1~238,238,D3,02,04,02/04,2024-01-24T00:00:00,5,24,DD-R04,Raisins,Raw materials,V01,Foodbroker Inc.,1.46,EUR
238,.1~239,239,D3,02,04,02/04,2024-01-24T00:00:00,5,24,DD-R05,Wheat,Raw materials,V01,Foodbroker Inc.,0.89,EUR
239,.1~240,240,D3,02,04,02/04,2024-01-24T00:00:00,5,24,DD-R06,Oats,Raw materials,V01,Foodbroker Inc.,0.77,EUR
240,.1~241,241,D3,02,05,02/05,2024-01-25T00:00:00,5,25,DD-P01,Large Box (1kg),Raw materials,V02,Continental Printing Co.,0.28,EUR
241,.1~242,242,D3,02,05,02/05,2024-01-25T00:00:00,5,25,DD-P02,Large Bag (1kg),Raw materials,V02,Continental Printing Co.,0.12,EUR
242,.1~243,243,D3,02,05,02/05,2024-01-25T00:00:00,5,25,DD-P03,Small Box (500g),Raw materials,V02,Continental Printing Co.,0.21,EUR
243,.1~244,244,D3,02,05,02/05,2024-01-25T00:00:00,5,25,DD-P04,Small Bag (500g),Raw materials,V02,Continental Printing Co.,0.09,EUR
244,.1~245,245,D3,02,05,02/05,2024-01-25T00:00:00,5,25,DD-R01,Nuts,Raw materials,V01,Foodbroker Inc.,1.90,EUR
245,.1~246,246,D3,02,05,02/05,2024-01-25T00:00:00,5,25,DD-R02,Blueberries,Raw materials,V01,Foodbroker Inc.,4.13,EUR
246,.1~247,247,D3,02,05,02/05,2024-01-25T00:00:00,5,25,DD-R03,Strawberries,Raw materials,V01,Foodbroker Inc.,4.36,EUR
247,.1~248,248,D3,02,05,02/05,2024-01-25T00:00:00,5,25,DD-R04,Raisins,Raw materials,V01,Foodbroker Inc.,1.46,EUR
248,.1~249,249,D3,02,05,02/05,2024-01-25T00:00:00,5,25,DD-R05,Wheat,Raw materials,V01,Foodbroker Inc.,0.89,EUR
249,.1~250,250,D3,02,05,02/05,2024-01-25T00:00:00,5,25,DD-R06,Oats,Raw materials,V01,Foodbroker Inc.,0.77,EUR
250,.1~251,251,D3,02,06,02/06,2024-01-26T00:00:00,6,26,DD-P01,Large Box (1kg),Raw materials,V02,Continental Printing Co.,0.28,EUR
251,.1~252,252,D3,02,06,02/06,2024-01-26T00:00:00,6,26,DD-P02,Large Bag (1kg),Raw materials,V02,Continental Printing Co.,0.12,EUR
252,.1~253,253,D3,02,06,02/06,2024-01-26T00:00:00,6,26,DD-P03,Small Box (500g),Raw materials,V02,Continental Printing Co.,0.21,EUR
253,.1~254,254,D3,02,06,02/06,2024-01-26T00:00:00,6,26,DD-P04,Small Bag (500g),Raw materials,V02,Continental Printing Co.,0.09,EUR
254,.1~255,255,D3,02,06,02/06,2024-01-26T00:00:00,6,26,DD-R01,Nuts,Raw materials,V01,Foodbroker Inc.,1.95,EUR
255,.1~256,256,D3,02,06,02/06,2024-01-26T00:00:00,6,26,DD-R02,Blueberries,Raw materials,V01,Foodbroker Inc.,4.19,EUR
256,.1~257,257,D3,02,06,02/06,2024-01-26T00:00:00,6,26,DD-R03,Strawberries,Raw materials,V01,Foodbroker Inc.,4.43,EUR
257,.1~258,258,D3,02,06,02/06,2024-01-26T00:00:00,6,26,DD-R04,Raisins,Raw materials,V01,Foodbroker Inc.,1.48,EUR
258,.1~259,259,D3,02,06,02/06,2024-01-26T00:00:00,6,26,DD-R05,Wheat,Raw materials,V01,Foodbroker Inc.,0.87,EUR
259,.1~260,260,D3,02,06,02/06,2024-01-26T00:00:00,6,26,DD-R06,Oats,Raw materials,V01,Foodbroker Inc.,0.71,EUR
260,.1~261,261,D3,02,07,02/07,2024-01-27T00:00:00,6,27,DD-P01,Large Box (1kg),Raw materials,V02,Continental Printing Co.,0.28,EUR
261,.1~262,262,D3,02,07,02/07,2024-01-27T00:00:00,6,27,DD-P02,Large Bag (1kg),Raw materials,V02,Continental Printing Co.,0.12,EUR
262,.1~263,263,D3,02,07,02/07,2024-01-27T00:00:00,6,27,DD-P03,Small Box (500g),Raw materials,V02,Continental Printing Co.,0.21,EUR
263,.1~264,264,D3,02,07,02/07,2024-01-27T00:00:00,6,27,DD-P04,Small Bag (500g),Raw materials,V02,Continental Printing Co.,0.09,EUR
264,.1~265,265,D3,02,07,02/07,2024-01-27T00:00:00,6,27,DD-R01,Nuts,Raw materials,V01,Foodbroker Inc.,1.95,EUR
265,.1~266,266,D3,02,07,02/07,2024-01-27T00:00:00,6,27,DD-R02,Blueberries,Raw materials,V01,Foodbroker Inc.,4.19,EUR
266,.1~267,267,D3,02,07,02/07,2024-01-27T00:00:00,6,27,DD-R03,Strawberries,Raw materials,V01,Foodbroker Inc.,4.43,EUR
267,.1~268,268,D3,02,07,02/07,2024-01-27T00:00:00,6,27,DD-R04,Raisins,Raw materials,V01,Foodbroker Inc.,1.48,EUR
268,.1~269,269,D3,02,07,02/07,2024-01-27T00:00:00,6,27,DD-R05,Wheat,Raw materials,V01,Foodbroker Inc.,0.87,EUR
269,.1~270,270,D3,02,07,02/07,2024-01-27T00:00:00,6,27,DD-R06,Oats,Raw materials,V01,Foodbroker Inc.,0.71,EUR
270,.1~271,271,D3,02,08,02/08,2024-01-28T00:00:00,6,28,DD-P01,Large Box (1kg),Raw materials,V02,Continental Printing Co.,0.28,EUR
271,.1~272,272,D3,02,08,02/08,2024-01-28T00:00:00,6,28,DD-P02,Large Bag (1kg),Raw materials,V02,Continental Printing Co.,0.12,EUR
272,.1~273,273,D3,02,08,02/08,2024-01-28T00:00:00,6,28,DD-P03,Small Box (500g),Raw materials,V02,Continental Printing Co.,0.21,EUR
273,.1~274,274,D3,02,08,02/08,2024-01-28T00:00:00,6,28,DD-P04,Small Bag (500g),Raw materials,V02,Continental Printing Co.,0.09,EUR
274,.1~275,275,D3,02,08,02/08,2024-01-28T00:00:00,6,28,DD-R01,Nuts,Raw materials,V01,Foodbroker Inc.,1.95,EUR
275,.1~276,276,D3,02,08,02/08,2024-01-28T00:00:00,6,28,DD-R02,Blueberries,Raw materials,V01,Foodbroker Inc.,4.19,EUR
276,.1~277,277,D3,02,08,02/08,2024-01-28T00:00:00,6,28,DD-R03,Strawberries,Raw materials,V01,Foodbroker Inc.,4.43,EUR
277,.1~278,278,D3,02,08,02/08,2024-01-28T00:00:00,6,28,DD-R04,Raisins,Raw materials,V01,Foodbroker Inc.,1.48,EUR
278,.1~279,279,D3,02,08,02/08,2024-01-28T00:00:00,6,28,DD-R05,Wheat,Raw materials,V01,Foodbroker Inc.,0.87,EUR
279,.1~280,280,D3,02,08,02/08,2024-01-28T00:00:00,6,28,DD-R06,Oats,Raw materials,V01,Foodbroker Inc.,0.71,EUR
280,.1~281,281,D3,02,09,02/09,2024-01-29T00:00:00,6,29,DD-P01,Large Box (1kg),Raw materials,V02,Continental Printing Co.,0.28,EUR
281,.1~282,282,D3,02,09,02/09,2024-01-29T00:00:00,6,29,DD-P02,Large Bag (1kg),Raw materials,V02,Continental Printing Co.,0.12,EUR
282,.1~283,283,D3,02,09,02/09,2024-01-29T00:00:00,6,29,DD-P03,Small Box (500g),Raw materials,V02,Continental Printing Co.,0.21,EUR
283,.1~284,284,D3,02,09,02/09,2024-01-29T00:00:00,6,29,DD-P04,Small Bag (500g),Raw materials,V02,Continental Printing Co.,0.09,EUR
284,.1~285,285,D3,02,09,02/09,2024-01-29T00:00:00,6,29,DD-R01,Nuts,Raw materials,V01,Foodbroker Inc.,1.95,EUR
285,.1~286,286,D3,02,09,02/09,2024-01-29T00:00:00,6,29,DD-R02,Blueberries,Raw materials,V01,Foodbroker Inc.,4.19,EUR
286,.1~287,287,D3,02,09,02/09,2024-01-29T00:00:00,6,29,DD-R03,Strawberries,Raw materials,V01,Foodbroker Inc.,4.43,EUR
287,.1~288,288,D3,02,09,02/09,2024-01-29T00:00:00,6,29,DD-R04,Raisins,Raw materials,V01,Foodbroker Inc.,1.48,EUR
288,.1~289,289,D3,02,09,02/09,2024-01-29T00:00:00,6,29,DD-R05,Wheat,Raw materials,V01,Foodbroker Inc.,0.87,EUR
289,.1~290,290,D3,02,09,02/09,2024-01-29T00:00:00,6,29,DD-R06,Oats,Raw materials,V01,Foodbroker Inc.,0.71,EUR
290,.1~291,291,D3,02,10,02/10,2024-01-30T00:00:00,6,30,DD-P01,Large Box (1kg),Raw materials,V02,Continental Printing Co.,0.28,EUR
291,.1~292,292,D3,02,10,02/10,2024-01-30T00:00:00,6,30,DD-P02,Large Bag (1kg),Raw materials,V02,Continental Printing Co.,0.12,EUR
292,.1~293,293,D3,02,10,02/10,2024-01-30T00:00:00,6,30,DD-P03,Small Box (500g),Raw materials,V02,Continental Printing Co.,0.21,EUR
293,.1~294,294,D3,02,10,02/10,2024-01-30T00:00:00,6,30,DD-P04,Small Bag (500g),Raw materials,V02,Continental Printing Co.,0.09,EUR
294,.1~295,295,D3,02,10,02/10,2024-01-30T00:00:00,6,30,DD-R01,Nuts,Raw materials,V01,Foodbroker Inc.,1.95,EUR
295,.1~296,296,D3,02,10,02/10,2024-01-30T00:00:00,6,30,DD-R02,Blueberries,Raw materials,V01,Foodbroker Inc.,4.19,EUR
296,.1~297,297,D3,02,10,02/10,2024-01-30T00:00:00,6,30,DD-R03,Strawberries,Raw materials,V01,Foodbroker Inc.,4.43,EUR
297,.1~298,298,D3,02,10,02/10,2024-01-30T00:00:00,6,30,DD-R04,Raisins,Raw materials,V01,Foodbroker Inc.,1.48,EUR
298,.1~299,299,D3,02,10,02/10,2024-01-30T00:00:00,6,30,DD-R05,Wheat,Raw materials,V01,Foodbroker Inc.,0.87,EUR
299,.1~300,300,D3,02,10,02/10,2024-01-30T00:00:00,6,30,DD-R06,Oats,Raw materials,V01,Foodbroker Inc.,0.71,EUR
300,.1~301,301,D3,02,11,02/11,2024-01-31T00:00:00,7,31,DD-P01,Large Box (1kg),Raw materials,V02,Continental Printing Co.,0.28,EUR
301,.1~302,302,D3,02,11,02/11,2024-01-31T00:00:00,7,31,DD-P02,Large Bag (1kg),Raw materials,V02,Continental Printing Co.,0.12,EUR
302,.1~303,303,D3,02,11,02/11,2024-01-31T00:00:00,7,31,DD-P03,Small Box (500g),Raw materials,V02,Continental Printing Co.,0.21,EUR
303,.1~304,304,D3,02,11,02/11,2024-01-31T00:00:00,7,31,DD-P04,Small Bag (500g),Raw materials,V02,Continental Printing Co.,0.09,EUR
304,.1~305,305,D3,02,11,02/11,2024-01-31T00:00:00,7,31,DD-R01,Nuts,Raw materials,V01,Foodbroker Inc.,1.85,EUR
305,.1~306,306,D3,02,11,02/11,2024-01-31T00:00:00,7,31,DD-R02,Blueberries,Raw materials,V01,Foodbroker Inc.,4.22,EUR
306,.1~307,307,D3,02,11,02/11,2024-01-31T00:00:00,7,31,DD-R03,Strawberries,Raw materials,V01,Foodbroker Inc.,4.47,EUR
307,.1~308,308,D3,02,11,02/11,2024-01-31T00:00:00,7,31,DD-R04,Raisins,Raw materials,V01,Foodbroker Inc.,1.56,EUR
308,.1~309,309,D3,02,11,02/11,2024-01-31T00:00:00,7,31,DD-R05,Wheat,Raw materials,V01,Foodbroker Inc.,0.86,EUR
309,.1~310,310,D3,02,11,02/11,2024-01-31T00:00:00,7,31,DD-R06,Oats,Raw materials,V01,Foodbroker Inc.,0.69,EUR
310,.1~311,311,D3,02,12,02/12,2024-02-01T00:00:00,7,32,DD-P01,Large Box (1kg),Raw materials,V02,Continental Printing Co.,0.28,EUR
311,.1~312,312,D3,02,12,02/12,2024-02-01T00:00:00,7,32,DD-P02,Large Bag (1kg),Raw materials,V02,Continental Printing Co.,0.12,EUR
312,.1~313,313,D3,02,12,02/12,2024-02-01T00:00:00,7,32,DD-P03,Small Box (500g),Raw materials,V02,Continental Printing Co.,0.21,EUR
313,.1~314,314,D3,02,12,02/12,2024-02-01T00:00:00,7,32,DD-P04,Small Bag (500g),Raw materials,V02,Continental Printing Co.,0.09,EUR
314,.1~315,315,D3,02,12,02/12,2024-02-01T00:00:00,7,32,DD-R01,Nuts,Raw materials,V01,Foodbroker Inc.,1.85,EUR
315,.1~316,316,D3,02,12,02/12,2024-02-01T00:00:00,7,32,DD-R02,Blueberries,Raw materials,V01,Foodbroker Inc.,4.22,EUR
316,.1~317,317,D3,02,12,02/12,2024-02-01T00:00:00,7,32,DD-R03,Strawberries,Raw materials,V01,Foodbroker Inc.,4.47,EUR
317,.1~318,318,D3,02,12,02/12,2024-02-01T00:00:00,7,32,DD-R04,Raisins,Raw materials,V01,Foodbroker Inc.,1.56,EUR
318,.1~319,319,D3,02,12,02/12,2024-02-01T00:00:00,7,32,DD-R05,Wheat,Raw materials,V01,Foodbroker Inc.,0.86,EUR
319,.1~320,320,D3,02,12,02/12,2024-02-01T00:00:00,7,32,DD-R06,Oats,Raw materials,V01,Foodbroker Inc.,0.69,EUR
320,.1~321,321,D3,02,13,02/13,2024-02-02T00:00:00,7,33,DD-P01,Large Box (1kg),Raw materials,V02,Continental Printing Co.,0.28,EUR
321,.1~322,322,D3,02,13,02/13,2024-02-02T00:00:00,7,33,DD-P02,Large Bag (1kg),Raw materials,V02,Continental Printing Co.,0.12,EUR
322,.1~323,323,D3,02,13,02/13,2024-02-02T00:00:00,7,33,DD-P03,Small Box (500g),Raw materials,V02,Continental Printing Co.,0.21,EUR
323,.1~324,324,D3,02,13,02/13,2024-02-02T00:00:00,7,33,DD-P04,Small Bag (500g),Raw materials,V02,Continental Printing Co.,0.09,EUR
324,.1~325,325,D3,02,13,02/13,2024-02-02T00:00:00,7,33,DD-R01,Nuts,Raw materials,V01,Foodbroker Inc.,1.85,EUR
325,.1~326,326,D3,02,13,02/13,2024-02-02T00:00:00,7,33,DD-R02,Blueberries,Raw materials,V01,Foodbroker Inc.,4.22,EUR
326,.1~327,327,D3,02,13,02/13,2024-02-02T00:00:00,7,33,DD-R03,Strawberries,Raw materials,V01,Foodbroker Inc.,4.47,EUR
327,.1~328,328,D3,02,13,02/13,2024-02-02T00:00:00,7,33,DD-R04,Raisins,Raw materials,V01,Foodbroker Inc.,1.56,EUR
328,.1~329,329,D3,02,13,02/13,2024-02-02T00:00:00,7,33,DD-R05,Wheat,Raw materials,V01,Foodbroker Inc.,0.86,EUR
329,.1~330,330,D3,02,13,02/13,2024-02-02T00:00:00,7,33,DD-R06,Oats,Raw materials,V01,Foodbroker Inc.,0.69,EUR
330,.1~331,331,D3,02,14,02/14,2024-02-03T00:00:00,7,34,DD-P01,Large Box (1kg),Raw materials,V02,Continental Printing Co.,0.28,EUR
331,.1~332,332,D3,02,14,02/14,2024-02-03T00:00:00,7,34,DD-P02,Large Bag (1kg),Raw materials,V02,Continental Printing Co.,0.12,EUR
332,.1~333,333,D3,02,14,02/14,2024-02-03T00:00:00,7,34,DD-P03,Small Box (500g),Raw materials,V02,Continental Printing Co.,0.21,EUR
333,.1~334,334,D3,02,14,02/14,2024-02-03T00:00:00,7,34,DD-P04,Small Bag (500g),Raw materials,V02,Continental Printing Co.,0.09,EUR
334,.1~335,335,D3,02,14,02/14,2024-02-03T00:00:00,7,34,DD-R01,Nuts,Raw materials,V01,Foodbroker Inc.,1.85,EUR
335,.1~336,336,D3,02,14,02/14,2024-02-03T00:00:00,7,34,DD-R02,Blueberries,Raw materials,V01,Foodbroker Inc.,4.22,EUR
336,.1~337,337,D3,02,14,02/14,2024-02-03T00:00:00,7,34,DD-R03,Strawberries,Raw materials,V01,Foodbroker Inc.,4.47,EUR
337,.1~338,338,D3,02,14,02/14,2024-02-03T00:00:00,7,34,DD-R04,Raisins,Raw materials,V01,Foodbroker Inc.,1.56,EUR
338,.1~339,339,D3,02,14,02/14,2024-02-03T00:00:00,7,34,DD-R05,Wheat,Raw materials,V01,Foodbroker Inc.,0.86,EUR
339,.1~340,340,D3,02,14,02/14,2024-02-03T00:00:00,7,34,DD-R06,Oats,Raw materials,V01,Foodbroker Inc.,0.69,EUR
340,.1~341,341,D3,02,15,02/15,2024-02-04T00:00:00,7,35,DD-P01,Large Box (1kg),Raw materials,V02,Continental Printing Co.,0.28,EUR
341,.1~342,342,D3,02,15,02/15,2024-02-04T00:00:00,7,35,DD-P02,Large Bag (1kg),Raw materials,V02,Continental Printing Co.,0.12,EUR
342,.1~343,343,D3,02,15,02/15,2024-02-04T00:00:00,7,35,DD-P03,Small Box (500g),Raw materials,V02,Continental Printing Co.,0.21,EUR
343,.1~344,344,D3,02,15,02/15,2024-02-04T00:00:00,7,35,DD-P04,Small Bag (500g),Raw materials,V02,Continental Printing Co.,0.09,EUR
344,.1~345,345,D3,02,15,02/15,2024-02-04T00:00:00,7,35,DD-R01,Nuts,Raw materials,V01,Foodbroker Inc.,1.85,EUR
345,.1~346,346,D3,02,15,02/15,2024-02-04T00:00:00,7,35,DD-R02,Blueberries,Raw materials,V01,Foodbroker Inc.,4.22,EUR
346,.1~347,347,D3,02,15,02/15,2024-02-04T00:00:00,7,35,DD-R03,Strawberries,Raw materials,V01,Foodbroker Inc.,4.47,EUR
347,.1~348,348,D3,02,15,02/15,2024-02-04T00:00:00,7,35,DD-R04,Raisins,Raw materials,V01,Foodbroker Inc.,1.56,EUR
348,.1~349,349,D3,02,15,02/15,2024-02-04T00:00:00,7,35,DD-R05,Wheat,Raw materials,V01,Foodbroker Inc.,0.86,EUR
349,.1~350,350,D3,02,15,02/15,2024-02-04T00:00:00,7,35,DD-R06,Oats,Raw materials,V01,Foodbroker Inc.,0.69,EUR
350,.1~351,351,D3,02,16,02/16,2024-02-05T00:00:00,8,36,DD-P01,Large Box (1kg),Raw materials,V02,Continental Printing Co.,0.28,EUR
351,.1~352,352,D3,02,16,02/16,2024-02-05T00:00:00,8,36,DD-P02,Large Bag (1kg),Raw materials,V02,Continental Printing Co.,0.12,EUR
352,.1~353,353,D3,02,16,02/16,2024-02-05T00:00:00,8,36,DD-P03,Small Box (500g),Raw materials,V02,Continental Printing Co.,0.21,EUR
353,.1~354,354,D3,02,16,02/16,2024-02-05T00:00:00,8,36,DD-P04,Small Bag (500g),Raw materials,V02,Continental Printing Co.,0.09,EUR
354,.1~355,355,D3,02,16,02/16,2024-02-05T00:00:00,8,36,DD-R01,Nuts,Raw materials,V01,Foodbroker Inc.,1.79,EUR
355,.1~356,356,D3,02,16,02/16,2024-02-05T00:00:00,8,36,DD-R02,Blueberries,Raw materials,V01,Foodbroker Inc.,4.29,EUR
356,.1~357,357,D3,02,16,02/16,2024-02-05T00:00:00,8,36,DD-R03,Strawberries,Raw materials,V01,Foodbroker Inc.,4.68,EUR
357,.1~358,358,D3,02,16,02/16,2024-02-05T00:00:00,8,36,DD-R04,Raisins,Raw materials,V01,Foodbroker Inc.,1.51,EUR
358,.1~359,359,D3,02,16,02/16,2024-02-05T00:00:00,8,36,DD-R05,Wheat,Raw materials,V01,Foodbroker Inc.,0.82,EUR
359,.1~360,360,D3,02,16,02/16,2024-02-05T00:00:00,8,36,DD-R06,Oats,Raw materials,V01,Foodbroker Inc.,0.67,EUR
360,.1~361,361,D3,02,17,02/17,2024-02-06T00:00:00,8,37,DD-P01,Large Box (1kg),Raw materials,V02,Continental Printing Co.,0.28,EUR
361,.1~362,362,D3,02,17,02/17,2024-02-06T00:00:00,8,37,DD-P02,Large Bag (1kg),Raw materials,V02,Continental Printing Co.,0.12,EUR
362,.1~363,363,D3,02,17,02/17,2024-02-06T00:00:00,8,37,DD-P03,Small Box (500g),Raw materials,V02,Continental Printing Co.,0.21,EUR
363,.1~364,364,D3,02,17,02/17,2024-02-06T00:00:00,8,37,DD-P04,Small Bag (500g),Raw materials,V02,Continental Printing Co.,0.09,EUR
364,.1~365,365,D3,02,17,02/17,2024-02-06T00:00:00,8,37,DD-R01,Nuts,Raw materials,V01,Foodbroker Inc.,1.79,EUR
365,.1~366,366,D3,02,17,02/17,2024-02-06T00:00:00,8,37,DD-R02,Blueberries,Raw materials,V01,Foodbroker Inc.,4.29,EUR
366,.1~367,367,D3,02,17,02/17,2024-02-06T00:00:00,8,37,DD-R03,Strawberries,Raw materials,V01,Foodbroker Inc.,4.68,EUR
367,.1~368,368,D3,02,17,02/17,2024-02-06T00:00:00,8,37,DD-R04,Raisins,Raw materials,V01,Foodbroker Inc.,1.51,EUR
368,.1~369,369,D3,02,17,02/17,2024-02-06T00:00:00,8,37,DD-R05,Wheat,Raw materials,V01,Foodbroker Inc.,0.82,EUR
369,.1~370,370,D3,02,17,02/17,2024-02-06T00:00:00,8,37,DD-R06,Oats,Raw materials,V01,Foodbroker Inc.,0.67,EUR
370,.1~371,371,D3,02,18,02/18,2024-02-07T00:00:00,8,38,DD-P01,Large Box (1kg),Raw materials,V02,Continental Printing Co.,0.28,EUR
371,.1~372,372,D3,02,18,02/18,2024-02-07T00:00:00,8,38,DD-P02,Large Bag (1kg),Raw materials,V02,Continental Printing Co.,0.12,EUR
372,.1~373,373,D3,02,18,02/18,2024-02-07T00:00:00,8,38,DD-P03,Small Box (500g),Raw materials,V02,Continental Printing Co.,0.21,EUR
373,.1~374,374,D3,02,18,02/18,2024-02-07T00:00:00,8,38,DD-P04,Small Bag (500g),Raw materials,V02,Continental Printing Co.,0.09,EUR
374,.1~375,375,D3,02,18,02/18,2024-02-07T00:00:00,8,38,DD-R01,Nuts,Raw materials,V01,Foodbroker Inc.,1.79,EUR
375,.1~376,376,D3,02,18,02/18,2024-02-07T00:00:00,8,38,DD-R02,Blueberries,Raw materials,V01,Foodbroker Inc.,4.29,EUR
376,.1~377,377,D3,02,18,02/18,2024-02-07T00:00:00,8,38,DD-R03,Strawberries,Raw materials,V01,Foodbroker Inc.,4.68,EUR
377,.1~378,378,D3,02,18,02/18,2024-02-07T00:00:00,8,38,DD-R04,Raisins,Raw materials,V01,Foodbroker Inc.,1.51,EUR
378,.1~379,379,D3,02,18,02/18,2024-02-07T00:00:00,8,38,DD-R05,Wheat,Raw materials,V01,Foodbroker Inc.,0.82,EUR
379,.1~380,380,D3,02,18,02/18,2024-02-07T00:00:00,8,38,DD-R06,Oats,Raw materials,V01,Foodbroker Inc.,0.67,EUR
380,.1~381,381,D3,02,19,02/19,2024-02-08T00:00:00,8,39,DD-P01,Large Box (1kg),Raw materials,V02,Continental Printing Co.,0.28,EUR
381,.1~382,382,D3,02,19,02/19,2024-02-08T00:00:00,8,39,DD-P02,Large Bag (1kg),Raw materials,V02,Continental Printing Co.,0.12,EUR
382,.1~383,383,D3,02,19,02/19,2024-02-08T00:00:00,8,39,DD-P03,Small Box (500g),Raw materials,V02,Continental Printing Co.,0.21,EUR
383,.1~384,384,D3,02,19,02/19,2024-02-08T00:00:00,8,39,DD-P04,Small Bag (500g),Raw materials,V02,Continental Printing Co.,0.09,EUR
384,.1~385,385,D3,02,19,02/19,2024-02-08T00:00:00,8,39,DD-R01,Nuts,Raw materials,V01,Foodbroker Inc.,1.79,EUR
385,.1~386,386,D3,02,19,02/19,2024-02-08T00:00:00,8,39,DD-R02,Blueberries,Raw materials,V01,Foodbroker Inc.,4.29,EUR
386,.1~387,387,D3,02,19,02/19,2024-02-08T00:00:00,8,39,DD-R03,Strawberries,Raw materials,V01,Foodbroker Inc.,4.68,EUR
387,.1~388,388,D3,02,19,02/19,2024-02-08T00:00:00,8,39,DD-R04,Raisins,Raw materials,V01,Foodbroker Inc.,1.51,EUR
388,.1~389,389,D3,02,19,02/19,2024-02-08T00:00:00,8,39,DD-R05,Wheat,Raw materials,V01,Foodbroker Inc.,0.82,EUR
389,.1~390,390,D3,02,19,02/19,2024-02-08T00:00:00,8,39,DD-R06,Oats,Raw materials,V01,Foodbroker Inc.,0.67,EUR
390,.1~391,391,D3,02,20,02/20,2024-02-09T00:00:00,8,40,DD-P01,Large Box (1kg),Raw materials,V02,Continental Printing Co.,0.28,EUR
391,.1~392,392,D3,02,20,02/20,2024-02-09T00:00:00,8,40,DD-P02,Large Bag (1kg),Raw materials,V02,Continental Printing Co.,0.12,EUR
392,.1~393,393,D3,02,20,02/20,2024-02-09T00:00:00,8,40,DD-P03,Small Box (500g),Raw materials,V02,Continental Printing Co.,0.21,EUR
393,.1~394,394,D3,02,20,02/20,2024-02-09T00:00:00,8,40,DD-P04,Small Bag (500g),Raw materials,V02,Continental Printing Co.,0.09,EUR
394,.1~395,395,D3,02,20,02/20,2024-02-09T00:00:00,8,40,DD-R01,Nuts,Raw materials,V01,Foodbroker Inc.,1.79,EUR
395,.1~396,396,D3,02,20,02/20,2024-02-09T00:00:00,8,40,DD-R02,Blueberries,Raw materials,V01,Foodbroker Inc.,4.29,EUR
396,.1~397,397,D3,02,20,02/20,2024-02-09T00:00:00,8,40,DD-R03,Strawberries,Raw materials,V01,Foodbroker Inc.,4.68,EUR
397,.1~398,398,D3,02,20,02/20,2024-02-09T00:00:00,8,40,DD-R04,Raisins,Raw materials,V01,Foodbroker Inc.,1.51,EUR
398,.1~399,399,D3,02,20,02/20,2024-02-09T00:00:00,8,40,DD-R05,Wheat,Raw materials,V01,Foodbroker Inc.,0.82,EUR
399,.1~400,400,D3,02,20,02/20,2024-02-09T00:00:00,8,40,DD-R06,Oats,Raw materials,V01,Foodbroker Inc.,0.67,EUR
400,.1~401,401,D3,03,01,03/01,2024-02-10T00:00:00,9,41,DD-P01,Large Box (1kg),Raw materials,V02,Continental Printing Co.,0.28,EUR
401,.1~402,402,D3,03,01,03/01,2024-02-10T00:00:00,9,41,DD-P02,Large Bag (1kg),Raw materials,V02,Continental Printing Co.,0.12,EUR
402,.1~403,403,D3,03,01,03/01,2024-02-10T00:00:00,9,41,DD-P03,Small Box (500g),Raw materials,V02,Continental Printing Co.,0.21,EUR
403,.1~404,404,D3,03,01,03/01,2024-02-10T00:00:00,9,41,DD-P04,Small Bag (500g),Raw materials,V02,Continental Printing Co.,0.09,EUR
404,.1~405,405,D3,03,01,03/01,2024-02-10T00:00:00,9,41,DD-R01,Nuts,Raw materials,V01,Foodbroker Inc.,1.71,EUR
405,.1~406,406,D3,03,01,03/01,2024-02-10T00:00:00,9,41,DD-R02,Blueberries,Raw materials,V01,Foodbroker Inc.,4.18,EUR
406,.1~407,407,D3,03,01,03/01,2024-02-10T00:00:00,9,41,DD-R03,Strawberries,Raw materials,V01,Foodbroker Inc.,4.75,EUR
407,.1~408,408,D3,03,01,03/01,2024-02-10T00:00:00,9,41,DD-R04,Raisins,Raw materials,V01,Foodbroker Inc.,1.48,EUR
408,.1~409,409,D3,03,01,03/01,2024-02-10T00:00:00,9,41,DD-R05,Wheat,Raw materials,V01,Foodbroker Inc.,0.79,EUR
409,.1~410,410,D3,03,01,03/01,2024-02-10T00:00:00,9,41,DD-R06,Oats,Raw materials,V01,Foodbroker Inc.,0.66,EUR
410,.1~411,411,D3,03,02,03/02,2024-02-11T00:00:00,9,42,DD-P01,Large Box (1kg),Raw materials,V02,Continental Printing Co.,0.28,EUR
411,.1~412,412,D3,03,02,03/02,2024-02-11T00:00:00,9,42,DD-P02,Large Bag (1kg),Raw materials,V02,Continental Printing Co.,0.12,EUR
412,.1~413,413,D3,03,02,03/02,2024-02-11T00:00:00,9,42,DD-P03,Small Box (500g),Raw materials,V02,Continental Printing Co.,0.21,EUR
413,.1~414,414,D3,03,02,03/02,2024-02-11T00:00:00,9,42,DD-P04,Small Bag (500g),Raw materials,V02,Continental Printing Co.,0.09,EUR
414,.1~415,415,D3,03,02,03/02,2024-02-11T00:00:00,9,42,DD-R01,Nuts,Raw materials,V01,Foodbroker Inc.,1.71,EUR
415,.1~416,416,D3,03,02,03/02,2024-02-11T00:00:00,9,42,DD-R02,Blueberries,Raw materials,V01,Foodbroker Inc.,4.18,EUR
416,.1~417,417,D3,03,02,03/02,2024-02-11T00:00:00,9,42,DD-R03,Strawberries,Raw materials,V01,Foodbroker Inc.,4.75,EUR
417,.1~418,418,D3,03,02,03/02,2024-02-11T00:00:00,9,42,DD-R04,Raisins,Raw materials,V01,Foodbroker Inc.,1.48,EUR
418,.1~419,419,D3,03,02,03/02,2024-02-11T00:00:00,9,42,DD-R05,Wheat,Raw materials,V01,Foodbroker Inc.,0.79,EUR
419,.1~420,420,D3,03,02,03/02,2024-02-11T00:00:00,9,42,DD-R06,Oats,Raw materials,V01,Foodbroker Inc.,0.66,EUR
420,.1~421,421,D3,03,03,03/03,2024-02-12T00:00:00,9,43,DD-P01,Large Box (1kg),Raw materials,V02,Continental Printing Co.,0.28,EUR
421,.1~422,422,D3,03,03,03/03,2024-02-12T00:00:00,9,43,DD-P02,Large Bag (1kg),Raw materials,V02,Continental Printing Co.,0.12,EUR
422,.1~423,423,D3,03,03,03/03,2024-02-12T00:00:00,9,43,DD-P03,Small Box (500g),Raw materials,V02,Continental Printing Co.,0.21,EUR
423,.1~424,424,D3,03,03,03/03,2024-02-12T00:00:00,9,43,DD-P04,Small Bag (500g),Raw materials,V02,Continental Printing Co.,0.09,EUR
424,.1~425,425,D3,03,03,03/03,2024-02-12T00:00:00,9,43,DD-R01,Nuts,Raw materials,V01,Foodbroker Inc.,1.71,EUR
425,.1~426,426,D3,03,03,03/03,2024-02-12T00:00:00,9,43,DD-R02,Blueberries,Raw materials,V01,Foodbroker Inc.,4.18,EUR
426,.1~427,427,D3,03,03,03/03,2024-02-12T00:00:00,9,43,DD-R03,Strawberries,Raw materials,V01,Foodbroker Inc.,4.75,EUR
427,.1~428,428,D3,03,03,03/03,2024-02-12T00:00:00,9,43,DD-R04,Raisins,Raw materials,V01,Foodbroker Inc.,1.48,EUR
428,.1~429,429,D3,03,03,03/03,2024-02-12T00:00:00,9,43,DD-R05,Wheat,Raw materials,V01,Foodbroker Inc.,0.79,EUR
429,.1~430,430,D3,03,03,03/03,2024-02-12T00:00:00,9,43,DD-R06,Oats,Raw materials,V01,Foodbroker Inc.,0.66,EUR
430,.1~431,431,D3,03,04,03/04,2024-02-13T00:00:00,9,44,DD-P01,Large Box (1kg),Raw materials,V02,Continental Printing Co.,0.28,EUR
431,.1~432,432,D3,03,04,03/04,2024-02-13T00:00:00,9,44,DD-P02,Large Bag (1kg),Raw materials,V02,Continental Printing Co.,0.12,EUR
432,.1~433,433,D3,03,04,03/04,2024-02-13T00:00:00,9,44,DD-P03,Small Box (500g),Raw materials,V02,Continental Printing Co.,0.21,EUR
433,.1~434,434,D3,03,04,03/04,2024-02-13T00:00:00,9,44,DD-P04,Small Bag (500g),Raw materials,V02,Continental Printing Co.,0.09,EUR
434,.1~435,435,D3,03,04,03/04,2024-02-13T00:00:00,9,44,DD-R01,Nuts,Raw materials,V01,Foodbroker Inc.,1.71,EUR
435,.1~436,436,D3,03,04,03/04,2024-02-13T00:00:00,9,44,DD-R02,Blueberries,Raw materials,V01,Foodbroker Inc.,4.18,EUR
436,.1~437,437,D3,03,04,03/04,2024-02-13T00:00:00,9,44,DD-R03,Strawberries,Raw materials,V01,Foodbroker Inc.,4.75,EUR
437,.1~438,438,D3,03,04,03/04,2024-02-13T00:00:00,9,44,DD-R04,Raisins,Raw materials,V01,Foodbroker Inc.,1.48,EUR
438,.1~439,439,D3,03,04,03/04,2024-02-13T00:00:00,9,44,DD-R05,Wheat,Raw materials,V01,Foodbroker Inc.,0.79,EUR
439,.1~440,440,D3,03,04,03/04,2024-02-13T00:00:00,9,44,DD-R06,Oats,Raw materials,V01,Foodbroker Inc.,0.66,EUR
440,.1~441,441,D3,03,05,03/05,2024-02-14T00:00:00,9,45,DD-P01,Large Box (1kg),Raw materials,V02,Continental Printing Co.,0.28,EUR
441,.1~442,442,D3,03,05,03/05,2024-02-14T00:00:00,9,45,DD-P02,Large Bag (1kg),Raw materials,V02,Continental Printing Co.,0.12,EUR
442,.1~443,443,D3,03,05,03/05,2024-02-14T00:00:00,9,45,DD-P03,Small Box (500g),Raw materials,V02,Continental Printing Co.,0.21,EUR
443,.1~444,444,D3,03,05,03/05,2024-02-14T00:00:00,9,45,DD-P04,Small Bag (500g),Raw materials,V02,Continental Printing Co.,0.09,EUR
444,.1~445,445,D3,03,05,03/05,2024-02-14T00:00:00,9,45,DD-R01,Nuts,Raw materials,V01,Foodbroker Inc.,1.71,EUR
445,.1~446,446,D3,03,05,03/05,2024-02-14T00:00:00,9,45,DD-R02,Blueberries,Raw materials,V01,Foodbroker Inc.,4.18,EUR
446,.1~447,447,D3,03,05,03/05,2024-02-14T00:00:00,9,45,DD-R03,Strawberries,Raw materials,V01,Foodbroker Inc.,4.75,EUR
447,.1~448,448,D3,03,05,03/05,2024-02-14T00:00:00,9,45,DD-R04,Raisins,Raw materials,V01,Foodbroker Inc.,1.48,EUR
448,.1~449,449,D3,03,05,03/05,2024-02-14T00:00:00,9,45,DD-R05,Wheat,Raw materials,V01,Foodbroker Inc.,0.79,EUR
449,.1~450,450,D3,03,05,03/05,2024-02-14T00:00:00,9,45,DD-R06,Oats,Raw materials,V01,Foodbroker Inc.,0.66,EUR
450,.1~451,451,D3,03,06,03/06,2024-02-15T00:00:00,10,46,DD-P01,Large Box (1kg),Raw materials,V02,Continental Printing Co.,0.28,EUR
451,.1~452,452,D3,03,06,03/06,2024-02-15T00:00:00,10,46,DD-P02,Large Bag (1kg),Raw materials,V02,Continental Printing Co.,0.12,EUR
452,.1~453,453,D3,03,06,03/06,2024-02-15T00:00:00,10,46,DD-P03,Small Box (500g),Raw materials,V02,Continental Printing Co.,0.21,EUR
453,.1~454,454,D3,03,06,03/06,2024-02-15T00:00:00,10,46,DD-P04,Small Bag (500g),Raw materials,V02,Continental Printing Co.,0.09,EUR
454,.1~455,455,D3,03,06,03/06,2024-02-15T00:00:00,10,46,DD-R01,Nuts,Raw materials,V01,Foodbroker Inc.,1.66,EUR
455,.1~456,456,D3,03,06,03/06,2024-02-15T00:00:00,10,46,DD-R02,Blueberries,Raw materials,V01,Foodbroker Inc.,4.20,EUR
456,.1~457,457,D3,03,06,03/06,2024-02-15T00:00:00,10,46,DD-R03,Strawberries,Raw materials,V01,Foodbroker Inc.,4.92,EUR
457,.1~458,458,D3,03,06,03/06,2024-02-15T00:00:00,10,46,DD-R04,Raisins,Raw materials,V01,Foodbroker Inc.,1.43,EUR
458,.1~459,459,D3,03,06,03/06,2024-02-15T00:00:00,10,46,DD-R05,Wheat,Raw materials,V01,Foodbroker Inc.,0.80,EUR
459,.1~460,460,D3,03,06,03/06,2024-02-15T00:00:00,10,46,DD-R06,Oats,Raw materials,V01,Foodbroker Inc.,0.63,EUR
460,.1~461,461,D3,03,07,03/07,2024-02-16T00:00:00,10,47,DD-P01,Large Box (1kg),Raw materials,V02,Continental Printing Co.,0.28,EUR
461,.1~462,462,D3,03,07,03/07,2024-02-16T00:00:00,10,47,DD-P02,Large Bag (1kg),Raw materials,V02,Continental Printing Co.,0.12,EUR
462,.1~463,463,D3,03,07,03/07,2024-02-16T00:00:00,10,47,DD-P03,Small Box (500g),Raw materials,V02,Continental Printing Co.,0.21,EUR
463,.1~464,464,D3,03,07,03/07,2024-02-16T00:00:00,10,47,DD-P04,Small Bag (500g),Raw materials,V02,Continental Printing Co.,0.09,EUR
464,.1~465,465,D3,03,07,03/07,2024-02-16T00:00:00,10,47,DD-R01,Nuts,Raw materials,V01,Foodbroker Inc.,1.66,EUR
465,.1~466,466,D3,03,07,03/07,2024-02-16T00:00:00,10,47,DD-R02,Blueberries,Raw materials,V01,Foodbroker Inc.,4.20,EUR
466,.1~467,467,D3,03,07,03/07,2024-02-16T00:00:00,10,47,DD-R03,Strawberries,Raw materials,V01,Foodbroker Inc.,4.92,EUR
467,.1~468,468,D3,03,07,03/07,2024-02-16T00:00:00,10,47,DD-R04,Raisins,Raw materials,V01,Foodbroker Inc.,1.43,EUR
468,.1~469,469,D3,03,07,03/07,2024-02-16T00:00:00,10,47,DD-R05,Wheat,Raw materials,V01,Foodbroker Inc.,0.80,EUR
469,.1~470,470,D3,03,07,03/07,2024-02-16T00:00:00,10,47,DD-R06,Oats,Raw materials,V01,Foodbroker Inc.,0.63,EUR
470,.1~471,471,D3,03,08,03/08,2024-02-17T00:00:00,10,48,DD-P01,Large Box (1kg),Raw materials,V02,Continental Printing Co.,0.28,EUR
471,.1~472,472,D3,03,08,03/08,2024-02-17T00:00:00,10,48,DD-P02,Large Bag (1kg),Raw materials,V02,Continental Printing Co.,0.12,EUR
472,.1~473,473,D3,03,08,03/08,2024-02-17T00:00:00,10,48,DD-P03,Small Box (500g),Raw materials,V02,Continental Printing Co.,0.21,EUR
473,.1~474,474,D3,03,08,03/08,2024-02-17T00:00:00,10,48,DD-P04,Small Bag (500g),Raw materials,V02,Continental Printing Co.,0.09,EUR
474,.1~475,475,D3,03,08,03/08,2024-02-17T00:00:00,10,48,DD-R01,Nuts,Raw materials,V01,Foodbroker Inc.,1.66,EUR
475,.1~476,476,D3,03,08,03/08,2024-02-17T00:00:00,10,48,DD-R02,Blueberries,Raw materials,V01,Foodbroker Inc.,4.20,EUR
476,.1~477,477,D3,03,08,03/08,2024-02-17T00:00:00,10,48,DD-R03,Strawberries,Raw materials,V01,Foodbroker Inc.,4.92,EUR
477,.1~478,478,D3,03,08,03/08,2024-02-17T00:00:00,10,48,DD-R04,Raisins,Raw materials,V01,Foodbroker Inc.,1.43,EUR
478,.1~479,479,D3,03,08,03/08,2024-02-17T00:00:00,10,48,DD-R05,Wheat,Raw materials,V01,Foodbroker Inc.,0.80,EUR
479,.1~480,480,D3,03,08,03/08,2024-02-17T00:00:00,10,48,DD-R06,Oats,Raw materials,V01,Foodbroker Inc.,0.63,EUR
480,.1~481,481,D3,03,09,03/09,2024-02-18T00:00:00,10,49,DD-P01,Large Box (1kg),Raw materials,V02,Continental Printing Co.,0.28,EUR
481,.1~482,482,D3,03,09,03/09,2024-02-18T00:00:00,10,49,DD-P02,Large Bag (1kg),Raw materials,V02,Continental Printing Co.,0.12,EUR
482,.1~483,483,D3,03,09,03/09,2024-02-18T00:00:00,10,49,DD-P03,Small Box (500g),Raw materials,V02,Continental Printing Co.,0.21,EUR
483,.1~484,484,D3,03,09,03/09,2024-02-18T00:00:00,10,49,DD-P04,Small Bag (500g),Raw materials,V02,Continental Printing Co.,0.09,EUR
484,.1~485,485,D3,03,09,03/09,2024-02-18T00:00:00,10,49,DD-R01,Nuts,Raw materials,V01,Foodbroker Inc.,1.66,EUR
485,.1~486,486,D3,03,09,03/09,2024-02-18T00:00:00,10,49,DD-R02,Blueberries,Raw materials,V01,Foodbroker Inc.,4.20,EUR
486,.1~487,487,D3,03,09,03/09,2024-02-18T00:00:00,10,49,DD-R03,Strawberries,Raw materials,V01,Foodbroker Inc.,4.92,EUR
487,.1~488,488,D3,03,09,03/09,2024-02-18T00:00:00,10,49,DD-R04,Raisins,Raw materials,V01,Foodbroker Inc.,1.43,EUR
488,.1~489,489,D3,03,09,03/09,2024-02-18T00:00:00,10,49,DD-R05,Wheat,Raw materials,V01,Foodbroker Inc.,0.80,EUR
489,.1~490,490,D3,03,09,03/09,2024-02-18T00:00:00,10,49,DD-R06,Oats,Raw materials,V01,Foodbroker Inc.,0.63,EUR
490,.1~491,491,D3,03,10,03/10,2024-02-19T00:00:00,10,50,DD-P01,Large Box (1kg),Raw materials,V02,Continental Printing Co.,0.28,EUR
491,.1~492,492,D3,03,10,03/10,2024-02-19T00:00:00,10,50,DD-P02,Large Bag (1kg),Raw materials,V02,Continental Printing Co.,0.12,EUR
492,.1~493,493,D3,03,10,03/10,2024-02-19T00:00:00,10,50,DD-P03,Small Box (500g),Raw materials,V02,Continental Printing Co.,0.21,EUR
493,.1~494,494,D3,03,10,03/10,2024-02-19T00:00:00,10,50,DD-P04,Small Bag (500g),Raw materials,V02,Continental Printing Co.,0.09,EUR
494,.1~495,495,D3,03,10,03/10,2024-02-19T00:00:00,10,50,DD-R01,Nuts,Raw materials,V01,Foodbroker Inc.,1.66,EUR
495,.1~496,496,D3,03,10,03/10,2024-02-19T00:00:00,10,50,DD-R02,Blueberries,Raw materials,V01,Foodbroker Inc.,4.20,EUR
496,.1~497,497,D3,03,10,03/10,2024-02-19T00:00:00,10,50,DD-R03,Strawberries,Raw materials,V01,Foodbroker Inc.,4.92,EUR
497,.1~498,498,D3,03,10,03/10,2024-02-19T00:00:00,10,50,DD-R04,Raisins,Raw materials,V01,Foodbroker Inc.,1.43,EUR
498,.1~499,499,D3,03,10,03/10,2024-02-19T00:00:00,10,50,DD-R05,Wheat,Raw materials,V01,Foodbroker Inc.,0.80,EUR
499,.1~500,500,D3,03,10,03/10,2024-02-19T00:00:00,10,50,DD-R06,Oats,Raw materials,V01,Foodbroker Inc.,0.63,EUR
500,.1~501,501,D3,03,11,03/11,2024-02-20T00:00:00,11,51,DD-P01,Large Box (1kg),Raw materials,V02,Continental Printing Co.,0.28,EUR
501,.1~502,502,D3,03,11,03/11,2024-02-20T00:00:00,11,51,DD-P02,Large Bag (1kg),Raw materials,V02,Continental Printing Co.,0.12,EUR
502,.1~503,503,D3,03,11,03/11,2024-02-20T00:00:00,11,51,DD-P03,Small Box (500g),Raw materials,V02,Continental Printing Co.,0.21,EUR
503,.1~504,504,D3,03,11,03/11,2024-02-20T00:00:00,11,51,DD-P04,Small Bag (500g),Raw materials,V02,Continental Printing Co.,0.09,EUR
504,.1~505,505,D3,03,11,03/11,2024-02-20T00:00:00,11,51,DD-R01,Nuts,Raw materials,V01,Foodbroker Inc.,1.63,EUR
505,.1~506,506,D3,03,11,03/11,2024-02-20T00:00:00,11,51,DD-R02,Blueberries,Raw materials,V01,Foodbroker Inc.,4.22,EUR
506,.1~507,507,D3,03,11,03/11,2024-02-20T00:00:00,11,51,DD-R03,Strawberries,Raw materials,V01,Foodbroker Inc.,5.07,EUR
507,.1~508,508,D3,03,11,03/11,2024-02-20T00:00:00,11,51,DD-R04,Raisins,Raw materials,V01,Foodbroker Inc.,1.38,EUR
508,.1~509,509,D3,03,11,03/11,2024-02-20T00:00:00,11,51,DD-R05,Wheat,Raw materials,V01,Foodbroker Inc.,0.89,EUR
509,.1~510,510,D3,03,11,03/11,2024-02-20T00:00:00,11,51,DD-R06,Oats,Raw materials,V01,Foodbroker Inc.,0.60,EUR
510,.1~511,511,D3,03,12,03/12,2024-02-21T00:00:00,11,52,DD-P01,Large Box (1kg),Raw materials,V02,Continental Printing Co.,0.28,EUR
511,.1~512,512,D3,03,12,03/12,2024-02-21T00:00:00,11,52,DD-P02,Large Bag (1kg),Raw materials,V02,Continental Printing Co.,0.12,EUR
512,.1~513,513,D3,03,12,03/12,2024-02-21T00:00:00,11,52,DD-P03,Small Box (500g),Raw materials,V02,Continental Printing Co.,0.21,EUR
513,.1~514,514,D3,03,12,03/12,2024-02-21T00:00:00,11,52,DD-P04,Small Bag (500g),Raw materials,V02,Continental Printing Co.,0.09,EUR
514,.1~515,515,D3,03,12,03/12,2024-02-21T00:00:00,11,52,DD-R01,Nuts,Raw materials,V01,Foodbroker Inc.,1.63,EUR
515,.1~516,516,D3,03,12,03/12,2024-02-21T00:00:00,11,52,DD-R02,Blueberries,Raw materials,V01,Foodbroker Inc.,4.22,EUR
516,.1~517,517,D3,03,12,03/12,2024-02-21T00:00:00,11,52,DD-R03,Strawberries,Raw materials,V01,Foodbroker Inc.,5.07,EUR
517,.1~518,518,D3,03,12,03/12,2024-02-21T00:00:00,11,52,DD-R04,Raisins,Raw materials,V01,Foodbroker Inc.,1.38,EUR
518,.1~519,519,D3,03,12,03/12,2024-02-21T00:00:00,11,52,DD-R05,Wheat,Raw materials,V01,Foodbroker Inc.,0.89,EUR
519,.1~520,520,D3,03,12,03/12,2024-02-21T00:00:00,11,52,DD-R06,Oats,Raw materials,V01,Foodbroker Inc.,0.60,EUR
520,.1~521,521,D3,03,13,03/13,2024-02-22T00:00:00,11,53,DD-P01,Large Box (1kg),Raw materials,V02,Continental Printing Co.,0.28,EUR
521,.1~522,522,D3,03,13,03/13,2024-02-22T00:00:00,11,53,DD-P02,Large Bag (1kg),Raw materials,V02,Continental Printing Co.,0.12,EUR
522,.1~523,523,D3,03,13,03/13,2024-02-22T00:00:00,11,53,DD-P03,Small Box (500g),Raw materials,V02,Continental Printing Co.,0.21,EUR
523,.1~524,524,D3,03,13,03/13,2024-02-22T00:00:00,11,53,DD-P04,Small Bag (500g),Raw materials,V02,Continental Printing Co.,0.09,EUR
524,.1~525,525,D3,03,13,03/13,2024-02-22T00:00:00,11,53,DD-R01,Nuts,Raw materials,V01,Foodbroker Inc.,1.63,EUR
525,.1~526,526,D3,03,13,03/13,2024-02-22T00:00:00,11,53,DD-R02,Blueberries,Raw materials,V01,Foodbroker Inc.,4.22,EUR
526,.1~527,527,D3,03,13,03/13,2024-02-22T00:00:00,11,53,DD-R03,Strawberries,Raw materials,V01,Foodbroker Inc.,5.07,EUR
527,.1~528,528,D3,03,13,03/13,2024-02-22T00:00:00,11,53,DD-R04,Raisins,Raw materials,V01,Foodbroker Inc.,1.38,EUR
528,.1~529,529,D3,03,13,03/13,2024-02-22T00:00:00,11,53,DD-R05,Wheat,Raw materials,V01,Foodbroker Inc.,0.89,EUR
529,.1~530,530,D3,03,13,03/13,2024-02-22T00:00:00,11,53,DD-R06,Oats,Raw materials,V01,Foodbroker Inc.,0.60,EUR
530,.1~531,531,D3,03,14,03/14,2024-02-23T00:00:00,11,54,DD-P01,Large Box (1kg),Raw materials,V02,Continental Printing Co.,0.28,EUR
531,.1~532,532,D3,03,14,03/14,2024-02-23T00:00:00,11,54,DD-P02,Large Bag (1kg),Raw materials,V02,Continental Printing Co.,0.12,EUR
532,.1~533,533,D3,03,14,03/14,2024-02-23T00:00:00,11,54,DD-P03,Small Box (500g),Raw materials,V02,Continental Printing Co.,0.21,EUR
533,.1~534,534,D3,03,14,03/14,2024-02-23T00:00:00,11,54,DD-P04,Small Bag (500g),Raw materials,V02,Continental Printing Co.,0.09,EUR
534,.1~535,535,D3,03,14,03/14,2024-02-23T00:00:00,11,54,DD-R01,Nuts,Raw materials,V01,Foodbroker Inc.,1.63,EUR
535,.1~536,536,D3,03,14,03/14,2024-02-23T00:00:00,11,54,DD-R02,Blueberries,Raw materials,V01,Foodbroker Inc.,4.22,EUR
536,.1~537,537,D3,03,14,03/14,2024-02-23T00:00:00,11,54,DD-R03,Strawberries,Raw materials,V01,Foodbroker Inc.,5.07,EUR
537,.1~538,538,D3,03,14,03/14,2024-02-23T00:00:00,11,54,DD-R04,Raisins,Raw materials,V01,Foodbroker Inc.,1.38,EUR
538,.1~539,539,D3,03,14,03/14,2024-02-23T00:00:00,11,54,DD-R05,Wheat,Raw materials,V01,Foodbroker Inc.,0.89,EUR
539,.1~540,540,D3,03,14,03/14,2024-02-23T00:00:00,11,54,DD-R06,Oats,Raw materials,V01,Foodbroker Inc.,0.60,EUR
540,.1~541,541,D3,03,15,03/15,2024-02-24T00:00:00,11,55,DD-P01,Large Box (1kg),Raw materials,V02,Continental Printing Co.,0.28,EUR
541,.1~542,542,D3,03,15,03/15,2024-02-24T00:00:00,11,55,DD-P02,Large Bag (1kg),Raw materials,V02,Continental Printing Co.,0.12,EUR
542,.1~543,543,D3,03,15,03/15,2024-02-24T00:00:00,11,55,DD-P03,Small Box (500g),Raw materials,V02,Continental Printing Co.,0.21,EUR
543,.1~544,544,D3,03,15,03/15,2024-02-24T00:00:00,11,55,DD-P04,Small Bag (500g),Raw materials,V02,Continental Printing Co.,0.09,EUR
544,.1~545,545,D3,03,15,03/15,2024-02-24T00:00:00,11,55,DD-R01,Nuts,Raw materials,V01,Foodbroker Inc.,1.63,EUR
545,.1~546,546,D3,03,15,03/15,2024-02-24T00:00:00,11,55,DD-R02,Blueberries,Raw materials,V01,Foodbroker Inc.,4.22,EUR
546,.1~547,547,D3,03,15,03/15,2024-02-24T00:00:00,11,55,DD-R03,Strawberries,Raw materials,V01,Foodbroker Inc.,5.07,EUR
547,.1~548,548,D3,03,15,03/15,2024-02-24T00:00:00,11,55,DD-R04,Raisins,Raw materials,V01,Foodbroker Inc.,1.38,EUR
548,.1~549,549,D3,03,15,03/15,2024-02-24T00:00:00,11,55,DD-R05,Wheat,Raw materials,V01,Foodbroker Inc.,0.89,EUR
549,.1~550,550,D3,03,15,03/15,2024-02-24T00:00:00,11,55,DD-R06,Oats,Raw materials,V01,Foodbroker Inc.,0.60,EUR
550,.1~551,551,D3,03,16,03/16,2024-02-25T00:00:00,12,56,DD-P01,Large Box (1kg),Raw materials,V02,Continental Printing Co.,0.28,EUR
551,.1~552,552,D3,03,16,03/16,2024-02-25T00:00:00,12,56,DD-P02,Large Bag (1kg),Raw materials,V02,Continental Printing Co.,0.12,EUR
552,.1~553,553,D3,03,16,03/16,2024-02-25T00:00:00,12,56,DD-P03,Small Box (500g),Raw materials,V02,Continental Printing Co.,0.21,EUR
553,.1~554,554,D3,03,16,03/16,2024-02-25T00:00:00,12,56,DD-P04,Small Bag (500g),Raw materials,V02,Continental Printing Co.,0.09,EUR
554,.1~555,555,D3,03,16,03/16,2024-02-25T00:00:00,12,56,DD-R01,Nuts,Raw materials,V01,Foodbroker Inc.,1.75,EUR
555,.1~556,556,D3,03,16,03/16,2024-02-25T00:00:00,12,56,DD-R02,Blueberries,Raw materials,V01,Foodbroker Inc.,4.25,EUR
556,.1~557,557,D3,03,16,03/16,2024-02-25T00:00:00,12,56,DD-R03,Strawberries,Raw materials,V01,Foodbroker Inc.,5.29,EUR
557,.1~558,558,D3,03,16,03/16,2024-02-25T00:00:00,12,56,DD-R04,Raisins,Raw materials,V01,Foodbroker Inc.,1.26,EUR
558,.1~559,559,D3,03,16,03/16,2024-02-25T00:00:00,12,56,DD-R05,Wheat,Raw materials,V01,Foodbroker Inc.,0.83,EUR
559,.1~560,560,D3,03,16,03/16,2024-02-25T00:00:00,12,56,DD-R06,Oats,Raw materials,V01,Foodbroker Inc.,0.59,EUR
560,.1~561,561,D3,03,17,03/17,2024-02-26T00:00:00,12,57,DD-P01,Large Box (1kg),Raw materials,V02,Continental Printing Co.,0.28,EUR
561,.1~562,562,D3,03,17,03/17,2024-02-26T00:00:00,12,57,DD-P02,Large Bag (1kg),Raw materials,V02,Continental Printing Co.,0.12,EUR
562,.1~563,563,D3,03,17,03/17,2024-02-26T00:00:00,12,57,DD-P03,Small Box (500g),Raw materials,V02,Continental Printing Co.,0.21,EUR
563,.1~564,564,D3,03,17,03/17,2024-02-26T00:00:00,12,57,DD-P04,Small Bag (500g),Raw materials,V02,Continental Printing Co.,0.09,EUR
564,.1~565,565,D3,03,17,03/17,2024-02-26T00:00:00,12,57,DD-R01,Nuts,Raw materials,V01,Foodbroker Inc.,1.75,EUR
565,.1~566,566,D3,03,17,03/17,2024-02-26T00:00:00,12,57,DD-R02,Blueberries,Raw materials,V01,Foodbroker Inc.,4.25,EUR
566,.1~567,567,D3,03,17,03/17,2024-02-26T00:00:00,12,57,DD-R03,Strawberries,Raw materials,V01,Foodbroker Inc.,5.29,EUR
567,.1~568,568,D3,03,17,03/17,2024-02-26T00:00:00,12,57,DD-R04,Raisins,Raw materials,V01,Foodbroker Inc.,1.26,EUR
568,.1~569,569,D3,03,17,03/17,2024-02-26T00:00:00,12,57,DD-R05,Wheat,Raw materials,V01,Foodbroker Inc.,0.83,EUR
569,.1~570,570,D3,03,17,03/17,2024-02-26T00:00:00,12,57,DD-R06,Oats,Raw materials,V01,Foodbroker Inc.,0.59,EUR
570,.1~571,571,D3,03,18,03/18,2024-02-27T00:00:00,12,58,DD-P01,Large Box (1kg),Raw materials,V02,Continental Printing Co.,0.28,EUR
571,.1~572,572,D3,03,18,03/18,2024-02-27T00:00:00,12,58,DD-P02,Large Bag (1kg),Raw materials,V02,Continental Printing Co.,0.12,EUR
572,.1~573,573,D3,03,18,03/18,2024-02-27T00:00:00,12,58,DD-P03,Small Box (500g),Raw materials,V02,Continental Printing Co.,0.21,EUR
573,.1~574,574,D3,03,18,03/18,2024-02-27T00:00:00,12,58,DD-P04,Small Bag (500g),Raw materials,V02,Continental Printing Co.,0.09,EUR
574,.1~575,575,D3,03,18,03/18,2024-02-27T00:00:00,12,58,DD-R01,Nuts,Raw materials,V01,Foodbroker Inc.,1.75,EUR
575,.1~576,576,D3,03,18,03/18,2024-02-27T00:00:00,12,58,DD-R02,Blueberries,Raw materials,V01,Foodbroker Inc.,4.25,EUR
576,.1~577,577,D3,03,18,03/18,2024-02-27T00:00:00,12,58,DD-R03,Strawberries,Raw materials,V01,Foodbroker Inc.,5.29,EUR
577,.1~578,578,D3,03,18,03/18,2024-02-27T00:00:00,12,58,DD-R04,Raisins,Raw materials,V01,Foodbroker Inc.,1.26,EUR
578,.1~579,579,D3,03,18,03/18,2024-02-27T00:00:00,12,58,DD-R05,Wheat,Raw materials,V01,Foodbroker Inc.,0.83,EUR
579,.1~580,580,D3,03,18,03/18,2024-02-27T00:00:00,12,58,DD-R06,Oats,Raw materials,V01,Foodbroker Inc.,0.59,EUR
580,.1~581,581,D3,03,19,03/19,2024-02-28T00:00:00,12,59,DD-P01,Large Box (1kg),Raw materials,V02,Continental Printing Co.,0.28,EUR
581,.1~582,582,D3,03,19,03/19,2024-02-28T00:00:00,12,59,DD-P02,Large Bag (1kg),Raw materials,V02,Continental Printing Co.,0.12,EUR
582,.1~583,583,D3,03,19,03/19,2024-02-28T00:00:00,12,59,DD-P03,Small Box (500g),Raw materials,V02,Continental Printing Co.,0.21,EUR
583,.1~584,584,D3,03,19,03/19,2024-02-28T00:00:00,12,59,DD-P04,Small Bag (500g),Raw materials,V02,Continental Printing Co.,0.09,EUR
584,.1~585,585,D3,03,19,03/19,2024-02-28T00:00:00,12,59,DD-R01,Nuts,Raw materials,V01,Foodbroker Inc.,1.75,EUR
585,.1~586,586,D3,03,19,03/19,2024-02-28T00:00:00,12,59,DD-R02,Blueberries,Raw materials,V01,Foodbroker Inc.,4.25,EUR
586,.1~587,587,D3,03,19,03/19,2024-02-28T00:00:00,12,59,DD-R03,Strawberries,Raw materials,V01,Foodbroker Inc.,5.29,EUR
587,.1~588,588,D3,03,19,03/19,2024-02-28T00:00:00,12,59,DD-R04,Raisins,Raw materials,V01,Foodbroker Inc.,1.26,EUR
588,.1~589,589,D3,03,19,03/19,2024-02-28T00:00:00,12,59,DD-R05,Wheat,Raw materials,V01,Foodbroker Inc.,0.83,EUR
589,.1~590,590,D3,03,19,03/19,2024-02-28T00:00:00,12,59,DD-R06,Oats,Raw materials,V01,Foodbroker Inc.,0.59,EUR
590,.1~591,591,D3,03,20,03/20,2024-02-29T00:00:00,12,60,DD-P01,Large Box (1kg),Raw materials,V02,Continental Printing Co.,0.28,EUR
591,.1~592,592,D3,03,20,03/20,2024-02-29T00:00:00,12,60,DD-P02,Large Bag (1kg),Raw materials,V02,Continental Printing Co.,0.12,EUR
592,.1~593,593,D3,03,20,03/20,2024-02-29T00:00:00,12,60,DD-P03,Small Box (500g),Raw materials,V02,Continental Printing Co.,0.21,EUR
593,.1~594,594,D3,03,20,03/20,2024-02-29T00:00:00,12,60,DD-P04,Small Bag (500g),Raw materials,V02,Continental Printing Co.,0.09,EUR
594,.1~595,595,D3,03,20,03/20,2024-02-29T00:00:00,12,60,DD-R01,Nuts,Raw materials,V01,Foodbroker Inc.,1.75,EUR
595,.1~596,596,D3,03,20,03/20,2024-02-29T00:00:00,12,60,DD-R02,Blueberries,Raw materials,V01,Foodbroker Inc.,4.25,EUR
596,.1~597,597,D3,03,20,03/20,2024-02-29T00:00:00,12,60,DD-R03,Strawberries,Raw materials,V01,Foodbroker Inc.,5.29,EUR
597,.1~598,598,D3,03,20,03/20,2024-02-29T00:00:00,12,60,DD-R04,Raisins,Raw materials,V01,Foodbroker Inc.,1.26,EUR
598,.1~599,599,D3,03,20,03/20,2024-02-29T00:00:00,12,60,DD-R05,Wheat,Raw materials,V01,Foodbroker Inc.,0.83,EUR
599,.1~600,600,D3,03,20,03/20,2024-02-29T00:00:00,12,60,DD-R06,Oats,Raw materials,V01,Foodbroker Inc.,0.59,EUR
600,.1~601,601,D3,04,01,04/01,2024-03-01T00:00:00,13,61,DD-P01,Large Box (1kg),Raw materials,V02,Continental Printing Co.,0.28,EUR
601,.1~602,602,D3,04,01,04/01,2024-03-01T00:00:00,13,61,DD-P02,Large Bag (1kg),Raw materials,V02,Continental Printing Co.,0.12,EUR
602,.1~603,603,D3,04,01,04/01,2024-03-01T00:00:00,13,61,DD-P03,Small Box (500g),Raw materials,V02,Continental Printing Co.,0.21,EUR
603,.1~604,604,D3,04,01,04/01,2024-03-01T00:00:00,13,61,DD-P04,Small Bag (500g),Raw materials,V02,Continental Printing Co.,0.09,EUR
604,.1~605,605,D3,04,01,04/01,2024-03-01T00:00:00,13,61,DD-R01,Nuts,Raw materials,V01,Foodbroker Inc.,1.86,EUR
605,.1~606,606,D3,04,01,04/01,2024-03-01T00:00:00,13,61,DD-R02,Blueberries,Raw materials,V01,Foodbroker Inc.,4.39,EUR
606,.1~607,607,D3,04,01,04/01,2024-03-01T00:00:00,13,61,DD-R03,Strawberries,Raw materials,V01,Foodbroker Inc.,5.40,EUR
607,.1~608,608,D3,04,01,04/01,2024-03-01T00:00:00,13,61,DD-R04,Raisins,Raw materials,V01,Foodbroker Inc.,1.17,EUR
608,.1~609,609,D3,04,01,04/01,2024-03-01T00:00:00,13,61,DD-R05,Wheat,Raw materials,V01,Foodbroker Inc.,0.93,EUR
609,.1~610,610,D3,04,01,04/01,2024-03-01T00:00:00,13,61,DD-R06,Oats,Raw materials,V01,Foodbroker Inc.,0.57,EUR
610,.1~611,611,D3,04,02,04/02,2024-03-02T00:00:00,13,62,DD-P01,Large Box (1kg),Raw materials,V02,Continental Printing Co.,0.28,EUR
611,.1~612,612,D3,04,02,04/02,2024-03-02T00:00:00,13,62,DD-P02,Large Bag (1kg),Raw materials,V02,Continental Printing Co.,0.12,EUR
612,.1~613,613,D3,04,02,04/02,2024-03-02T00:00:00,13,62,DD-P03,Small Box (500g),Raw materials,V02,Continental Printing Co.,0.21,EUR
613,.1~614,614,D3,04,02,04/02,2024-03-02T00:00:00,13,62,DD-P04,Small Bag (500g),Raw materials,V02,Continental Printing Co.,0.09,EUR
614,.1~615,615,D3,04,02,04/02,2024-03-02T00:00:00,13,62,DD-R01,Nuts,Raw materials,V01,Foodbroker Inc.,1.86,EUR
615,.1~616,616,D3,04,02,04/02,2024-03-02T00:00:00,13,62,DD-R02,Blueberries,Raw materials,V01,Foodbroker Inc.,4.39,EUR
616,.1~617,617,D3,04,02,04/02,2024-03-02T00:00:00,13,62,DD-R03,Strawberries,Raw materials,V01,Foodbroker Inc.,5.40,EUR
617,.1~618,618,D3,04,02,04/02,2024-03-02T00:00:00,13,62,DD-R04,Raisins,Raw materials,V01,Foodbroker Inc.,1.17,EUR
618,.1~619,619,D3,04,02,04/02,2024-03-02T00:00:00,13,62,DD-R05,Wheat,Raw materials,V01,Foodbroker Inc.,0.93,EUR
619,.1~620,620,D3,04,02,04/02,2024-03-02T00:00:00,13,62,DD-R06,Oats,Raw materials,V01,Foodbroker Inc.,0.57,EUR
620,.1~621,621,D3,04,03,04/03,2024-03-03T00:00:00,13,63,DD-P01,Large Box (1kg),Raw materials,V02,Continental Printing Co.,0.28,EUR
621,.1~622,622,D3,04,03,04/03,2024-03-03T00:00:00,13,63,DD-P02,Large Bag (1kg),Raw materials,V02,Continental Printing Co.,0.12,EUR
622,.1~623,623,D3,04,03,04/03,2024-03-03T00:00:00,13,63,DD-P03,Small Box (500g),Raw materials,V02,Continental Printing Co.,0.21,EUR
623,.1~624,624,D3,04,03,04/03,2024-03-03T00:00:00,13,63,DD-P04,Small Bag (500g),Raw materials,V02,Continental Printing Co.,0.09,EUR
624,.1~625,625,D3,04,03,04/03,2024-03-03T00:00:00,13,63,DD-R01,Nuts,Raw materials,V01,Foodbroker Inc.,1.86,EUR
625,.1~626,626,D3,04,03,04/03,2024-03-03T00:00:00,13,63,DD-R02,Blueberries,Raw materials,V01,Foodbroker Inc.,4.39,EUR
626,.1~627,627,D3,04,03,04/03,2024-03-03T00:00:00,13,63,DD-R03,Strawberries,Raw materials,V01,Foodbroker Inc.,5.40,EUR
627,.1~628,628,D3,04,03,04/03,2024-03-03T00:00:00,13,63,DD-R04,Raisins,Raw materials,V01,Foodbroker Inc.,1.17,EUR
628,.1~629,629,D3,04,03,04/03,2024-03-03T00:00:00,13,63,DD-R05,Wheat,Raw materials,V01,Foodbroker Inc.,0.93,EUR
629,.1~630,630,D3,04,03,04/03,2024-03-03T00:00:00,13,63,DD-R06,Oats,Raw materials,V01,Foodbroker Inc.,0.57,EUR
630,.1~631,631,D3,04,04,04/04,2024-03-04T00:00:00,13,64,DD-P01,Large Box (1kg),Raw materials,V02,Continental Printing Co.,0.28,EUR
631,.1~632,632,D3,04,04,04/04,2024-03-04T00:00:00,13,64,DD-P02,Large Bag (1kg),Raw materials,V02,Continental Printing Co.,0.12,EUR
632,.1~633,633,D3,04,04,04/04,2024-03-04T00:00:00,13,64,DD-P03,Small Box (500g),Raw materials,V02,Continental Printing Co.,0.21,EUR
633,.1~634,634,D3,04,04,04/04,2024-03-04T00:00:00,13,64,DD-P04,Small Bag (500g),Raw materials,V02,Continental Printing Co.,0.09,EUR
634,.1~635,635,D3,04,04,04/04,2024-03-04T00:00:00,13,64,DD-R01,Nuts,Raw materials,V01,Foodbroker Inc.,1.86,EUR
635,.1~636,636,D3,04,04,04/04,2024-03-04T00:00:00,13,64,DD-R02,Blueberries,Raw materials,V01,Foodbroker Inc.,4.39,EUR
636,.1~637,637,D3,04,04,04/04,2024-03-04T00:00:00,13,64,DD-R03,Strawberries,Raw materials,V01,Foodbroker Inc.,5.40,EUR
637,.1~638,638,D3,04,04,04/04,2024-03-04T00:00:00,13,64,DD-R04,Raisins,Raw materials,V01,Foodbroker Inc.,1.17,EUR
638,.1~639,639,D3,04,04,04/04,2024-03-04T00:00:00,13,64,DD-R05,Wheat,Raw materials,V01,Foodbroker Inc.,0.93,EUR
639,.1~640,640,D3,04,04,04/04,2024-03-04T00:00:00,13,64,DD-R06,Oats,Raw materials,V01,Foodbroker Inc.,0.57,EUR
640,.1~641,641,D3,04,05,04/05,2024-03-05T00:00:00,13,65,DD-P01,Large Box (1kg),Raw materials,V02,Continental Printing Co.,0.28,EUR
641,.1~642,642,D3,04,05,04/05,2024-03-05T00:00:00,13,65,DD-P02,Large Bag (1kg),Raw materials,V02,Continental Printing Co.,0.12,EUR
642,.1~643,643,D3,04,05,04/05,2024-03-05T00:00:00,13,65,DD-P03,Small Box (500g),Raw materials,V02,Continental Printing Co.,0.21,EUR
643,.1~644,644,D3,04,05,04/05,2024-03-05T00:00:00,13,65,DD-P04,Small Bag (500g),Raw materials,V02,Continental Printing Co.,0.09,EUR
644,.1~645,645,D3,04,05,04/05,2024-03-05T00:00:00,13,65,DD-R01,Nuts,Raw materials,V01,Foodbroker Inc.,1.86,EUR
645,.1~646,646,D3,04,05,04/05,2024-03-05T00:00:00,13,65,DD-R02,Blueberries,Raw materials,V01,Foodbroker Inc.,4.39,EUR
646,.1~647,647,D3,04,05,04/05,2024-03-05T00:00:00,13,65,DD-R03,Strawberries,Raw materials,V01,Foodbroker Inc.,5.40,EUR
647,.1~648,648,D3,04,05,04/05,2024-03-05T00:00:00,13,65,DD-R04,Raisins,Raw materials,V01,Foodbroker Inc.,1.17,EUR
648,.1~649,649,D3,04,05,04/05,2024-03-05T00:00:00,13,65,DD-R05,Wheat,Raw materials,V01,Foodbroker Inc.,0.93,EUR
649,.1~650,650,D3,04,05,04/05,2024-03-05T00:00:00,13,65,DD-R06,Oats,Raw materials,V01,Foodbroker Inc.,0.57,EUR
650,.1~651,651,D3,04,06,04/06,2024-03-06T00:00:00,14,66,DD-P01,Large Box (1kg),Raw materials,V02,Continental Printing Co.,0.28,EUR
651,.1~652,652,D3,04,06,04/06,2024-03-06T00:00:00,14,66,DD-P02,Large Bag (1kg),Raw materials,V02,Continental Printing Co.,0.12,EUR
652,.1~653,653,D3,04,06,04/06,2024-03-06T00:00:00,14,66,DD-P03,Small Box (500g),Raw materials,V02,Continental Printing Co.,0.21,EUR
653,.1~654,654,D3,04,06,04/06,2024-03-06T00:00:00,14,66,DD-P04,Small Bag (500g),Raw materials,V02,Continental Printing Co.,0.09,EUR
654,.1~655,655,D3,04,06,04/06,2024-03-06T00:00:00,14,66,DD-R01,Nuts,Raw materials,V01,Foodbroker Inc.,1.92,EUR
655,.1~656,656,D3,04,06,04/06,2024-03-06T00:00:00,14,66,DD-R02,Blueberries,Raw materials,V01,Foodbroker Inc.,4.52,EUR
656,.1~657,657,D3,04,06,04/06,2024-03-06T00:00:00,14,66,DD-R03,Strawberries,Raw materials,V01,Foodbroker Inc.,5.43,EUR
657,.1~658,658,D3,04,06,04/06,2024-03-06T00:00:00,14,66,DD-R04,Raisins,Raw materials,V01,Foodbroker Inc.,1.05,EUR
658,.1~659,659,D3,04,06,04/06,2024-03-06T00:00:00,14,66,DD-R05,Wheat,Raw materials,V01,Foodbroker Inc.,1.04,EUR
659,.1~660,660,D3,04,06,04/06,2024-03-06T00:00:00,14,66,DD-R06,Oats,Raw materials,V01,Foodbroker Inc.,0.60,EUR
660,.1~661,661,D3,04,07,04/07,2024-03-07T00:00:00,14,67,DD-P01,Large Box (1kg),Raw materials,V02,Continental Printing Co.,0.28,EUR
661,.1~662,662,D3,04,07,04/07,2024-03-07T00:00:00,14,67,DD-P02,Large Bag (1kg),Raw materials,V02,Continental Printing Co.,0.12,EUR
662,.1~663,663,D3,04,07,04/07,2024-03-07T00:00:00,14,67,DD-P03,Small Box (500g),Raw materials,V02,Continental Printing Co.,0.21,EUR
663,.1~664,664,D3,04,07,04/07,2024-03-07T00:00:00,14,67,DD-P04,Small Bag (500g),Raw materials,V02,Continental Printing Co.,0.09,EUR
664,.1~665,665,D3,04,07,04/07,2024-03-07T00:00:00,14,67,DD-R01,Nuts,Raw materials,V01,Foodbroker Inc.,1.92,EUR
665,.1~666,666,D3,04,07,04/07,2024-03-07T00:00:00,14,67,DD-R02,Blueberries,Raw materials,V01,Foodbroker Inc.,4.52,EUR
666,.1~667,667,D3,04,07,04/07,2024-03-07T00:00:00,14,67,DD-R03,Strawberries,Raw materials,V01,Foodbroker Inc.,5.43,EUR
667,.1~668,668,D3,04,07,04/07,2024-03-07T00:00:00,14,67,DD-R04,Raisins,Raw materials,V01,Foodbroker Inc.,1.05,EUR
668,.1~669,669,D3,04,07,04/07,2024-03-07T00:00:00,14,67,DD-R05,Wheat,Raw materials,V01,Foodbroker Inc.,1.04,EUR
669,.1~670,670,D3,04,07,04/07,2024-03-07T00:00:00,14,67,DD-R06,Oats,Raw materials,V01,Foodbroker Inc.,0.60,EUR
670,.1~671,671,D3,04,08,04/08,2024-03-08T00:00:00,14,68,DD-P01,Large Box (1kg),Raw materials,V02,Continental Printing Co.,0.28,EUR
671,.1~672,672,D3,04,08,04/08,2024-03-08T00:00:00,14,68,DD-P02,Large Bag (1kg),Raw materials,V02,Continental Printing Co.,0.12,EUR
672,.1~673,673,D3,04,08,04/08,2024-03-08T00:00:00,14,68,DD-P03,Small Box (500g),Raw materials,V02,Continental Printing Co.,0.21,EUR
673,.1~674,674,D3,04,08,04/08,2024-03-08T00:00:00,14,68,DD-P04,Small Bag (500g),Raw materials,V02,Continental Printing Co.,0.09,EUR
674,.1~675,675,D3,04,08,04/08,2024-03-08T00:00:00,14,68,DD-R01,Nuts,Raw materials,V01,Foodbroker Inc.,1.92,EUR
675,.1~676,676,D3,04,08,04/08,2024-03-08T00:00:00,14,68,DD-R02,Blueberries,Raw materials,V01,Foodbroker Inc.,4.52,EUR
676,.1~677,677,D3,04,08,04/08,2024-03-08T00:00:00,14,68,DD-R03,Strawberries,Raw materials,V01,Foodbroker Inc.,5.43,EUR
677,.1~678,678,D3,04,08,04/08,2024-03-08T00:00:00,14,68,DD-R04,Raisins,Raw materials,V01,Foodbroker Inc.,1.05,EUR
678,.1~679,679,D3,04,08,04/08,2024-03-08T00:00:00,14,68,DD-R05,Wheat,Raw materials,V01,Foodbroker Inc.,1.04,EUR
679,.1~680,680,D3,04,08,04/08,2024-03-08T00:00:00,14,68,DD-R06,Oats,Raw materials,V01,Foodbroker Inc.,0.60,EUR
680,.1~681,681,D3,04,09,04/09,2024-03-09T00:00:00,14,69,DD-P01,Large Box (1kg),Raw materials,V02,Continental Printing Co.,0.28,EUR
681,.1~682,682,D3,04,09,04/09,2024-03-09T00:00:00,14,69,DD-P02,Large Bag (1kg),Raw materials,V02,Continental Printing Co.,0.12,EUR
682,.1~683,683,D3,04,09,04/09,2024-03-09T00:00:00,14,69,DD-P03,Small Box (500g),Raw materials,V02,Continental Printing Co.,0.21,EUR
683,.1~684,684,D3,04,09,04/09,2024-03-09T00:00:00,14,69,DD-P04,Small Bag (500g),Raw materials,V02,Continental Printing Co.,0.09,EUR
684,.1~685,685,D3,04,09,04/09,2024-03-09T00:00:00,14,69,DD-R01,Nuts,Raw materials,V01,Foodbroker Inc.,1.92,EUR
685,.1~686,686,D3,04,09,04/09,2024-03-09T00:00:00,14,69,DD-R02,Blueberries,Raw materials,V01,Foodbroker Inc.,4.52,EUR
686,.1~687,687,D3,04,09,04/09,2024-03-09T00:00:00,14,69,DD-R03,Strawberries,Raw materials,V01,Foodbroker Inc.,5.43,EUR
687,.1~688,688,D3,04,09,04/09,2024-03-09T00:00:00,14,69,DD-R04,Raisins,Raw materials,V01,Foodbroker Inc.,1.05,EUR
688,.1~689,689,D3,04,09,04/09,2024-03-09T00:00:00,14,69,DD-R05,Wheat,Raw materials,V01,Foodbroker Inc.,1.04,EUR
689,.1~690,690,D3,04,09,04/09,2024-03-09T00:00:00,14,69,DD-R06,Oats,Raw materials,V01,Foodbroker Inc.,0.60,EUR
690,.1~691,691,D3,04,10,04/10,2024-03-10T00:00:00,14,70,DD-P01,Large Box (1kg),Raw materials,V02,Continental Printing Co.,0.28,EUR
691,.1~692,692,D3,04,10,04/10,2024-03-10T00:00:00,14,70,DD-P02,Large Bag (1kg),Raw materials,V02,Continental Printing Co.,0.12,EUR
692,.1~693,693,D3,04,10,04/10,2024-03-10T00:00:00,14,70,DD-P03,Small Box (500g),Raw materials,V02,Continental Printing Co.,0.21,EUR
693,.1~694,694,D3,04,10,04/10,2024-03-10T00:00:00,14,70,DD-P04,Small Bag (500g),Raw materials,V02,Continental Printing Co.,0.09,EUR
694,.1~695,695,D3,04,10,04/10,2024-03-10T00:00:00,14,70,DD-R01,Nuts,Raw materials,V01,Foodbroker Inc.,1.92,EUR
695,.1~696,696,D3,04,10,04/10,2024-03-10T00:00:00,14,70,DD-R02,Blueberries,Raw materials,V01,Foodbroker Inc.,4.52,EUR
696,.1~697,697,D3,04,10,04/10,2024-03-10T00:00:00,14,70,DD-R03,Strawberries,Raw materials,V01,Foodbroker Inc.,5.43,EUR
697,.1~698,698,D3,04,10,04/10,2024-03-10T00:00:00,14,70,DD-R04,Raisins,Raw materials,V01,Foodbroker Inc.,1.05,EUR
698,.1~699,699,D3,04,10,04/10,2024-03-10T00:00:00,14,70,DD-R05,Wheat,Raw materials,V01,Foodbroker Inc.,1.04,EUR
699,.1~700,700,D3,04,10,04/10,2024-03-10T00:00:00,14,70,DD-R06,Oats,Raw materials,V01,Foodbroker Inc.,0.60,EUR
700,.1~701,701,D3,04,11,04/11,2024-03-11T00:00:00,15,71,DD-P01,Large Box (1kg),Raw materials,V02,Continental Printing Co.,0.28,EUR
701,.1~702,702,D3,04,11,04/11,2024-03-11T00:00:00,15,71,DD-P02,Large Bag (1kg),Raw materials,V02,Continental Printing Co.,0.12,EUR
702,.1~703,703,D3,04,11,04/11,2024-03-11T00:00:00,15,71,DD-P03,Small Box (500g),Raw materials,V02,Continental Printing Co.,0.21,EUR
703,.1~704,704,D3,04,11,04/11,2024-03-11T00:00:00,15,71,DD-P04,Small Bag (500g),Raw materials,V02,Continental Printing Co.,0.09,EUR
704,.1~705,705,D3,04,11,04/11,2024-03-11T00:00:00,15,71,DD-R01,Nuts,Raw materials,V01,Foodbroker Inc.,2.02,EUR
705,.1~706,706,D3,04,11,04/11,2024-03-11T00:00:00,15,71,DD-R02,Blueberries,Raw materials,V01,Foodbroker Inc.,4.57,EUR
706,.1~707,707,D3,04,11,04/11,2024-03-11T00:00:00,15,71,DD-R03,Strawberries,Raw materials,V01,Foodbroker Inc.,5.37,EUR
707,.1~708,708,D3,04,11,04/11,2024-03-11T00:00:00,15,71,DD-R04,Raisins,Raw materials,V01,Foodbroker Inc.,1.00,EUR
708,.1~709,709,D3,04,11,04/11,2024-03-11T00:00:00,15,71,DD-R05,Wheat,Raw materials,V01,Foodbroker Inc.,1.10,EUR
709,.1~710,710,D3,04,11,04/11,2024-03-11T00:00:00,15,71,DD-R06,Oats,Raw materials,V01,Foodbroker Inc.,0.64,EUR
710,.1~711,711,D3,04,12,04/12,2024-03-12T00:00:00,15,72,DD-P01,Large Box (1kg),Raw materials,V02,Continental Printing Co.,0.28,EUR
711,.1~712,712,D3,04,12,04/12,2024-03-12T00:00:00,15,72,DD-P02,Large Bag (1kg),Raw materials,V02,Continental Printing Co.,0.12,EUR
712,.1~713,713,D3,04,12,04/12,2024-03-12T00:00:00,15,72,DD-P03,Small Box (500g),Raw materials,V02,Continental Printing Co.,0.21,EUR
713,.1~714,714,D3,04,12,04/12,2024-03-12T00:00:00,15,72,DD-P04,Small Bag (500g),Raw materials,V02,Continental Printing Co.,0.09,EUR
714,.1~715,715,D3,04,12,04/12,2024-03-12T00:00:00,15,72,DD-R01,Nuts,Raw materials,V01,Foodbroker Inc.,2.02,EUR
715,.1~716,716,D3,04,12,04/12,2024-03-12T00:00:00,15,72,DD-R02,Blueberries,Raw materials,V01,Foodbroker Inc.,4.57,EUR
716,.1~717,717,D3,04,12,04/12,2024-03-12T00:00:00,15,72,DD-R03,Strawberries,Raw materials,V01,Foodbroker Inc.,5.37,EUR
717,.1~718,718,D3,04,12,04/12,2024-03-12T00:00:00,15,72,DD-R04,Raisins,Raw materials,V01,Foodbroker Inc.,1.00,EUR
718,.1~719,719,D3,04,12,04/12,2024-03-12T00:00:00,15,72,DD-R05,Wheat,Raw materials,V01,Foodbroker Inc.,1.10,EUR
719,.1~720,720,D3,04,12,04/12,2024-03-12T00:00:00,15,72,DD-R06,Oats,Raw materials,V01,Foodbroker Inc.,0.64,EUR
720,.1~721,721,D3,04,13,04/13,2024-03-13T00:00:00,15,73,DD-P01,Large Box (1kg),Raw materials,V02,Continental Printing Co.,0.28,EUR
721,.1~722,722,D3,04,13,04/13,2024-03-13T00:00:00,15,73,DD-P02,Large Bag (1kg),Raw materials,V02,Continental Printing Co.,0.12,EUR
722,.1~723,723,D3,04,13,04/13,2024-03-13T00:00:00,15,73,DD-P03,Small Box (500g),Raw materials,V02,Continental Printing Co.,0.21,EUR
723,.1~724,724,D3,04,13,04/13,2024-03-13T00:00:00,15,73,DD-P04,Small Bag (500g),Raw materials,V02,Continental Printing Co.,0.09,EUR
724,.1~725,725,D3,04,13,04/13,2024-03-13T00:00:00,15,73,DD-R01,Nuts,Raw materials,V01,Foodbroker Inc.,2.02,EUR
725,.1~726,726,D3,04,13,04/13,2024-03-13T00:00:00,15,73,DD-R02,Blueberries,Raw materials,V01,Foodbroker Inc.,4.57,EUR
726,.1~727,727,D3,04,13,04/13,2024-03-13T00:00:00,15,73,DD-R03,Strawberries,Raw materials,V01,Foodbroker Inc.,5.37,EUR
727,.1~728,728,D3,04,13,04/13,2024-03-13T00:00:00,15,73,DD-R04,Raisins,Raw materials,V01,Foodbroker Inc.,1.00,EUR
728,.1~729,729,D3,04,13,04/13,2024-03-13T00:00:00,15,73,DD-R05,Wheat,Raw materials,V01,Foodbroker Inc.,1.10,EUR
729,.1~730,730,D3,04,13,04/13,2024-03-13T00:00:00,15,73,DD-R06,Oats,Raw materials,V01,Foodbroker Inc.,0.64,EUR
730,.1~731,731,D3,04,14,04/14,2024-03-14T00:00:00,15,74,DD-P01,Large Box (1kg),Raw materials,V02,Continental Printing Co.,0.28,EUR
731,.1~732,732,D3,04,14,04/14,2024-03-14T00:00:00,15,74,DD-P02,Large Bag (1kg),Raw materials,V02,Continental Printing Co.,0.12,EUR
732,.1~733,733,D3,04,14,04/14,2024-03-14T00:00:00,15,74,DD-P03,Small Box (500g),Raw materials,V02,Continental Printing Co.,0.21,EUR
733,.1~734,734,D3,04,14,04/14,2024-03-14T00:00:00,15,74,DD-P04,Small Bag (500g),Raw materials,V02,Continental Printing Co.,0.09,EUR
734,.1~735,735,D3,04,14,04/14,2024-03-14T00:00:00,15,74,DD-R01,Nuts,Raw materials,V01,Foodbroker Inc.,2.02,EUR
735,.1~736,736,D3,04,14,04/14,2024-03-14T00:00:00,15,74,DD-R02,Blueberries,Raw materials,V01,Foodbroker Inc.,4.57,EUR
736,.1~737,737,D3,04,14,04/14,2024-03-14T00:00:00,15,74,DD-R03,Strawberries,Raw materials,V01,Foodbroker Inc.,5.37,EUR
737,.1~738,738,D3,04,14,04/14,2024-03-14T00:00:00,15,74,DD-R04,Raisins,Raw materials,V01,Foodbroker Inc.,1.00,EUR
738,.1~739,739,D3,04,14,04/14,2024-03-14T00:00:00,15,74,DD-R05,Wheat,Raw materials,V01,Foodbroker Inc.,1.10,EUR
739,.1~740,740,D3,04,14,04/14,2024-03-14T00:00:00,15,74,DD-R06,Oats,Raw materials,V01,Foodbroker Inc.,0.64,EUR
740,.1~741,741,D3,04,15,04/15,2024-03-15T00:00:00,15,75,DD-P01,Large Box (1kg),Raw materials,V02,Continental Printing Co.,0.28,EUR
741,.1~742,742,D3,04,15,04/15,2024-03-15T00:00:00,15,75,DD-P02,Large Bag (1kg),Raw materials,V02,Continental Printing Co.,0.12,EUR
742,.1~743,743,D3,04,15,04/15,2024-03-15T00:00:00,15,75,DD-P03,Small Box (500g),Raw materials,V02,Continental Printing Co.,0.21,EUR
743,.1~744,744,D3,04,15,04/15,2024-03-15T00:00:00,15,75,DD-P04,Small Bag (500g),Raw materials,V02,Continental Printing Co.,0.09,EUR
744,.1~745,745,D3,04,15,04/15,2024-03-15T00:00:00,15,75,DD-R01,Nuts,Raw materials,V01,Foodbroker Inc.,2.02,EUR
745,.1~746,746,D3,04,15,04/15,2024-03-15T00:00:00,15,75,DD-R02,Blueberries,Raw materials,V01,Foodbroker Inc.,4.57,EUR
746,.1~747,747,D3,04,15,04/15,2024-03-15T00:00:00,15,75,DD-R03,Strawberries,Raw materials,V01,Foodbroker Inc.,5.37,EUR
747,.1~748,748,D3,04,15,04/15,2024-03-15T00:00:00,15,75,DD-R04,Raisins,Raw materials,V01,Foodbroker Inc.,1.00,EUR
748,.1~749,749,D3,04,15,04/15,2024-03-15T00:00:00,15,75,DD-R05,Wheat,Raw materials,V01,Foodbroker Inc.,1.10,EUR
749,.1~750,750,D3,04,15,04/15,2024-03-15T00:00:00,15,75,DD-R06,Oats,Raw materials,V01,Foodbroker Inc.,0.64,EUR
750,.1~751,751,D3,04,16,04/16,2024-03-16T00:00:00,16,76,DD-P01,Large Box (1kg),Raw materials,V02,Continental Printing Co.,0.33,EUR
751,.1~752,752,D3,04,16,04/16,2024-03-16T00:00:00,16,76,DD-P02,Large Bag (1kg),Raw materials,V02,Continental Printing Co.,0.16,EUR
752,.1~753,753,D3,04,16,04/16,2024-03-16T00:00:00,16,76,DD-P03,Small Box (500g),Raw materials,V02,Continental Printing Co.,0.25,EUR
753,.1~754,754,D3,04,16,04/16,2024-03-16T00:00:00,16,76,DD-P04,Small Bag (500g),Raw materials,V02,Continental Printing Co.,0.14,EUR
754,.1~755,755,D3,04,16,04/16,2024-03-16T00:00:00,16,76,DD-R01,Nuts,Raw materials,V01,Foodbroker Inc.,2.13,EUR
755,.1~756,756,D3,04,16,04/16,2024-03-16T00:00:00,16,76,DD-R02,Blueberries,Raw materials,V01,Foodbroker Inc.,4.65,EUR
756,.1~757,757,D3,04,16,04/16,2024-03-16T00:00:00,16,76,DD-R03,Strawberries,Raw materials,V01,Foodbroker Inc.,5.40,EUR
757,.1~758,758,D3,04,16,04/16,2024-03-16T00:00:00,16,76,DD-R04,Raisins,Raw materials,V01,Foodbroker Inc.,0.87,EUR
758,.1~759,759,D3,04,16,04/16,2024-03-16T00:00:00,16,76,DD-R05,Wheat,Raw materials,V01,Foodbroker Inc.,1.12,EUR
759,.1~760,760,D3,04,16,04/16,2024-03-16T00:00:00,16,76,DD-R06,Oats,Raw materials,V01,Foodbroker Inc.,0.65,EUR
760,.1~761,761,D3,04,17,04/17,2024-03-17T00:00:00,16,77,DD-P01,Large Box (1kg),Raw materials,V02,Continental Printing Co.,0.33,EUR
761,.1~762,762,D3,04,17,04/17,2024-03-17T00:00:00,16,77,DD-P02,Large Bag (1kg),Raw materials,V02,Continental Printing Co.,0.16,EUR
762,.1~763,763,D3,04,17,04/17,2024-03-17T00:00:00,16,77,DD-P03,Small Box (500g),Raw materials,V02,Continental Printing Co.,0.25,EUR
763,.1~764,764,D3,04,17,04/17,2024-03-17T00:00:00,16,77,DD-P04,Small Bag (500g),Raw materials,V02,Continental Printing Co.,0.14,EUR
764,.1~765,765,D3,04,17,04/17,2024-03-17T00:00:00,16,77,DD-R01,Nuts,Raw materials,V01,Foodbroker Inc.,2.13,EUR
765,.1~766,766,D3,04,17,04/17,2024-03-17T00:00:00,16,77,DD-R02,Blueberries,Raw materials,V01,Foodbroker Inc.,4.65,EUR
766,.1~767,767,D3,04,17,04/17,2024-03-17T00:00:00,16,77,DD-R03,Strawberries,Raw materials,V01,Foodbroker Inc.,5.40,EUR
767,.1~768,768,D3,04,17,04/17,2024-03-17T00:00:00,16,77,DD-R04,Raisins,Raw materials,V01,Foodbroker Inc.,0.87,EUR
768,.1~769,769,D3,04,17,04/17,2024-03-17T00:00:00,16,77,DD-R05,Wheat,Raw materials,V01,Foodbroker Inc.,1.12,EUR
769,.1~770,770,D3,04,17,04/17,2024-03-17T00:00:00,16,77,DD-R06,Oats,Raw materials,V01,Foodbroker Inc.,0.65,EUR
770,.1~771,771,D3,04,18,04/18,2024-03-18T00:00:00,16,78,DD-P01,Large Box (1kg),Raw materials,V02,Continental Printing Co.,0.33,EUR
771,.1~772,772,D3,04,18,04/18,2024-03-18T00:00:00,16,78,DD-P02,Large Bag (1kg),Raw materials,V02,Continental Printing Co.,0.16,EUR
772,.1~773,773,D3,04,18,04/18,2024-03-18T00:00:00,16,78,DD-P03,Small Box (500g),Raw materials,V02,Continental Printing Co.,0.25,EUR
773,.1~774,774,D3,04,18,04/18,2024-03-18T00:00:00,16,78,DD-P04,Small Bag (500g),Raw materials,V02,Continental Printing Co.,0.14,EUR
774,.1~775,775,D3,04,18,04/18,2024-03-18T00:00:00,16,78,DD-R01,Nuts,Raw materials,V01,Foodbroker Inc.,2.13,EUR
775,.1~776,776,D3,04,18,04/18,2024-03-18T00:00:00,16,78,DD-R02,Blueberries,Raw materials,V01,Foodbroker Inc.,4.65,EUR
776,.1~777,777,D3,04,18,04/18,2024-03-18T00:00:00,16,78,DD-R03,Strawberries,Raw materials,V01,Foodbroker Inc.,5.40,EUR
777,.1~778,778,D3,04,18,04/18,2024-03-18T00:00:00,16,78,DD-R04,Raisins,Raw materials,V01,Foodbroker Inc.,0.87,EUR
778,.1~779,779,D3,04,18,04/18,2024-03-18T00:00:00,16,78,DD-R05,Wheat,Raw materials,V01,Foodbroker Inc.,1.12,EUR
779,.1~780,780,D3,04,18,04/18,2024-03-18T00:00:00,16,78,DD-R06,Oats,Raw materials,V01,Foodbroker Inc.,0.65,EUR
780,.1~781,781,D3,04,19,04/19,2024-03-19T00:00:00,16,79,DD-P01,Large Box (1kg),Raw materials,V02,Continental Printing Co.,0.33,EUR
781,.1~782,782,D3,04,19,04/19,2024-03-19T00:00:00,16,79,DD-P02,Large Bag (1kg),Raw materials,V02,Continental Printing Co.,0.16,EUR
782,.1~783,783,D3,04,19,04/19,2024-03-19T00:00:00,16,79,DD-P03,Small Box (500g),Raw materials,V02,Continental Printing Co.,0.25,EUR
783,.1~784,784,D3,04,19,04/19,2024-03-19T00:00:00,16,79,DD-P04,Small Bag (500g),Raw materials,V02,Continental Printing Co.,0.14,EUR
784,.1~785,785,D3,04,19,04/19,2024-03-19T00:00:00,16,79,DD-R01,Nuts,Raw materials,V01,Foodbroker Inc.,2.13,EUR
785,.1~786,786,D3,04,19,04/19,2024-03-19T00:00:00,16,79,DD-R02,Blueberries,Raw materials,V01,Foodbroker Inc.,4.65,EUR
786,.1~787,787,D3,04,19,04/19,2024-03-19T00:00:00,16,79,DD-R03,Strawberries,Raw materials,V01,Foodbroker Inc.,5.40,EUR
787,.1~788,788,D3,04,19,04/19,2024-03-19T00:00:00,16,79,DD-R04,Raisins,Raw materials,V01,Foodbroker Inc.,0.87,EUR
788,.1~789,789,D3,04,19,04/19,2024-03-19T00:00:00,16,79,DD-R05,Wheat,Raw materials,V01,Foodbroker Inc.,1.12,EUR
789,.1~790,790,D3,04,19,04/19,2024-03-19T00:00:00,16,79,DD-R06,Oats,Raw materials,V01,Foodbroker Inc.,0.65,EUR
790,.1~791,791,D3,04,20,04/20,2024-03-20T00:00:00,16,80,DD-P01,Large Box (1kg),Raw materials,V02,Continental Printing Co.,0.33,EUR
791,.1~792,792,D3,04,20,04/20,2024-03-20T00:00:00,16,80,DD-P02,Large Bag (1kg),Raw materials,V02,Continental Printing Co.,0.16,EUR
792,.1~793,793,D3,04,20,04/20,2024-03-20T00:00:00,16,80,DD-P03,Small Box (500g),Raw materials,V02,Continental Printing Co.,0.25,EUR
793,.1~794,794,D3,04,20,04/20,2024-03-20T00:00:00,16,80,DD-P04,Small Bag (500g),Raw materials,V02,Continental Printing Co.,0.14,EUR
794,.1~795,795,D3,04,20,04/20,2024-03-20T00:00:00,16,80,DD-R01,Nuts,Raw materials,V01,Foodbroker Inc.,2.13,EUR
795,.1~796,796,D3,04,20,04/20,2024-03-20T00:00:00,16,80,DD-R02,Blueberries,Raw materials,V01,Foodbroker Inc.,4.65,EUR
796,.1~797,797,D3,04,20,04/20,2024-03-20T00:00:00,16,80,DD-R03,Strawberries,Raw materials,V01,Foodbroker Inc.,5.40,EUR
797,.1~798,798,D3,04,20,04/20,2024-03-20T00:00:00,16,80,DD-R04,Raisins,Raw materials,V01,Foodbroker Inc.,0.87,EUR
798,.1~799,799,D3,04,20,04/20,2024-03-20T00:00:00,16,80,DD-R05,Wheat,Raw materials,V01,Foodbroker Inc.,1.12,EUR
799,.1~800,800,D3,04,20,04/20,2024-03-20T00:00:00,16,80,DD-R06,Oats,Raw materials,V01,Foodbroker Inc.,0.65,EUR
