,ID,ROW_ID,PURCHASING_ORGANIZATION,SIM_ROUND,SIM_STEP,SIM_DATE,SIM_CALENDAR_DATE,SIM_PERIOD,SIM_ELAPSED_STEPS,MATERIAL_NUMBER,MATERIAL_DESCRIPTION,MATERIAL_TYPE,VENDOR_CODE,VENDOR_NAME,NET_PRICE,CURRENCY
0,.1~1,1,C2,01,01,01/01,2024-01-01T00:00:00,1,1,CC-P01,Large Box (1kg),Raw materials,V02,Continental Printing Co.,0.28,EUR
1,.1~2,2,C2,01,01,01/01,2024-01-01T00:00:00,1,1,CC-P02,Large Bag (1kg),Raw materials,V02,Continental Printing Co.,0.12,EUR
2,.1~3,3,C2,01,01,01/01,2024-01-01T00:00:00,1,1,CC-P03,Small Box (500g),Raw materials,V02,Continental Printing Co.,0.21,EUR
3,.1~4,4,C2,01,01,01/01,2024-01-01T00:00:00,1,1,CC-P04,Small Bag (500g),Raw materials,V02,Continental Printing Co.,0.09,EUR
4,.1~5,5,C2,01,01,01/01,2024-01-01T00:00:00,1,1,CC-R01,Nuts,Raw materials,V01,Foodbroker Inc.,1.82,EUR
5,.1~6,6,C2,01,01,01/01,2024-01-01T00:00:00,1,1,CC-R02,Blueberries,Raw materials,V01,Foodbroker Inc.,4.00,EUR
6,.1~7,7,C2,01,01,01/01,2024-01-01T00:00:00,1,1,CC-R03,Strawberries,Raw materials,V01,Foodbroker Inc.,4.02,EUR
7,.1~8,8,C2,01,01,01/01,2024-01-01T00:00:00,1,1,CC-R04,Raisins,Raw materials,V01,Foodbroker Inc.,1.07,EUR
8,.1~9,9,C2,01,01,01/01,2024-01-01T00:00:00,1,1,CC-R05,Wheat,Raw materials,V01,Foodbroker Inc.,0.99,EUR
9,.1~10,10,C2,01,01,01/01,2024-01-01T00:00:00,1,1,CC-R06,Oats,Raw materials,V01,Foodbroker Inc.,0.92,EUR
10,.1~11,11,C2,01,02,01/02,2024-01-02T00:00:00,1,2,CC-P01,Large Box (1kg),Raw materials,V02,Continental Printing Co.,0.28,EUR
11,.1~12,12,C2,01,02,01/02,2024-01-02T00:00:00,1,2,CC-P02,Large Bag (1kg),Raw materials,V02,Continental Printing Co.,0.12,EUR
12,.1~13,13,C2,01,02,01/02,2024-01-02T00:00:00,1,2,CC-P03,Small Box (500g),Raw materials,V02,Continental Printing Co.,0.21,EUR
13,.1~14,14,C2,01,02,01/02,2024-01-02T00:00:00,1,2,CC-P04,Small Bag (500g),Raw materials,V02,Continental Printing Co.,0.09,EUR
14,.1~15,15,C2,01,02,01/02,2024-01-02T00:00:00,1,2,CC-R01,Nuts,Raw materials,V01,Foodbroker Inc.,1.82,EUR
15,.1~16,16,C2,01,02,01/02,2024-01-02T00:00:00,1,2,CC-R02,Blueberries,Raw materials,V01,Foodbroker Inc.,4.00,EUR
16,.1~17,17,C2,01,02,01/02,2024-01-02T00:00:00,1,2,CC-R03,Strawberries,Raw materials,V01,Foodbroker Inc.,4.02,EUR
17,.1~18,18,C2,01,02,01/02,2024-01-02T00:00:00,1,2,CC-R04,Raisins,Raw materials,V01,Foodbroker Inc.,1.07,EUR
18,.1~19,19,C2,01,02,01/02,2024-01-02T00:00:00,1,2,CC-R05,Wheat,Raw materials,V01,Foodbroker Inc.,0.99,EUR
19,.1~20,20,C2,01,02,01/02,2024-01-02T00:00:00,1,2,CC-R06,Oats,Raw materials,V01,Foodbroker Inc.,0.92,EUR
20,.1~21,21,C2,01,03,01/03,2024-01-03T00:00:00,1,3,CC-P01,Large Box (1kg),Raw materials,V02,Continental Printing Co.,0.28,EUR
21,.1~22,22,C2,01,03,01/03,2024-01-03T00:00:00,1,3,CC-P02,Large Bag (1kg),Raw materials,V02,Continental Printing Co.,0.12,EUR
22,.1~23,23,C2,01,03,01/03,2024-01-03T00:00:00,1,3,CC-P03,Small Box (500g),Raw materials,V02,Continental Printing Co.,0.21,EUR
23,.1~24,24,C2,01,03,01/03,2024-01-03T00:00:00,1,3,CC-P04,Small Bag (500g),Raw materials,V02,Continental Printing Co.,0.09,EUR
24,.1~25,25,C2,01,03,01/03,2024-01-03T00:00:00,1,3,CC-R01,Nuts,Raw materials,V01,Foodbroker Inc.,1.82,EUR
25,.1~26,26,C2,01,03,01/03,2024-01-03T00:00:00,1,3,CC-R02,Blueberries,Raw materials,V01,Foodbroker Inc.,4.00,EUR
26,.1~27,27,C2,01,03,01/03,2024-01-03T00:00:00,1,3,CC-R03,Strawberries,Raw materials,V01,Foodbroker Inc.,4.02,EUR
27,.1~28,28,C2,01,03,01/03,2024-01-03T00:00:00,1,3,CC-R04,Raisins,Raw materials,V01,Foodbroker Inc.,1.07,EUR
28,.1~29,29,C2,01,03,01/03,2024-01-03T00:00:00,1,3,CC-R05,Wheat,Raw materials,V01,Foodbroker Inc.,0.99,EUR
29,.1~30,30,C2,01,03,01/03,2024-01-03T00:00:00,1,3,CC-R06,Oats,Raw materials,V01,Foodbroker Inc.,0.92,EUR
30,.1~31,31,C2,01,04,01/04,2024-01-04T00:00:00,1,4,CC-P01,Large Box (1kg),Raw materials,V02,Continental Printing Co.,0.28,EUR
31,.1~32,32,C2,01,04,01/04,2024-01-04T00:00:00,1,4,CC-P02,Large Bag (1kg),Raw materials,V02,Continental Printing Co.,0.12,EUR
32,.1~33,33,C2,01,04,01/04,2024-01-04T00:00:00,1,4,CC-P03,Small Box (500g),Raw materials,V02,Continental Printing Co.,0.21,EUR
33,.1~34,34,C2,01,04,01/04,2024-01-04T00:00:00,1,4,CC-P04,Small Bag (500g),Raw materials,V02,Continental Printing Co.,0.09,EUR
34,.1~35,35,C2,01,04,01/04,2024-01-04T00:00:00,1,4,CC-R01,Nuts,Raw materials,V01,Foodbroker Inc.,1.82,EUR
35,.1~36,36,C2,01,04,01/04,2024-01-04T00:00:00,1,4,CC-R02,Blueberries,Raw materials,V01,Foodbroker Inc.,4.00,EUR
36,.1~37,37,C2,01,04,01/04,2024-01-04T00:00:00,1,4,CC-R03,Strawberries,Raw materials,V01,Foodbroker Inc.,4.02,EUR
37,.1~38,38,C2,01,04,01/04,2024-01-04T00:00:00,1,4,CC-R04,Raisins,Raw materials,V01,Foodbroker Inc.,1.07,EUR
38,.1~39,39,C2,01,04,01/04,2024-01-04T00:00:00,1,4,CC-R05,Wheat,Raw materials,V01,Foodbroker Inc.,0.99,EUR
39,.1~40,40,C2,01,04,01/04,2024-01-04T00:00:00,1,4,CC-R06,Oats,Raw materials,V01,Foodbroker Inc.,0.92,EUR
40,.1~41,41,C2,01,05,01/05,2024-01-05T00:00:00,1,5,CC-P01,Large Box (1kg),Raw materials,V02,Continental Printing Co.,0.28,EUR
41,.1~42,42,C2,01,05,01/05,2024-01-05T00:00:00,1,5,CC-P02,Large Bag (1kg),Raw materials,V02,Continental Printing Co.,0.12,EUR
42,.1~43,43,C2,01,05,01/05,2024-01-05T00:00:00,1,5,CC-P03,Small Box (500g),Raw materials,V02,Continental Printing Co.,0.21,EUR
43,.1~44,44,C2,01,05,01/05,2024-01-05T00:00:00,1,5,CC-P04,Small Bag (500g),Raw materials,V02,Continental Printing Co.,0.09,EUR
44,.1~45,45,C2,01,05,01/05,2024-01-05T00:00:00,1,5,CC-R01,Nuts,Raw materials,V01,Foodbroker Inc.,1.82,EUR
45,.1~46,46,C2,01,05,01/05,2024-01-05T00:00:00,1,5,CC-R02,Blueberries,Raw materials,V01,Foodbroker Inc.,4.00,EUR
46,.1~47,47,C2,01,05,01/05,2024-01-05T00:00:00,1,5,CC-R03,Strawberries,Raw materials,V01,Foodbroker Inc.,4.02,EUR
47,.1~48,48,C2,01,05,01/05,2024-01-05T00:00:00,1,5,CC-R04,Raisins,Raw materials,V01,Foodbroker Inc.,1.07,EUR
48,.1~49,49,C2,01,05,01/05,2024-01-05T00:00:00,1,5,CC-R05,Wheat,Raw materials,V01,Foodbroker Inc.,0.99,EUR
49,.1~50,50,C2,01,05,01/05,2024-01-05T00:00:00,1,5,CC-R06,Oats,Raw materials,V01,Foodbroker Inc.,0.92,EUR
50,.1~51,51,C2,01,06,01/06,2024-01-06T00:00:00,2,6,CC-P01,Large Box (1kg),Raw materials,V02,Continental Printing Co.,0.28,EUR
51,.1~52,52,C2,01,06,01/06,2024-01-06T00:00:00,2,6,CC-P02,Large Bag (1kg),Raw materials,V02,Continental Printing Co.,0.12,EUR
52,.1~53,53,C2,01,06,01/06,2024-01-06T00:00:00,2,6,CC-P03,Small Box (500g),Raw materials,V02,Continental Printing Co.,0.21,EUR
53,.1~54,54,C2,01,06,01/06,2024-01-06T00:00:00,2,6,CC-P04,Small Bag (500g),Raw materials,V02,Continental Printing Co.,0.09,EUR
54,.1~55,55,C2,01,06,01/06,2024-01-06T00:00:00,2,6,CC-R01,Nuts,Raw materials,V01,Foodbroker Inc.,1.75,EUR
55,.1~56,56,C2,01,06,01/06,2024-01-06T00:00:00,2,6,CC-R02,Blueberries,Raw materials,V01,Foodbroker Inc.,3.93,EUR
56,.1~57,57,C2,01,06,01/06,2024-01-06T00:00:00,2,6,CC-R03,Strawberries,Raw materials,V01,Foodbroker Inc.,4.19,EUR
57,.1~58,58,C2,01,06,01/06,2024-01-06T00:00:00,2,6,CC-R04,Raisins,Raw materials,V01,Foodbroker Inc.,1.18,EUR
58,.1~59,59,C2,01,06,01/06,2024-01-06T00:00:00,2,6,CC-R05,Wheat,Raw materials,V01,Foodbroker Inc.,0.94,EUR
59,.1~60,60,C2,01,06,01/06,2024-01-06T00:00:00,2,6,CC-R06,Oats,Raw materials,V01,Foodbroker Inc.,0.84,EUR
60,.1~61,61,C2,01,07,01/07,2024-01-07T00:00:00,2,7,CC-P01,Large Box (1kg),Raw materials,V02,Continental Printing Co.,0.28,EUR
61,.1~62,62,C2,01,07,01/07,2024-01-07T00:00:00,2,7,CC-P02,Large Bag (1kg),Raw materials,V02,Continental Printing Co.,0.12,EUR
62,.1~63,63,C2,01,07,01/07,2024-01-07T00:00:00,2,7,CC-P03,Small Box (500g),Raw materials,V02,Continental Printing Co.,0.21,EUR
63,.1~64,64,C2,01,07,01/07,2024-01-07T00:00:00,2,7,CC-P04,Small Bag (500g),Raw materials,V02,Continental Printing Co.,0.09,EUR
64,.1~65,65,C2,01,07,01/07,2024-01-07T00:00:00,2,7,CC-R01,Nuts,Raw materials,V01,Foodbroker Inc.,1.75,EUR
65,.1~66,66,C2,01,07,01/07,2024-01-07T00:00:00,2,7,CC-R02,Blueberries,Raw materials,V01,Foodbroker Inc.,3.93,EUR
66,.1~67,67,C2,01,07,01/07,2024-01-07T00:00:00,2,7,CC-R03,Strawberries,Raw materials,V01,Foodbroker Inc.,4.19,EUR
67,.1~68,68,C2,01,07,01/07,2024-01-07T00:00:00,2,7,CC-R04,Raisins,Raw materials,V01,Foodbroker Inc.,1.18,EUR
68,.1~69,69,C2,01,07,01/07,2024-01-07T00:00:00,2,7,CC-R05,Wheat,Raw materials,V01,Foodbroker Inc.,0.94,EUR
69,.1~70,70,C2,01,07,01/07,2024-01-07T00:00:00,2,7,CC-R06,Oats,Raw materials,V01,Foodbroker Inc.,0.84,EUR
70,.1~71,71,C2,01,08,01/08,2024-01-08T00:00:00,2,8,CC-P01,Large Box (1kg),Raw materials,V02,Continental Printing Co.,0.28,EUR
71,.1~72,72,C2,01,08,01/08,2024-01-08T00:00:00,2,8,CC-P02,Large Bag (1kg),Raw materials,V02,Continental Printing Co.,0.12,EUR
72,.1~73,73,C2,01,08,01/08,2024-01-08T00:00:00,2,8,CC-P03,Small Box (500g),Raw materials,V02,Continental Printing Co.,0.21,EUR
73,.1~74,74,C2,01,08,01/08,2024-01-08T00:00:00,2,8,CC-P04,Small Bag (500g),Raw materials,V02,Continental Printing Co.,0.09,EUR
74,.1~75,75,C2,01,08,01/08,2024-01-08T00:00:00,2,8,CC-R01,Nuts,Raw materials,V01,Foodbroker Inc.,1.75,EUR
75,.1~76,76,C2,01,08,01/08,2024-01-08T00:00:00,2,8,CC-R02,Blueberries,Raw materials,V01,Foodbroker Inc.,3.93,EUR
76,.1~77,77,C2,01,08,01/08,2024-01-08T00:00:00,2,8,CC-R03,Strawberries,Raw materials,V01,Foodbroker Inc.,4.19,EUR
77,.1~78,78,C2,01,08,01/08,2024-01-08T00:00:00,2,8,CC-R04,Raisins,Raw materials,V01,Foodbroker Inc.,1.18,EUR
78,.1~79,79,C2,01,08,01/08,2024-01-08T00:00:00,2,8,CC-R05,Wheat,Raw materials,V01,Foodbroker Inc.,0.94,EUR
79,.1~80,80,C2,01,08,01/08,2024-01-08T00:00:00,2,8,CC-R06,Oats,Raw materials,V01,Foodbroker Inc.,0.84,EUR
80,.1~81,81,C2,01,09,01/09,2024-01-09T00:00:00,2,9,CC-P01,Large Box (1kg),Raw materials,V02,Continental Printing Co.,0.28,EUR
81,.1~82,82,C2,01,09,01/09,2024-01-09T00:00:00,2,9,CC-P02,Large Bag (1kg),Raw materials,V02,Continental Printing Co.,0.12,EUR
82,.1~83,83,C2,01,09,01/09,2024-01-09T00:00:00,2,9,CC-P03,Small Box (500g),Raw materials,V02,Continental Printing Co.,0.21,EUR
83,.1~84,84,C2,01,09,01/09,2024-01-09T00:00:00,2,9,CC-P04,Small Bag (500g),Raw materials,V02,Continental Printing Co.,0.09,EUR
84,.1~85,85,C2,01,09,01/09,2024-01-09T00:00:00,2,9,CC-R01,Nuts,Raw materials,V01,Foodbroker Inc.,1.75,EUR
85,.1~86,86,C2,01,09,01/09,2024-01-09T00:00:00,2,9,CC-R02,Blueberries,Raw materials,V01,Foodbroker Inc.,3.93,EUR
86,.1~87,87,C2,01,09,01/09,2024-01-09T00:00:00,2,9,CC-R03,Strawberries,Raw materials,V01,Foodbroker Inc.,4.19,EUR
87,.1~88,88,C2,01,09,01/09,2024-01-09T00:00:00,2,9,CC-R04,Raisins,Raw materials,V01,Foodbroker Inc.,1.18,EUR
88,.1~89,89,C2,01,09,01/09,2024-01-09T00:00:00,2,9,CC-R05,Wheat,Raw materials,V01,Foodbroker Inc.,0.94,EUR
89,.1~90,90,C2,01,09,01/09,2024-01-09T00:00:00,2,9,CC-R06,Oats,Raw materials,V01,Foodbroker Inc.,0.84,EUR
90,.1~91,91,C2,01,10,01/10,2024-01-10T00:00:00,2,10,CC-P01,Large Box (1kg),Raw materials,V02,Continental Printing Co.,0.28,EUR
91,.1~92,92,C2,01,10,01/10,2024-01-10T00:00:00,2,10,CC-P02,Large Bag (1kg),Raw materials,V02,Continental Printing Co.,0.12,EUR
92,.1~93,93,C2,01,10,01/10,2024-01-10T00:00:00,2,10,CC-P03,Small Box (500g),Raw materials,V02,Continental Printing Co.,0.21,EUR
93,.1~94,94,C2,01,10,01/10,2024-01-10T00:00:00,2,10,CC-P04,Small Bag (500g),Raw materials,V02,Continental Printing Co.,0.09,EUR
94,.1~95,95,C2,01,10,01/10,2024-01-10T00:00:00,2,10,CC-R01,Nuts,Raw materials,V01,Foodbroker Inc.,1.75,EUR
95,.1~96,96,C2,01,10,01/10,2024-01-10T00:00:00,2,10,CC-R02,Blueberries,Raw materials,V01,Foodbroker Inc.,3.93,EUR
96,.1~97,97,C2,01,10,01/10,2024-01-10T00:00:00,2,10,CC-R03,Strawberries,Raw materials,V01,Foodbroker Inc.,4.19,EUR
97,.1~98,98,C2,01,10,01/10,2024-01-10T00:00:00,2,10,CC-R04,Raisins,Raw materials,V01,Foodbroker Inc.,1.18,EUR
98,.1~99,99,C2,01,10,01/10,2024-01-10T00:00:00,2,10,CC-R05,Wheat,Raw materials,V01,Foodbroker Inc.,0.94,EUR
99,.1~100,100,C2,01,10,01/10,2024-01-10T00:00:00,2,10,CC-R06,Oats,Raw materials,V01,Foodbroker Inc.,0.84,EUR
100,.1~101,101,C2,01,11,01/11,2024-01-11T00:00:00,3,11,CC-P01,Large Box (1kg),Raw materials,V02,Continental Printing Co.,0.28,EUR
101,.1~102,102,C2,01,11,01/11,2024-01-11T00:00:00,3,11,CC-P02,Large Bag (1kg),Raw materials,V02,Continental Printing Co.,0.12,EUR
102,.1~103,103,C2,01,11,01/11,2024-01-11T00:00:00,3,11,CC-P03,Small Box (500g),Raw materials,V02,Continental Printing Co.,0.21,EUR
103,.1~104,104,C2,01,11,01/11,2024-01-11T00:00:00,3,11,CC-P04,Small Bag (500g),Raw materials,V02,Continental Printing Co.,0.09,EUR
104,.1~105,105,C2,01,11,01/11,2024-01-11T00:00:00,3,11,CC-R01,Nuts,Raw materials,V01,Foodbroker Inc.,1.83,EUR
105,.1~106,106,C2,01,11,01/11,2024-01-11T00:00:00,3,11,CC-R02,Blueberries,Raw materials,V01,Foodbroker Inc.,3.96,EUR
106,.1~107,107,C2,01,11,01/11,2024-01-11T00:00:00,3,11,CC-R03,Strawberries,Raw materials,V01,Foodbroker Inc.,4.25,EUR
107,.1~108,108,C2,01,11,01/11,2024-01-11T00:00:00,3,11,CC-R04,Raisins,Raw materials,V01,Foodbroker Inc.,1.23,EUR
108,.1~109,109,C2,01,11,01/11,2024-01-11T00:00:00,3,11,CC-R05,Wheat,Raw materials,V01,Foodbroker Inc.,0.92,EUR
109,.1~110,110,C2,01,11,01/11,2024-01-11T00:00:00,3,11,CC-R06,Oats,Raw materials,V01,Foodbroker Inc.,0.78,EUR
110,.1~111,111,C2,01,12,01/12,2024-01-12T00:00:00,3,12,CC-P01,Large Box (1kg),Raw materials,V02,Continental Printing Co.,0.28,EUR
111,.1~112,112,C2,01,12,01/12,2024-01-12T00:00:00,3,12,CC-P02,Large Bag (1kg),Raw materials,V02,Continental Printing Co.,0.12,EUR
112,.1~113,113,C2,01,12,01/12,2024-01-12T00:00:00,3,12,CC-P03,Small Box (500g),Raw materials,V02,Continental Printing Co.,0.21,EUR
113,.1~114,114,C2,01,12,01/12,2024-01-12T00:00:00,3,12,CC-P04,Small Bag (500g),Raw materials,V02,Continental Printing Co.,0.09,EUR
114,.1~115,115,C2,01,12,01/12,2024-01-12T00:00:00,3,12,CC-R01,Nuts,Raw materials,V01,Foodbroker Inc.,1.83,EUR
115,.1~116,116,C2,01,12,01/12,2024-01-12T00:00:00,3,12,CC-R02,Blueberries,Raw materials,V01,Foodbroker Inc.,3.96,EUR
116,.1~117,117,C2,01,12,01/12,2024-01-12T00:00:00,3,12,CC-R03,Strawberries,Raw materials,V01,Foodbroker Inc.,4.25,EUR
117,.1~118,118,C2,01,12,01/12,2024-01-12T00:00:00,3,12,CC-R04,Raisins,Raw materials,V01,Foodbroker Inc.,1.23,EUR
118,.1~119,119,C2,01,12,01/12,2024-01-12T00:00:00,3,12,CC-R05,Wheat,Raw materials,V01,Foodbroker Inc.,0.92,EUR
119,.1~120,120,C2,01,12,01/12,2024-01-12T00:00:00,3,12,CC-R06,Oats,Raw materials,V01,Foodbroker Inc.,0.78,EUR
120,.1~121,121,C2,01,13,01/13,2024-01-13T00:00:00,3,13,CC-P01,Large Box (1kg),Raw materials,V02,Continental Printing Co.,0.28,EUR
121,.1~122,122,C2,01,13,01/13,2024-01-13T00:00:00,3,13,CC-P02,Large Bag (1kg),Raw materials,V02,Continental Printing Co.,0.12,EUR
122,.1~123,123,C2,01,13,01/13,2024-01-13T00:00:00,3,13,CC-P03,Small Box (500g),Raw materials,V02,Continental Printing Co.,0.21,EUR
123,.1~124,124,C2,01,13,01/13,2024-01-13T00:00:00,3,13,CC-P04,Small Bag (500g),Raw materials,V02,Continental Printing Co.,0.09,EUR
124,.1~125,125,C2,01,13,01/13,2024-01-13T00:00:00,3,13,CC-R01,Nuts,Raw materials,V01,Foodbroker Inc.,1.83,EUR
125,.1~126,126,C2,01,13,01/13,2024-01-13T00:00:00,3,13,CC-R02,Blueberries,Raw materials,V01,Foodbroker Inc.,3.96,EUR
126,.1~127,127,C2,01,13,01/13,2024-01-13T00:00:00,3,13,CC-R03,Strawberries,Raw materials,V01,Foodbroker Inc.,4.25,EUR
127,.1~128,128,C2,01,13,01/13,2024-01-13T00:00:00,3,13,CC-R04,Raisins,Raw materials,V01,Foodbroker Inc.,1.23,EUR
128,.1~129,129,C2,01,13,01/13,2024-01-13T00:00:00,3,13,CC-R05,Wheat,Raw materials,V01,Foodbroker Inc.,0.92,EUR
129,.1~130,130,C2,01,13,01/13,2024-01-13T00:00:00,3,13,CC-R06,Oats,Raw materials,V01,Foodbroker Inc.,0.78,EUR
130,.1~131,131,C2,01,14,01/14,2024-01-14T00:00:00,3,14,CC-P01,Large Box (1kg),Raw materials,V02,Continental Printing Co.,0.28,EUR
131,.1~132,132,C2,01,14,01/14,2024-01-14T00:00:00,3,14,CC-P02,Large Bag (1kg),Raw materials,V02,Continental Printing Co.,0.12,EUR
132,.1~133,133,C2,01,14,01/14,2024-01-14T00:00:00,3,14,CC-P03,Small Box (500g),Raw materials,V02,Continental Printing Co.,0.21,EUR
133,.1~134,134,C2,01,14,01/14,2024-01-14T00:00:00,3,14,CC-P04,Small Bag (500g),Raw materials,V02,Continental Printing Co.,0.09,EUR
134,.1~135,135,C2,01,14,01/14,2024-01-14T00:00:00,3,14,CC-R01,Nuts,Raw materials,V01,Foodbroker Inc.,1.83,EUR
135,.1~136,136,C2,01,14,01/14,2024-01-14T00:00:00,3,14,CC-R02,Blueberries,Raw materials,V01,Foodbroker Inc.,3.96,EUR
136,.1~137,137,C2,01,14,01/14,2024-01-14T00:00:00,3,14,CC-R03,Strawberries,Raw materials,V01,Foodbroker Inc.,4.25,EUR
137,.1~138,138,C2,01,14,01/14,2024-01-14T00:00:00,3,14,CC-R04,Raisins,Raw materials,V01,Foodbroker Inc.,1.23,EUR
138,.1~139,139,C2,01,14,01/14,2024-01-14T00:00:00,3,14,CC-R05,Wheat,Raw materials,V01,Foodbroker Inc.,0.92,EUR
139,.1~140,140,C2,01,14,01/14,2024-01-14T00:00:00,3,14,CC-R06,Oats,Raw materials,V01,Foodbroker Inc.,0.78,EUR
140,.1~141,141,C2,01,15,01/15,2024-01-15T00:00:00,3,15,CC-P01,Large Box (1kg),Raw materials,V02,Continental Printing Co.,0.28,EUR
141,.1~142,142,C2,01,15,01/15,2024-01-15T00:00:00,3,15,CC-P02,Large Bag (1kg),Raw materials,V02,Continental Printing Co.,0.12,EUR
142,.1~143,143,C2,01,15,01/15,2024-01-15T00:00:00,3,15,CC-P03,Small Box (500g),Raw materials,V02,Continental Printing Co.,0.21,EUR
143,.1~144,144,C2,01,15,01/15,2024-01-15T00:00:00,3,15,CC-P04,Small Bag (500g),Raw materials,V02,Continental Printing Co.,0.09,EUR
144,.1~145,145,C2,01,15,01/15,2024-01-15T00:00:00,3,15,CC-R01,Nuts,Raw materials,V01,Foodbroker Inc.,1.83,EUR
145,.1~146,146,C2,01,15,01/15,2024-01-15T00:00:00,3,15,CC-R02,Blueberries,Raw materials,V01,Foodbroker Inc.,3.96,EUR
146,.1~147,147,C2,01,15,01/15,2024-01-15T00:00:00,3,15,CC-R03,Strawberries,Raw materials,V01,Foodbroker Inc.,4.25,EUR
147,.1~148,148,C2,01,15,01/15,2024-01-15T00:00:00,3,15,CC-R04,Raisins,Raw materials,V01,Foodbroker Inc.,1.23,EUR
148,.1~149,149,C2,01,15,01/15,2024-01-15T00:00:00,3,15,CC-R05,Wheat,Raw materials,V01,Foodbroker Inc.,0.92,EUR
149,.1~150,150,C2,01,15,01/15,2024-01-15T00:00:00,3,15,CC-R06,Oats,Raw materials,V01,Foodbroker Inc.,0.78,EUR
150,.1~151,151,C2,01,16,01/16,2024-01-16T00:00:00,4,16,CC-P01,Large Box (1kg),Raw materials,V02,Continental Printing Co.,0.28,EUR
151,.1~152,152,C2,01,16,01/16,2024-01-16T00:00:00,4,16,CC-P02,Large Bag (1kg),Raw materials,V02,Continental Printing Co.,0.12,EUR
152,.1~153,153,C2,01,16,01/16,2024-01-16T00:00:00,4,16,CC-P03,Small Box (500g),Raw materials,V02,Continental Printing Co.,0.21,EUR
153,.1~154,154,C2,01,16,01/16,2024-01-16T00:00:00,4,16,CC-P04,Small Bag (500g),Raw materials,V02,Continental Printing Co.,0.09,EUR
154,.1~155,155,C2,01,16,01/16,2024-01-16T00:00:00,4,16,CC-R01,Nuts,Raw materials,V01,Foodbroker Inc.,1.87,EUR
155,.1~156,156,C2,01,16,01/16,2024-01-16T00:00:00,4,16,CC-R02,Blueberries,Raw materials,V01,Foodbroker Inc.,4.01,EUR
156,.1~157,157,C2,01,16,01/16,2024-01-16T00:00:00,4,16,CC-R03,Strawberries,Raw materials,V01,Foodbroker Inc.,4.27,EUR
157,.1~158,158,C2,01,16,01/16,2024-01-16T00:00:00,4,16,CC-R04,Raisins,Raw materials,V01,Foodbroker Inc.,1.34,EUR
158,.1~159,159,C2,01,16,01/16,2024-01-16T00:00:00,4,16,CC-R05,Wheat,Raw materials,V01,Foodbroker Inc.,0.90,EUR
159,.1~160,160,C2,01,16,01/16,2024-01-16T00:00:00,4,16,CC-R06,Oats,Raw materials,V01,Foodbroker Inc.,0.75,EUR
160,.1~161,161,C2,01,17,01/17,2024-01-17T00:00:00,4,17,CC-P01,Large Box (1kg),Raw materials,V02,Continental Printing Co.,0.28,EUR
161,.1~162,162,C2,01,17,01/17,2024-01-17T00:00:00,4,17,CC-P02,Large Bag (1kg),Raw materials,V02,Continental Printing Co.,0.12,EUR
162,.1~163,163,C2,01,17,01/17,2024-01-17T00:00:00,4,17,CC-P03,Small Box (500g),Raw materials,V02,Continental Printing Co.,0.21,EUR
163,.1~164,164,C2,01,17,01/17,2024-01-17T00:00:00,4,17,CC-P04,Small Bag (500g),Raw materials,V02,Continental Printing Co.,0.09,EUR
164,.1~165,165,C2,01,17,01/17,2024-01-17T00:00:00,4,17,CC-R01,Nuts,Raw materials,V01,Foodbroker Inc.,1.87,EUR
165,.1~166,166,C2,01,17,01/17,2024-01-17T00:00:00,4,17,CC-R02,Blueberries,Raw materials,V01,Foodbroker Inc.,4.01,EUR
166,.1~167,167,C2,01,17,01/17,2024-01-17T00:00:00,4,17,CC-R03,Strawberries,Raw materials,V01,Foodbroker Inc.,4.27,EUR
167,.1~168,168,C2,01,17,01/17,2024-01-17T00:00:00,4,17,CC-R04,Raisins,Raw materials,V01,Foodbroker Inc.,1.34,EUR
168,.1~169,169,C2,01,17,01/17,2024-01-17T00:00:00,4,17,CC-R05,Wheat,Raw materials,V01,Foodbroker Inc.,0.90,EUR
169,.1~170,170,C2,01,17,01/17,2024-01-17T00:00:00,4,17,CC-R06,Oats,Raw materials,V01,Foodbroker Inc.,0.75,EUR
170,.1~171,171,C2,01,18,01/18,2024-01-18T00:00:00,4,18,CC-P01,Large Box (1kg),Raw materials,V02,Continental Printing Co.,0.28,EUR
171,.1~172,172,C2,01,18,01/18,2024-01-18T00:00:00,4,18,CC-P02,Large Bag (1kg),Raw materials,V02,Continental Printing Co.,0.12,EUR
172,.1~173,173,C2,01,18,01/18,2024-01-18T00:00:00,4,18,CC-P03,Small Box (500g),Raw materials,V02,Continental Printing Co.,0.21,EUR
173,.1~174,174,C2,01,18,01/18,2024-01-18T00:00:00,4,18,CC-P04,Small Bag (500g),Raw materials,V02,Continental Printing Co.,0.09,EUR
174,.1~175,175,C2,01,18,01/18,2024-01-18T00:00:00,4,18,CC-R01,Nuts,Raw materials,V01,Foodbroker Inc.,1.87,EUR
175,.1~176,176,C2,01,18,01/18,2024-01-18T00:00:00,4,18,CC-R02,Blueberries,Raw materials,V01,Foodbroker Inc.,4.01,EUR
176,.1~177,177,C2,01,18,01/18,2024-01-18T00:00:00,4,18,CC-R03,Strawberries,Raw materials,V01,Foodbroker Inc.,4.27,EUR
177,.1~178,178,C2,01,18,01/18,2024-01-18T00:00:00,4,18,CC-R04,Raisins,Raw materials,V01,Foodbroker Inc.,1.34,EUR
178,.1~179,179,C2,01,18,01/18,2024-01-18T00:00:00,4,18,CC-R05,Wheat,Raw materials,V01,Foodbroker Inc.,0.90,EUR
179,.1~180,180,C2,01,18,01/18,2024-01-18T00:00:00,4,18,CC-R06,Oats,Raw materials,V01,Foodbroker Inc.,0.75,EUR
180,.1~181,181,C2,01,19,01/19,2024-01-19T00:00:00,4,19,CC-P01,Large Box (1kg),Raw materials,V02,Continental Printing Co.,0.28,EUR
181,.1~182,182,C2,01,19,01/19,2024-01-19T00:00:00,4,19,CC-P02,Large Bag (1kg),Raw materials,V02,Continental Printing Co.,0.12,EUR
182,.1~183,183,C2,01,19,01/19,2024-01-19T00:00:00,4,19,CC-P03,Small Box (500g),Raw materials,V02,Continental Printing Co.,0.21,EUR
183,.1~184,184,C2,01,19,01/19,2024-01-19T00:00:00,4,19,CC-P04,Small Bag (500g),Raw materials,V02,Continental Printing Co.,0.09,EUR
184,.1~185,185,C2,01,19,01/19,2024-01-19T00:00:00,4,19,CC-R01,Nuts,Raw materials,V01,Foodbroker Inc.,1.87,EUR
185,.1~186,186,C2,01,19,01/19,2024-01-19T00:00:00,4,19,CC-R02,Blueberries,Raw materials,V01,Foodbroker Inc.,4.01,EUR
186,.1~187,187,C2,01,19,01/19,2024-01-19T00:00:00,4,19,CC-R03,Strawberries,Raw materials,V01,Foodbroker Inc.,4.27,EUR
187,.1~188,188,C2,01,19,01/19,2024-01-19T00:00:00,4,19,CC-R04,Raisins,Raw materials,V01,Foodbroker Inc.,1.34,EUR
188,.1~189,189,C2,01,19,01/19,2024-01-19T00:00:00,4,19,CC-R05,Wheat,Raw materials,V01,Foodbroker Inc.,0.90,EUR
189,.1~190,190,C2,01,19,01/19,2024-01-19T00:00:00,4,19,CC-R06,Oats,Raw materials,V01,Foodbroker Inc.,0.75,EUR
190,.1~191,191,C2,01,20,01/20,2024-01-20T00:00:00,4,20,CC-P01,Large Box (1kg),Raw materials,V02,Continental Printing Co.,0.28,EUR
191,.1~192,192,C2,01,20,01/20,2024-01-20T00:00:00,4,20,CC-P02,Large Bag (1kg),Raw materials,V02,Continental Printing Co.,0.12,EUR
192,.1~193,193,C2,01,20,01/20,2024-01-20T00:00:00,4,20,CC-P03,Small Box (500g),Raw materials,V02,Continental Printing Co.,0.21,EUR
193,.1~194,194,C2,01,20,01/20,2024-01-20T00:00:00,4,20,CC-P04,Small Bag (500g),Raw materials,V02,Continental Printing Co.,0.09,EUR
194,.1~195,195,C2,01,20,01/20,2024-01-20T00:00:00,4,20,CC-R01,Nuts,Raw materials,V01,Foodbroker Inc.,1.87,EUR
195,.1~196,196,C2,01,20,01/20,2024-01-20T00:00:00,4,20,CC-R02,Blueberries,Raw materials,V01,Foodbroker Inc.,4.01,EUR
196,.1~197,197,C2,01,20,01/20,2024-01-20T00:00:00,4,20,CC-R03,Strawberries,Raw materials,V01,Foodbroker Inc.,4.27,EUR
197,.1~198,198,C2,01,20,01/20,2024-01-20T00:00:00,4,20,CC-R04,Raisins,Raw materials,V01,Foodbroker Inc.,1.34,EUR
198,.1~199,199,C2,01,20,01/20,2024-01-20T00:00:00,4,20,CC-R05,Wheat,Raw materials,V01,Foodbroker Inc.,0.90,EUR
199,.1~200,200,C2,01,20,01/20,2024-01-20T00:00:00,4,20,CC-R06,Oats,Raw materials,V01,Foodbroker Inc.,0.75,EUR
200,.1~201,201,C2,02,01,02/01,2024-01-21T00:00:00,5,21,CC-P01,Large Box (1kg),Raw materials,V02,Continental Printing Co.,0.28,EUR
201,.1~202,202,C2,02,01,02/01,2024-01-21T00:00:00,5,21,CC-P02,Large Bag (1kg),Raw materials,V02,Continental Printing Co.,0.12,EUR
202,.1~203,203,C2,02,01,02/01,2024-01-21T00:00:00,5,21,CC-P03,Small Box (500g),Raw materials,V02,Continental Printing Co.,0.21,EUR
203,.1~204,204,C2,02,01,02/01,2024-01-21T00:00:00,5,21,CC-P04,Small Bag (500g),Raw materials,V02,Continental Printing Co.,0.09,EUR
204,.1~205,205,C2,02,01,02/01,2024-01-21T00:00:00,5,21,CC-R01,Nuts,Raw materials,V01,Foodbroker Inc.,1.90,EUR
205,.1~206,206,C2,02,01,02/01,2024-01-21T00:00:00,5,21,CC-R02,Blueberries,Raw materials,V01,Foodbroker Inc.,4.13,EUR
206,.1~207,207,C2,02,01,02/01,2024-01-21T00:00:00,5,21,CC-R03,Strawberries,Raw materials,V01,Foodbroker Inc.,4.36,EUR
207,.1~208,208,C2,02,01,02/01,2024-01-21T00:00:00,5,21,CC-R04,Raisins,Raw materials,V01,Foodbroker Inc.,1.46,EUR
208,.1~209,209,C2,02,01,02/01,2024-01-21T00:00:00,5,21,CC-R05,Wheat,Raw materials,V01,Foodbroker Inc.,0.89,EUR
209,.1~210,210,C2,02,01,02/01,2024-01-21T00:00:00,5,21,CC-R06,Oats,Raw materials,V01,Foodbroker Inc.,0.77,EUR
210,.1~211,211,C2,02,02,02/02,2024-01-22T00:00:00,5,22,CC-P01,Large Box (1kg),Raw materials,V02,Continental Printing Co.,0.28,EUR
211,.1~212,212,C2,02,02,02/02,2024-01-22T00:00:00,5,22,CC-P02,Large Bag (1kg),Raw materials,V02,Continental Printing Co.,0.12,EUR
212,.1~213,213,C2,02,02,02/02,2024-01-22T00:00:00,5,22,CC-P03,Small Box (500g),Raw materials,V02,Continental Printing Co.,0.21,EUR
213,.1~214,214,C2,02,02,02/02,2024-01-22T00:00:00,5,22,CC-P04,Small Bag (500g),Raw materials,V02,Continental Printing Co.,0.09,EUR
214,.1~215,215,C2,02,02,02/02,2024-01-22T00:00:00,5,22,CC-R01,Nuts,Raw materials,V01,Foodbroker Inc.,1.90,EUR
215,.1~216,216,C2,02,02,02/02,2024-01-22T00:00:00,5,22,CC-R02,Blueberries,Raw materials,V01,Foodbroker Inc.,4.13,EUR
216,.1~217,217,C2,02,02,02/02,2024-01-22T00:00:00,5,22,CC-R03,Strawberries,Raw materials,V01,Foodbroker Inc.,4.36,EUR
217,.1~218,218,C2,02,02,02/02,2024-01-22T00:00:00,5,22,CC-R04,Raisins,Raw materials,V01,Foodbroker Inc.,1.46,EUR
218,.1~219,219,C2,02,02,02/02,2024-01-22T00:00:00,5,22,CC-R05,Wheat,Raw materials,V01,Foodbroker Inc.,0.89,EUR
219,.1~220,220,C2,02,02,02/02,2024-01-22T00:00:00,5,22,CC-R06,Oats,Raw materials,V01,Foodbroker Inc.,0.77,EUR
220,.1~221,221,C2,02,03,02/03,2024-01-23T00:00:00,5,23,CC-P01,Large Box (1kg),Raw materials,V02,Continental Printing Co.,0.28,EUR
221,.1~222,222,C2,02,03,02/03,2024-01-23T00:00:00,5,23,CC-P02,Large Bag (1kg),Raw materials,V02,Continental Printing Co.,0.12,EUR
222,.1~223,223,C2,02,03,02/03,2024-01-23T00:00:00,5,23,CC-P03,Small Box (500g),Raw materials,V02,Continental Printing Co.,0.21,EUR
223,.1~224,224,C2,02,03,02/03,2024-01-23T00:00:00,5,23,CC-P04,Small Bag (500g),Raw materials,V02,Continental Printing Co.,0.09,EUR
224,.1~225,225,C2,02,03,02/03,2024-01-23T00:00:00,5,23,CC-R01,Nuts,Raw materials,V01,Foodbroker Inc.,1.90,EUR
225,.1~226,226,C2,02,03,02/03,2024-01-23T00:00:00,5,23,CC-R02,Blueberries,Raw materials,V01,Foodbroker Inc.,4.13,EUR
226,.1~227,227,C2,02,03,02/03,2024-01-23T00:00:00,5,23,CC-R03,Strawberries,Raw materials,V01,Foodbroker Inc.,4.36,EUR
227,.1~228,228,C2,02,03,02/03,2024-01-23T00:00:00,5,23,CC-R04,Raisins,Raw materials,V01,Foodbroker Inc.,1.46,EUR
228,.1~229,229,C2,02,03,02/03,2024-01-23T00:00:00,5,23,CC-R05,Wheat,Raw materials,V01,Foodbroker Inc.,0.89,EUR
229,.1~230,230,C2,02,03,02/03,2024-01-23T00:00:00,5,23,CC-R06,Oats,Raw materials,V01,Foodbroker Inc.,0.77,EUR
230,.1~231,231,C2,02,04,02/04,2024-01-24T00:00:00,5,24,CC-P01,Large Box (1kg),Raw materials,V02,Continental Printing Co.,0.28,EUR
231,.1~232,232,C2,02,04,02/04,2024-01-24T00:00:00,5,24,CC-P02,Large Bag (1kg),Raw materials,V02,Continental Printing Co.,0.12,EUR
232,.1~233,233,C2,02,04,02/04,2024-01-24T00:00:00,5,24,CC-P03,Small Box (500g),Raw materials,V02,Continental Printing Co.,0.21,EUR
233,.1~234,234,C2,02,04,02/04,2024-01-24T00:00:00,5,24,CC-P04,Small Bag (500g),Raw materials,V02,Continental Printing Co.,0.09,EUR
234,.1~235,235,C2,02,04,02/04,2024-01-24T00:00:00,5,24,CC-R01,Nuts,Raw materials,V01,Foodbroker Inc.,1.90,EUR
235,.1~236,236,C2,02,04,02/04,2024-01-24T00:00:00,5,24,CC-R02,Blueberries,Raw materials,V01,Foodbroker Inc.,4.13,EUR
236,.1~237,237,C2,02,04,02/04,2024-01-24T00:00:00,5,24,CC-R03,Strawberries,Raw materials,V01,Foodbroker Inc.,4.36,EUR
237,.1~238,238,C2,02,04,02/04,2024-01-24T00:00:00,5,24,CC-R04,Raisins,Raw materials,V01,Foodbroker Inc.,1.46,EUR
238,.1~239,239,C2,02,04,02/04,2024-01-24T00:00:00,5,24,CC-R05,Wheat,Raw materials,V01,Foodbroker Inc.,0.89,EUR
239,.1~240,240,C2,02,04,02/04,2024-01-24T00:00:00,5,24,CC-R06,Oats,Raw materials,V01,Foodbroker Inc.,0.77,EUR
240,.1~241,241,C2,02,05,02/05,2024-01-25T00:00:00,5,25,CC-P01,Large Box (1kg),Raw materials,V02,Continental Printing Co.,0.28,EUR
241,.1~242,242,C2,02,05,02/05,2024-01-25T00:00:00,5,25,CC-P02,Large Bag (1kg),Raw materials,V02,Continental Printing Co.,0.12,EUR
242,.1~243,243,C2,02,05,02/05,2024-01-25T00:00:00,5,25,CC-P03,Small Box (500g),Raw materials,V02,Continental Printing Co.,0.21,EUR
243,.1~244,244,C2,02,05,02/05,2024-01-25T00:00:00,5,25,CC-P04,Small Bag (500g),Raw materials,V02,Continental Printing Co.,0.09,EUR
244,.1~245,245,C2,02,05,02/05,2024-01-25T00:00:00,5,25,CC-R01,Nuts,Raw materials,V01,Foodbroker Inc.,1.90,EUR
245,.1~246,246,C2,02,05,02/05,2024-01-25T00:00:00,5,25,CC-R02,Blueberries,Raw materials,V01,Foodbroker Inc.,4.13,EUR
246,.1~247,247,C2,02,05,02/05,2024-01-25T00:00:00,5,25,CC-R03,Strawberries,Raw materials,V01,Foodbroker Inc.,4.36,EUR
247,.1~248,248,C2,02,05,02/05,2024-01-25T00:00:00,5,25,CC-R04,Raisins,Raw materials,V01,Foodbroker Inc.,1.46,EUR
248,.1~249,249,C2,02,05,02/05,2024-01-25T00:00:00,5,25,CC-R05,Wheat,Raw materials,V01,Foodbroker Inc.,0.89,EUR
249,.1~250,250,C2,02,05,02/05,2024-01-25T00:00:00,5,25,CC-R06,Oats,Raw materials,V01,Foodbroker Inc.,0.77,EUR
250,.1~251,251,C2,02,06,02/06,2024-01-26T00:00:00,6,26,CC-P01,Large Box (1kg),Raw materials,V02,Continental Printing Co.,0.28,EUR
251,.1~252,252,C2,02,06,02/06,2024-01-26T00:00:00,6,26,CC-P02,Large Bag (1kg),Raw materials,V02,Continental Printing Co.,0.12,EUR
252,.1~253,253,C2,02,06,02/06,2024-01-26T00:00:00,6,26,CC-P03,Small Box (500g),Raw materials,V02,Continental Printing Co.,0.21,EUR
253,.1~254,254,C2,02,06,02/06,2024-01-26T00:00:00,6,26,CC-P04,Small Bag (500g),Raw materials,V02,Continental Printing Co.,0.09,EUR
254,.1~255,255,C2,02,06,02/06,2024-01-26T00:00:00,6,26,CC-R01,Nuts,Raw materials,V01,Foodbroker Inc.,1.95,EUR
255,.1~256,256,C2,02,06,02/06,2024-01-26T00:00:00,6,26,CC-R02,Blueberries,Raw materials,V01,Foodbroker Inc.,4.19,EUR
256,.1~257,257,C2,02,06,02/06,2024-01-26T00:00:00,6,26,CC-R03,Strawberries,Raw materials,V01,Foodbroker Inc.,4.43,EUR
257,.1~258,258,C2,02,06,02/06,2024-01-26T00:00:00,6,26,CC-R04,Raisins,Raw materials,V01,Foodbroker Inc.,1.48,EUR
258,.1~259,259,C2,02,06,02/06,2024-01-26T00:00:00,6,26,CC-R05,Wheat,Raw materials,V01,Foodbroker Inc.,0.87,EUR
259,.1~260,260,C2,02,06,02/06,2024-01-26T00:00:00,6,26,CC-R06,Oats,Raw materials,V01,Foodbroker Inc.,0.71,EUR
260,.1~261,261,C2,02,07,02/07,2024-01-27T00:00:00,6,27,CC-P01,Large Box (1kg),Raw materials,V02,Continental Printing Co.,0.28,EUR
261,.1~262,262,C2,02,07,02/07,2024-01-27T00:00:00,6,27,CC-P02,Large Bag (1kg),Raw materials,V02,Continental Printing Co.,0.12,EUR
262,.1~263,263,C2,02,07,02/07,2024-01-27T00:00:00,6,27,CC-P03,Small Box (500g),Raw materials,V02,Continental Printing Co.,0.21,EUR
263,.1~264,264,C2,02,07,02/07,2024-01-27T00:00:00,6,27,CC-P04,Small Bag (500g),Raw materials,V02,Continental Printing Co.,0.09,EUR
264,.1~265,265,C2,02,07,02/07,2024-01-27T00:00:00,6,27,CC-R01,Nuts,Raw materials,V01,Foodbroker Inc.,1.95,EUR
265,.1~266,266,C2,02,07,02/07,2024-01-27T00:00:00,6,27,CC-R02,Blueberries,Raw materials,V01,Foodbroker Inc.,4.19,EUR
266,.1~267,267,C2,02,07,02/07,2024-01-27T00:00:00,6,27,CC-R03,Strawberries,Raw materials,V01,Foodbroker Inc.,4.43,EUR
267,.1~268,268,C2,02,07,02/07,2024-01-27T00:00:00,6,27,CC-R04,Raisins,Raw materials,V01,Foodbroker Inc.,1.48,EUR
268,.1~269,269,C2,02,07,02/07,2024-01-27T00:00:00,6,27,CC-R05,Wheat,Raw materials,V01,Foodbroker Inc.,0.87,EUR
269,.1~270,270,C2,02,07,02/07,2024-01-27T00:00:00,6,27,CC-R06,Oats,Raw materials,V01,Foodbroker Inc.,0.71,EUR
270,.1~271,271,C2,02,08,02/08,2024-01-28T00:00:00,6,28,CC-P01,Large Box (1kg),Raw materials,V02,Continental Printing Co.,0.28,EUR
271,.1~272,272,C2,02,08,02/08,2024-01-28T00:00:00,6,28,CC-P02,Large Bag (1kg),Raw materials,V02,Continental Printing Co.,0.12,EUR
272,.1~273,273,C2,02,08,02/08,2024-01-28T00:00:00,6,28,CC-P03,Small Box (500g),Raw materials,V02,Continental Printing Co.,0.21,EUR
273,.1~274,274,C2,02,08,02/08,2024-01-28T00:00:00,6,28,CC-P04,Small Bag (500g),Raw materials,V02,Continental Printing Co.,0.09,EUR
274,.1~275,275,C2,02,08,02/08,2024-01-28T00:00:00,6,28,CC-R01,Nuts,Raw materials,V01,Foodbroker Inc.,1.95,EUR
275,.1~276,276,C2,02,08,02/08,2024-01-28T00:00:00,6,28,CC-R02,Blueberries,Raw materials,V01,Foodbroker Inc.,4.19,EUR
276,.1~277,277,C2,02,08,02/08,2024-01-28T00:00:00,6,28,CC-R03,Strawberries,Raw materials,V01,Foodbroker Inc.,4.43,EUR
277,.1~278,278,C2,02,08,02/08,2024-01-28T00:00:00,6,28,CC-R04,Raisins,Raw materials,V01,Foodbroker Inc.,1.48,EUR
278,.1~279,279,C2,02,08,02/08,2024-01-28T00:00:00,6,28,CC-R05,Wheat,Raw materials,V01,Foodbroker Inc.,0.87,EUR
279,.1~280,280,C2,02,08,02/08,2024-01-28T00:00:00,6,28,CC-R06,Oats,Raw materials,V01,Foodbroker Inc.,0.71,EUR
280,.1~281,281,C2,02,09,02/09,2024-01-29T00:00:00,6,29,CC-P01,Large Box (1kg),Raw materials,V02,Continental Printing Co.,0.28,EUR
281,.1~282,282,C2,02,09,02/09,2024-01-29T00:00:00,6,29,CC-P02,Large Bag (1kg),Raw materials,V02,Continental Printing Co.,0.12,EUR
282,.1~283,283,C2,02,09,02/09,2024-01-29T00:00:00,6,29,CC-P03,Small Box (500g),Raw materials,V02,Continental Printing Co.,0.21,EUR
283,.1~284,284,C2,02,09,02/09,2024-01-29T00:00:00,6,29,CC-P04,Small Bag (500g),Raw materials,V02,Continental Printing Co.,0.09,EUR
284,.1~285,285,C2,02,09,02/09,2024-01-29T00:00:00,6,29,CC-R01,Nuts,Raw materials,V01,Foodbroker Inc.,1.95,EUR
285,.1~286,286,C2,02,09,02/09,2024-01-29T00:00:00,6,29,CC-R02,Blueberries,Raw materials,V01,Foodbroker Inc.,4.19,EUR
286,.1~287,287,C2,02,09,02/09,2024-01-29T00:00:00,6,29,CC-R03,Strawberries,Raw materials,V01,Foodbroker Inc.,4.43,EUR
287,.1~288,288,C2,02,09,02/09,2024-01-29T00:00:00,6,29,CC-R04,Raisins,Raw materials,V01,Foodbroker Inc.,1.48,EUR
288,.1~289,289,C2,02,09,02/09,2024-01-29T00:00:00,6,29,CC-R05,Wheat,Raw materials,V01,Foodbroker Inc.,0.87,EUR
289,.1~290,290,C2,02,09,02/09,2024-01-29T00:00:00,6,29,CC-R06,Oats,Raw materials,V01,Foodbroker Inc.,0.71,EUR
290,.1~291,291,C2,02,10,02/10,2024-01-30T00:00:00,6,30,CC-P01,Large Box (1kg),Raw materials,V02,Continental Printing Co.,0.28,EUR
291,.1~292,292,C2,02,10,02/10,2024-01-30T00:00:00,6,30,CC-P02,Large Bag (1kg),Raw materials,V02,Continental Printing Co.,0.12,EUR
292,.1~293,293,C2,02,10,02/10,2024-01-30T00:00:00,6,30,CC-P03,Small Box (500g),Raw materials,V02,Continental Printing Co.,0.21,EUR
293,.1~294,294,C2,02,10,02/10,2024-01-30T00:00:00,6,30,CC-P04,Small Bag (500g),Raw materials,V02,Continental Printing Co.,0.09,EUR
294,.1~295,295,C2,02,10,02/10,2024-01-30T00:00:00,6,30,CC-R01,Nuts,Raw materials,V01,Foodbroker Inc.,1.95,EUR
295,.1~296,296,C2,02,10,02/10,2024-01-30T00:00:00,6,30,CC-R02,Blueberries,Raw materials,V01,Foodbroker Inc.,4.19,EUR
296,.1~297,297,C2,02,10,02/10,2024-01-30T00:00:00,6,30,CC-R03,Strawberries,Raw materials,V01,Foodbroker Inc.,4.43,EUR
297,.1~298,298,C2,02,10,02/10,2024-01-30T00:00:00,6,30,CC-R04,Raisins,Raw materials,V01,Foodbroker Inc.,1.48,EUR
298,.1~299,299,C2,02,10,02/10,2024-01-30T00:00:00,6,30,CC-R05,Wheat,Raw materials,V01,Foodbroker Inc.,0.87,EUR
299,.1~300,300,C2,02,10,02/10,2024-01-30T00:00:00,6,30,CC-R06,Oats,Raw materials,V01,Foodbroker Inc.,0.71,EUR
300,.1~301,301,C2,02,11,02/11,2024-01-31T00:00:00,7,31,CC-P01,Large Box (1kg),Raw materials,V02,Continental Printing Co.,0.28,EUR
301,.1~302,302,C2,02,11,02/11,2024-01-31T00:00:00,7,31,CC-P02,Large Bag (1kg),Raw materials,V02,Continental Printing Co.,0.12,EUR
302,.1~303,303,C2,02,11,02/11,2024-01-31T00:00:00,7,31,CC-P03,Small Box (500g),Raw materials,V02,Continental Printing Co.,0.21,EUR
303,.1~304,304,C2,02,11,02/11,2024-01-31T00:00:00,7,31,CC-P04,Small Bag (500g),Raw materials,V02,Continental Printing Co.,0.09,EUR
304,.1~305,305,C2,02,11,02/11,2024-01-31T00:00:00,7,31,CC-R01,Nuts,Raw materials,V01,Foodbroker Inc.,1.85,EUR
305,.1~306,306,C2,02,11,02/11,2024-01-31T00:00:00,7,31,CC-R02,Blueberries,Raw materials,V01,Foodbroker Inc.,4.22,EUR
306,.1~307,307,C2,02,11,02/11,2024-01-31T00:00:00,7,31,CC-R03,Strawberries,Raw materials,V01,Foodbroker Inc.,4.47,EUR
307,.1~308,308,C2,02,11,02/11,2024-01-31T00:00:00,7,31,CC-R04,Raisins,Raw materials,V01,Foodbroker Inc.,1.56,EUR
308,.1~309,309,C2,02,11,02/11,2024-01-31T00:00:00,7,31,CC-R05,Wheat,Raw materials,V01,Foodbroker Inc.,0.86,EUR
309,.1~310,310,C2,02,11,02/11,2024-01-31T00:00:00,7,31,CC-R06,Oats,Raw materials,V01,Foodbroker Inc.,0.69,EUR
310,.1~311,311,C2,02,12,02/12,2024-02-01T00:00:00,7,32,CC-P01,Large Box (1kg),Raw materials,V02,Continental Printing Co.,0.28,EUR
311,.1~312,312,C2,02,12,02/12,2024-02-01T00:00:00,7,32,CC-P02,Large Bag (1kg),Raw materials,V02,Continental Printing Co.,0.12,EUR
312,.1~313,313,C2,02,12,02/12,2024-02-01T00:00:00,7,32,CC-P03,Small Box (500g),Raw materials,V02,Continental Printing Co.,0.21,EUR
313,.1~314,314,C2,02,12,02/12,2024-02-01T00:00:00,7,32,CC-P04,Small Bag (500g),Raw materials,V02,Continental Printing Co.,0.09,EUR
314,.1~315,315,C2,02,12,02/12,2024-02-01T00:00:00,7,32,CC-R01,Nuts,Raw materials,V01,Foodbroker Inc.,1.85,EUR
315,.1~316,316,C2,02,12,02/12,2024-02-01T00:00:00,7,32,CC-R02,Blueberries,Raw materials,V01,Foodbroker Inc.,4.22,EUR
316,.1~317,317,C2,02,12,02/12,2024-02-01T00:00:00,7,32,CC-R03,Strawberries,Raw materials,V01,Foodbroker Inc.,4.47,EUR
317,.1~318,318,C2,02,12,02/12,2024-02-01T00:00:00,7,32,CC-R04,Raisins,Raw materials,V01,Foodbroker Inc.,1.56,EUR
318,.1~319,319,C2,02,12,02/12,2024-02-01T00:00:00,7,32,CC-R05,Wheat,Raw materials,V01,Foodbroker Inc.,0.86,EUR
319,.1~320,320,C2,02,12,02/12,2024-02-01T00:00:00,7,32,CC-R06,Oats,Raw materials,V01,Foodbroker Inc.,0.69,EUR
320,.1~321,321,C2,02,13,02/13,2024-02-02T00:00:00,7,33,CC-P01,Large Box (1kg),Raw materials,V02,Continental Printing Co.,0.28,EUR
321,.1~322,322,C2,02,13,02/13,2024-02-02T00:00:00,7,33,CC-P02,Large Bag (1kg),Raw materials,V02,Continental Printing Co.,0.12,EUR
322,.1~323,323,C2,02,13,02/13,2024-02-02T00:00:00,7,33,CC-P03,Small Box (500g),Raw materials,V02,Continental Printing Co.,0.21,EUR
323,.1~324,324,C2,02,13,02/13,2024-02-02T00:00:00,7,33,CC-P04,Small Bag (500g),Raw materials,V02,Continental Printing Co.,0.09,EUR
324,.1~325,325,C2,02,13,02/13,2024-02-02T00:00:00,7,33,CC-R01,Nuts,Raw materials,V01,Foodbroker Inc.,1.85,EUR
325,.1~326,326,C2,02,13,02/13,2024-02-02T00:00:00,7,33,CC-R02,Blueberries,Raw materials,V01,Foodbroker Inc.,4.22,EUR
326,.1~327,327,C2,02,13,02/13,2024-02-02T00:00:00,7,33,CC-R03,Strawberries,Raw materials,V01,Foodbroker Inc.,4.47,EUR
327,.1~328,328,C2,02,13,02/13,2024-02-02T00:00:00,7,33,CC-R04,Raisins,Raw materials,V01,Foodbroker Inc.,1.56,EUR
328,.1~329,329,C2,02,13,02/13,2024-02-02T00:00:00,7,33,CC-R05,Wheat,Raw materials,V01,Foodbroker Inc.,0.86,EUR
329,.1~330,330,C2,02,13,02/13,2024-02-02T00:00:00,7,33,CC-R06,Oats,Raw materials,V01,Foodbroker Inc.,0.69,EUR
330,.1~331,331,C2,02,14,02/14,2024-02-03T00:00:00,7,34,CC-P01,Large Box (1kg),Raw materials,V02,Continental Printing Co.,0.28,EUR
331,.1~332,332,C2,02,14,02/14,2024-02-03T00:00:00,7,34,CC-P02,Large Bag (1kg),Raw materials,V02,Continental Printing Co.,0.12,EUR
332,.1~333,333,C2,02,14,02/14,2024-02-03T00:00:00,7,34,CC-P03,Small Box (500g),Raw materials,V02,Continental Printing Co.,0.21,EUR
333,.1~334,334,C2,02,14,02/14,2024-02-03T00:00:00,7,34,CC-P04,Small Bag (500g),Raw materials,V02,Continental Printing Co.,0.09,EUR
334,.1~335,335,C2,02,14,02/14,2024-02-03T00:00:00,7,34,CC-R01,Nuts,Raw materials,V01,Foodbroker Inc.,1.85,EUR
335,.1~336,336,C2,02,14,02/14,2024-02-03T00:00:00,7,34,CC-R02,Blueberries,Raw materials,V01,Foodbroker Inc.,4.22,EUR
336,.1~337,337,C2,02,14,02/14,2024-02-03T00:00:00,7,34,CC-R03,Strawberries,Raw materials,V01,Foodbroker Inc.,4.47,EUR
337,.1~338,338,C2,02,14,02/14,2024-02-03T00:00:00,7,34,CC-R04,Raisins,Raw materials,V01,Foodbroker Inc.,1.56,EUR
338,.1~339,339,C2,02,14,02/14,2024-02-03T00:00:00,7,34,CC-R05,Wheat,Raw materials,V01,Foodbroker Inc.,0.86,EUR
339,.1~340,340,C2,02,14,02/14,2024-02-03T00:00:00,7,34,CC-R06,Oats,Raw materials,V01,Foodbroker Inc.,0.69,EUR
340,.1~341,341,C2,02,15,02/15,2024-02-04T00:00:00,7,35,CC-P01,Large Box (1kg),Raw materials,V02,Continental Printing Co.,0.28,EUR
341,.1~342,342,C2,02,15,02/15,2024-02-04T00:00:00,7,35,CC-P02,Large Bag (1kg),Raw materials,V02,Continental Printing Co.,0.12,EUR
342,.1~343,343,C2,02,15,02/15,2024-02-04T00:00:00,7,35,CC-P03,Small Box (500g),Raw materials,V02,Continental Printing Co.,0.21,EUR
343,.1~344,344,C2,02,15,02/15,2024-02-04T00:00:00,7,35,CC-P04,Small Bag (500g),Raw materials,V02,Continental Printing Co.,0.09,EUR
344,.1~345,345,C2,02,15,02/15,2024-02-04T00:00:00,7,35,CC-R01,Nuts,Raw materials,V01,Foodbroker Inc.,1.85,EUR
345,.1~346,346,C2,02,15,02/15,2024-02-04T00:00:00,7,35,CC-R02,Blueberries,Raw materials,V01,Foodbroker Inc.,4.22,EUR
346,.1~347,347,C2,02,15,02/15,2024-02-04T00:00:00,7,35,CC-R03,Strawberries,Raw materials,V01,Foodbroker Inc.,4.47,EUR
347,.1~348,348,C2,02,15,02/15,2024-02-04T00:00:00,7,35,CC-R04,Raisins,Raw materials,V01,Foodbroker Inc.,1.56,EUR
348,.1~349,349,C2,02,15,02/15,2024-02-04T00:00:00,7,35,CC-R05,Wheat,Raw materials,V01,Foodbroker Inc.,0.86,EUR
349,.1~350,350,C2,02,15,02/15,2024-02-04T00:00:00,7,35,CC-R06,Oats,Raw materials,V01,Foodbroker Inc.,0.69,EUR
350,.1~351,351,C2,02,16,02/16,2024-02-05T00:00:00,8,36,CC-P01,Large Box (1kg),Raw materials,V02,Continental Printing Co.,0.28,EUR
351,.1~352,352,C2,02,16,02/16,2024-02-05T00:00:00,8,36,CC-P02,Large Bag (1kg),Raw materials,V02,Continental Printing Co.,0.12,EUR
352,.1~353,353,C2,02,16,02/16,2024-02-05T00:00:00,8,36,CC-P03,Small Box (500g),Raw materials,V02,Continental Printing Co.,0.21,EUR
353,.1~354,354,C2,02,16,02/16,2024-02-05T00:00:00,8,36,CC-P04,Small Bag (500g),Raw materials,V02,Continental Printing Co.,0.09,EUR
354,.1~355,355,C2,02,16,02/16,2024-02-05T00:00:00,8,36,CC-R01,Nuts,Raw materials,V01,Foodbroker Inc.,1.79,EUR
355,.1~356,356,C2,02,16,02/16,2024-02-05T00:00:00,8,36,CC-R02,Blueberries,Raw materials,V01,Foodbroker Inc.,4.29,EUR
356,.1~357,357,C2,02,16,02/16,2024-02-05T00:00:00,8,36,CC-R03,Strawberries,Raw materials,V01,Foodbroker Inc.,4.68,EUR
357,.1~358,358,C2,02,16,02/16,2024-02-05T00:00:00,8,36,CC-R04,Raisins,Raw materials,V01,Foodbroker Inc.,1.51,EUR
358,.1~359,359,C2,02,16,02/16,2024-02-05T00:00:00,8,36,CC-R05,Wheat,Raw materials,V01,Foodbroker Inc.,0.82,EUR
359,.1~360,360,C2,02,16,02/16,2024-02-05T00:00:00,8,36,CC-R06,Oats,Raw materials,V01,Foodbroker Inc.,0.67,EUR
360,.1~361,361,C2,02,17,02/17,2024-02-06T00:00:00,8,37,CC-P01,Large Box (1kg),Raw materials,V02,Continental Printing Co.,0.28,EUR
361,.1~362,362,C2,02,17,02/17,2024-02-06T00:00:00,8,37,CC-P02,Large Bag (1kg),Raw materials,V02,Continental Printing Co.,0.12,EUR
362,.1~363,363,C2,02,17,02/17,2024-02-06T00:00:00,8,37,CC-P03,Small Box (500g),Raw materials,V02,Continental Printing Co.,0.21,EUR
363,.1~364,364,C2,02,17,02/17,2024-02-06T00:00:00,8,37,CC-P04,Small Bag (500g),Raw materials,V02,Continental Printing Co.,0.09,EUR
364,.1~365,365,C2,02,17,02/17,2024-02-06T00:00:00,8,37,CC-R01,Nuts,Raw materials,V01,Foodbroker Inc.,1.79,EUR
365,.1~366,366,C2,02,17,02/17,2024-02-06T00:00:00,8,37,CC-R02,Blueberries,Raw materials,V01,Foodbroker Inc.,4.29,EUR
366,.1~367,367,C2,02,17,02/17,2024-02-06T00:00:00,8,37,CC-R03,Strawberries,Raw materials,V01,Foodbroker Inc.,4.68,EUR
367,.1~368,368,C2,02,17,02/17,2024-02-06T00:00:00,8,37,CC-R04,Raisins,Raw materials,V01,Foodbroker Inc.,1.51,EUR
368,.1~369,369,C2,02,17,02/17,2024-02-06T00:00:00,8,37,CC-R05,Wheat,Raw materials,V01,Foodbroker Inc.,0.82,EUR
369,.1~370,370,C2,02,17,02/17,2024-02-06T00:00:00,8,37,CC-R06,Oats,Raw materials,V01,Foodbroker Inc.,0.67,EUR
370,.1~371,371,C2,02,18,02/18,2024-02-07T00:00:00,8,38,CC-P01,Large Box (1kg),Raw materials,V02,Continental Printing Co.,0.28,EUR
371,.1~372,372,C2,02,18,02/18,2024-02-07T00:00:00,8,38,CC-P02,Large Bag (1kg),Raw materials,V02,Continental Printing Co.,0.12,EUR
372,.1~373,373,C2,02,18,02/18,2024-02-07T00:00:00,8,38,CC-P03,Small Box (500g),Raw materials,V02,Continental Printing Co.,0.21,EUR
373,.1~374,374,C2,02,18,02/18,2024-02-07T00:00:00,8,38,CC-P04,Small Bag (500g),Raw materials,V02,Continental Printing Co.,0.09,EUR
374,.1~375,375,C2,02,18,02/18,2024-02-07T00:00:00,8,38,CC-R01,Nuts,Raw materials,V01,Foodbroker Inc.,1.79,EUR
375,.1~376,376,C2,02,18,02/18,2024-02-07T00:00:00,8,38,CC-R02,Blueberries,Raw materials,V01,Foodbroker Inc.,4.29,EUR
376,.1~377,377,C2,02,18,02/18,2024-02-07T00:00:00,8,38,CC-R03,Strawberries,Raw materials,V01,Foodbroker Inc.,4.68,EUR
377,.1~378,378,C2,02,18,02/18,2024-02-07T00:00:00,8,38,CC-R04,Raisins,Raw materials,V01,Foodbroker Inc.,1.51,EUR
378,.1~379,379,C2,02,18,02/18,2024-02-07T00:00:00,8,38,CC-R05,Wheat,Raw materials,V01,Foodbroker Inc.,0.82,EUR
379,.1~380,380,C2,02,18,02/18,2024-02-07T00:00:00,8,38,CC-R06,Oats,Raw materials,V01,Foodbroker Inc.,0.67,EUR
380,.1~381,381,C2,02,19,02/19,2024-02-08T00:00:00,8,39,CC-P01,Large Box (1kg),Raw materials,V02,Continental Printing Co.,0.28,EUR
381,.1~382,382,C2,02,19,02/19,2024-02-08T00:00:00,8,39,CC-P02,Large Bag (1kg),Raw materials,V02,Continental Printing Co.,0.12,EUR
382,.1~383,383,C2,02,19,02/19,2024-02-08T00:00:00,8,39,CC-P03,Small Box (500g),Raw materials,V02,Continental Printing Co.,0.21,EUR
383,.1~384,384,C2,02,19,02/19,2024-02-08T00:00:00,8,39,CC-P04,Small Bag (500g),Raw materials,V02,Continental Printing Co.,0.09,EUR
384,.1~385,385,C2,02,19,02/19,2024-02-08T00:00:00,8,39,CC-R01,Nuts,Raw materials,V01,Foodbroker Inc.,1.79,EUR
385,.1~386,386,C2,02,19,02/19,2024-02-08T00:00:00,8,39,CC-R02,Blueberries,Raw materials,V01,Foodbroker Inc.,4.29,EUR
386,.1~387,387,C2,02,19,02/19,2024-02-08T00:00:00,8,39,CC-R03,Strawberries,Raw materials,V01,Foodbroker Inc.,4.68,EUR
387,.1~388,388,C2,02,19,02/19,2024-02-08T00:00:00,8,39,CC-R04,Raisins,Raw materials,V01,Foodbroker Inc.,1.51,EUR
388,.1~389,389,C2,02,19,02/19,2024-02-08T00:00:00,8,39,CC-R05,Wheat,Raw materials,V01,Foodbroker Inc.,0.82,EUR
389,.1~390,390,C2,02,19,02/19,2024-02-08T00:00:00,8,39,CC-R06,Oats,Raw materials,V01,Foodbroker Inc.,0.67,EUR
390,.1~391,391,C2,02,20,02/20,2024-02-09T00:00:00,8,40,CC-P01,Large Box (1kg),Raw materials,V02,Continental Printing Co.,0.28,EUR
391,.1~392,392,C2,02,20,02/20,2024-02-09T00:00:00,8,40,CC-P02,Large Bag (1kg),Raw materials,V02,Continental Printing Co.,0.12,EUR
392,.1~393,393,C2,02,20,02/20,2024-02-09T00:00:00,8,40,CC-P03,Small Box (500g),Raw materials,V02,Continental Printing Co.,0.21,EUR
393,.1~394,394,C2,02,20,02/20,2024-02-09T00:00:00,8,40,CC-P04,Small Bag (500g),Raw materials,V02,Continental Printing Co.,0.09,EUR
394,.1~395,395,C2,02,20,02/20,2024-02-09T00:00:00,8,40,CC-R01,Nuts,Raw materials,V01,Foodbroker Inc.,1.79,EUR
395,.1~396,396,C2,02,20,02/20,2024-02-09T00:00:00,8,40,CC-R02,Blueberries,Raw materials,V01,Foodbroker Inc.,4.29,EUR
396,.1~397,397,C2,02,20,02/20,2024-02-09T00:00:00,8,40,CC-R03,Strawberries,Raw materials,V01,Foodbroker Inc.,4.68,EUR
397,.1~398,398,C2,02,20,02/20,2024-02-09T00:00:00,8,40,CC-R04,Raisins,Raw materials,V01,Foodbroker Inc.,1.51,EUR
398,.1~399,399,C2,02,20,02/20,2024-02-09T00:00:00,8,40,CC-R05,Wheat,Raw materials,V01,Foodbroker Inc.,0.82,EUR
399,.1~400,400,C2,02,20,02/20,2024-02-09T00:00:00,8,40,CC-R06,Oats,Raw materials,V01,Foodbroker Inc.,0.67,EUR
400,.1~401,401,C2,03,01,03/01,2024-02-10T00:00:00,9,41,CC-P01,Large Box (1kg),Raw materials,V02,Continental Printing Co.,0.28,EUR
401,.1~402,402,C2,03,01,03/01,2024-02-10T00:00:00,9,41,CC-P02,Large Bag (1kg),Raw materials,V02,Continental Printing Co.,0.12,EUR
402,.1~403,403,C2,03,01,03/01,2024-02-10T00:00:00,9,41,CC-P03,Small Box (500g),Raw materials,V02,Continental Printing Co.,0.21,EUR
403,.1~404,404,C2,03,01,03/01,2024-02-10T00:00:00,9,41,CC-P04,Small Bag (500g),Raw materials,V02,Continental Printing Co.,0.09,EUR
404,.1~405,405,C2,03,01,03/01,2024-02-10T00:00:00,9,41,CC-R01,Nuts,Raw materials,V01,Foodbroker Inc.,1.71,EUR
405,.1~406,406,C2,03,01,03/01,2024-02-10T00:00:00,9,41,CC-R02,Blueberries,Raw materials,V01,Foodbroker Inc.,4.18,EUR
406,.1~407,407,C2,03,01,03/01,2024-02-10T00:00:00,9,41,CC-R03,Strawberries,Raw materials,V01,Foodbroker Inc.,4.75,EUR
407,.1~408,408,C2,03,01,03/01,2024-02-10T00:00:00,9,41,CC-R04,Raisins,Raw materials,V01,Foodbroker Inc.,1.48,EUR
408,.1~409,409,C2,03,01,03/01,2024-02-10T00:00:00,9,41,CC-R05,Wheat,Raw materials,V01,Foodbroker Inc.,0.79,EUR
409,.1~410,410,C2,03,01,03/01,2024-02-10T00:00:00,9,41,CC-R06,Oats,Raw materials,V01,Foodbroker Inc.,0.66,EUR
410,.1~411,411,C2,03,02,03/02,2024-02-11T00:00:00,9,42,CC-P01,Large Box (1kg),Raw materials,V02,Continental Printing Co.,0.28,EUR
411,.1~412,412,C2,03,02,03/02,2024-02-11T00:00:00,9,42,CC-P02,Large Bag (1kg),Raw materials,V02,Continental Printing Co.,0.12,EUR
412,.1~413,413,C2,03,02,03/02,2024-02-11T00:00:00,9,42,CC-P03,Small Box (500g),Raw materials,V02,Continental Printing Co.,0.21,EUR
413,.1~414,414,C2,03,02,03/02,2024-02-11T00:00:00,9,42,CC-P04,Small Bag (500g),Raw materials,V02,Continental Printing Co.,0.09,EUR
414,.1~415,415,C2,03,02,03/02,2024-02-11T00:00:00,9,42,CC-R01,Nuts,Raw materials,V01,Foodbroker Inc.,1.71,EUR
415,.1~416,416,C2,03,02,03/02,2024-02-11T00:00:00,9,42,CC-R02,Blueberries,Raw materials,V01,Foodbroker Inc.,4.18,EUR
416,.1~417,417,C2,03,02,03/02,2024-02-11T00:00:00,9,42,CC-R03,Strawberries,Raw materials,V01,Foodbroker Inc.,4.75,EUR
417,.1~418,418,C2,03,02,03/02,2024-02-11T00:00:00,9,42,CC-R04,Raisins,Raw materials,V01,Foodbroker Inc.,1.48,EUR
418,.1~419,419,C2,03,02,03/02,2024-02-11T00:00:00,9,42,CC-R05,Wheat,Raw materials,V01,Foodbroker Inc.,0.79,EUR
419,.1~420,420,C2,03,02,03/02,2024-02-11T00:00:00,9,42,CC-R06,Oats,Raw materials,V01,Foodbroker Inc.,0.66,EUR
420,.1~421,421,C2,03,03,03/03,2024-02-12T00:00:00,9,43,CC-P01,Large Box (1kg),Raw materials,V02,Continental Printing Co.,0.28,EUR
421,.1~422,422,C2,03,03,03/03,2024-02-12T00:00:00,9,43,CC-P02,Large Bag (1kg),Raw materials,V02,Continental Printing Co.,0.12,EUR
422,.1~423,423,C2,03,03,03/03,2024-02-12T00:00:00,9,43,CC-P03,Small Box (500g),Raw materials,V02,Continental Printing Co.,0.21,EUR
423,.1~424,424,C2,03,03,03/03,2024-02-12T00:00:00,9,43,CC-P04,Small Bag (500g),Raw materials,V02,Continental Printing Co.,0.09,EUR
424,.1~425,425,C2,03,03,03/03,2024-02-12T00:00:00,9,43,CC-R01,Nuts,Raw materials,V01,Foodbroker Inc.,1.71,EUR
425,.1~426,426,C2,03,03,03/03,2024-02-12T00:00:00,9,43,CC-R02,Blueberries,Raw materials,V01,Foodbroker Inc.,4.18,EUR
426,.1~427,427,C2,03,03,03/03,2024-02-12T00:00:00,9,43,CC-R03,Strawberries,Raw materials,V01,Foodbroker Inc.,4.75,EUR
427,.1~428,428,C2,03,03,03/03,2024-02-12T00:00:00,9,43,CC-R04,Raisins,Raw materials,V01,Foodbroker Inc.,1.48,EUR
428,.1~429,429,C2,03,03,03/03,2024-02-12T00:00:00,9,43,CC-R05,Wheat,Raw materials,V01,Foodbroker Inc.,0.79,EUR
429,.1~430,430,C2,03,03,03/03,2024-02-12T00:00:00,9,43,CC-R06,Oats,Raw materials,V01,Foodbroker Inc.,0.66,EUR
430,.1~431,431,C2,03,04,03/04,2024-02-13T00:00:00,9,44,CC-P01,Large Box (1kg),Raw materials,V02,Continental Printing Co.,0.28,EUR
431,.1~432,432,C2,03,04,03/04,2024-02-13T00:00:00,9,44,CC-P02,Large Bag (1kg),Raw materials,V02,Continental Printing Co.,0.12,EUR
432,.1~433,433,C2,03,04,03/04,2024-02-13T00:00:00,9,44,CC-P03,Small Box (500g),Raw materials,V02,Continental Printing Co.,0.21,EUR
433,.1~434,434,C2,03,04,03/04,2024-02-13T00:00:00,9,44,CC-P04,Small Bag (500g),Raw materials,V02,Continental Printing Co.,0.09,EUR
434,.1~435,435,C2,03,04,03/04,2024-02-13T00:00:00,9,44,CC-R01,Nuts,Raw materials,V01,Foodbroker Inc.,1.71,EUR
435,.1~436,436,C2,03,04,03/04,2024-02-13T00:00:00,9,44,CC-R02,Blueberries,Raw materials,V01,Foodbroker Inc.,4.18,EUR
436,.1~437,437,C2,03,04,03/04,2024-02-13T00:00:00,9,44,CC-R03,Strawberries,Raw materials,V01,Foodbroker Inc.,4.75,EUR
437,.1~438,438,C2,03,04,03/04,2024-02-13T00:00:00,9,44,CC-R04,Raisins,Raw materials,V01,Foodbroker Inc.,1.48,EUR
438,.1~439,439,C2,03,04,03/04,2024-02-13T00:00:00,9,44,CC-R05,Wheat,Raw materials,V01,Foodbroker Inc.,0.79,EUR
439,.1~440,440,C2,03,04,03/04,2024-02-13T00:00:00,9,44,CC-R06,Oats,Raw materials,V01,Foodbroker Inc.,0.66,EUR
440,.1~441,441,C2,03,05,03/05,2024-02-14T00:00:00,9,45,CC-P01,Large Box (1kg),Raw materials,V02,Continental Printing Co.,0.28,EUR
441,.1~442,442,C2,03,05,03/05,2024-02-14T00:00:00,9,45,CC-P02,Large Bag (1kg),Raw materials,V02,Continental Printing Co.,0.12,EUR
442,.1~443,443,C2,03,05,03/05,2024-02-14T00:00:00,9,45,CC-P03,Small Box (500g),Raw materials,V02,Continental Printing Co.,0.21,EUR
443,.1~444,444,C2,03,05,03/05,2024-02-14T00:00:00,9,45,CC-P04,Small Bag (500g),Raw materials,V02,Continental Printing Co.,0.09,EUR
444,.1~445,445,C2,03,05,03/05,2024-02-14T00:00:00,9,45,CC-R01,Nuts,Raw materials,V01,Foodbroker Inc.,1.71,EUR
445,.1~446,446,C2,03,05,03/05,2024-02-14T00:00:00,9,45,CC-R02,Blueberries,Raw materials,V01,Foodbroker Inc.,4.18,EUR
446,.1~447,447,C2,03,05,03/05,2024-02-14T00:00:00,9,45,CC-R03,Strawberries,Raw materials,V01,Foodbroker Inc.,4.75,EUR
447,.1~448,448,C2,03,05,03/05,2024-02-14T00:00:00,9,45,CC-R04,Raisins,Raw materials,V01,Foodbroker Inc.,1.48,EUR
448,.1~449,449,C2,03,05,03/05,2024-02-14T00:00:00,9,45,CC-R05,Wheat,Raw materials,V01,Foodbroker Inc.,0.79,EUR
449,.1~450,450,C2,03,05,03/05,2024-02-14T00:00:00,9,45,CC-R06,Oats,Raw materials,V01,Foodbroker Inc.,0.66,EUR
450,.1~451,451,C2,03,06,03/06,2024-02-15T00:00:00,10,46,CC-P01,Large Box (1kg),Raw materials,V02,Continental Printing Co.,0.28,EUR
451,.1~452,452,C2,03,06,03/06,2024-02-15T00:00:00,10,46,CC-P02,Large Bag (1kg),Raw materials,V02,Continental Printing Co.,0.12,EUR
452,.1~453,453,C2,03,06,03/06,2024-02-15T00:00:00,10,46,CC-P03,Small Box (500g),Raw materials,V02,Continental Printing Co.,0.21,EUR
453,.1~454,454,C2,03,06,03/06,2024-02-15T00:00:00,10,46,CC-P04,Small Bag (500g),Raw materials,V02,Continental Printing Co.,0.09,EUR
454,.1~455,455,C2,03,06,03/06,2024-02-15T00:00:00,10,46,CC-R01,Nuts,Raw materials,V01,Foodbroker Inc.,1.66,EUR
455,.1~456,456,C2,03,06,03/06,2024-02-15T00:00:00,10,46,CC-R02,Blueberries,Raw materials,V01,Foodbroker Inc.,4.20,EUR
456,.1~457,457,C2,03,06,03/06,2024-02-15T00:00:00,10,46,CC-R03,Strawberries,Raw materials,V01,Foodbroker Inc.,4.92,EUR
457,.1~458,458,C2,03,06,03/06,2024-02-15T00:00:00,10,46,CC-R04,Raisins,Raw materials,V01,Foodbroker Inc.,1.43,EUR
458,.1~459,459,C2,03,06,03/06,2024-02-15T00:00:00,10,46,CC-R05,Wheat,Raw materials,V01,Foodbroker Inc.,0.80,EUR
459,.1~460,460,C2,03,06,03/06,2024-02-15T00:00:00,10,46,CC-R06,Oats,Raw materials,V01,Foodbroker Inc.,0.63,EUR
460,.1~461,461,C2,03,07,03/07,2024-02-16T00:00:00,10,47,CC-P01,Large Box (1kg),Raw materials,V02,Continental Printing Co.,0.28,EUR
461,.1~462,462,C2,03,07,03/07,2024-02-16T00:00:00,10,47,CC-P02,Large Bag (1kg),Raw materials,V02,Continental Printing Co.,0.12,EUR
462,.1~463,463,C2,03,07,03/07,2024-02-16T00:00:00,10,47,CC-P03,Small Box (500g),Raw materials,V02,Continental Printing Co.,0.21,EUR
463,.1~464,464,C2,03,07,03/07,2024-02-16T00:00:00,10,47,CC-P04,Small Bag (500g),Raw materials,V02,Continental Printing Co.,0.09,EUR
464,.1~465,465,C2,03,07,03/07,2024-02-16T00:00:00,10,47,CC-R01,Nuts,Raw materials,V01,Foodbroker Inc.,1.66,EUR
465,.1~466,466,C2,03,07,03/07,2024-02-16T00:00:00,10,47,CC-R02,Blueberries,Raw materials,V01,Foodbroker Inc.,4.20,EUR
466,.1~467,467,C2,03,07,03/07,2024-02-16T00:00:00,10,47,CC-R03,Strawberries,Raw materials,V01,Foodbroker Inc.,4.92,EUR
467,.1~468,468,C2,03,07,03/07,2024-02-16T00:00:00,10,47,CC-R04,Raisins,Raw materials,V01,Foodbroker Inc.,1.43,EUR
468,.1~469,469,C2,03,07,03/07,2024-02-16T00:00:00,10,47,CC-R05,Wheat,Raw materials,V01,Foodbroker Inc.,0.80,EUR
469,.1~470,470,C2,03,07,03/07,2024-02-16T00:00:00,10,47,CC-R06,Oats,Raw materials,V01,Foodbroker Inc.,0.63,EUR
470,.1~471,471,C2,03,08,03/08,2024-02-17T00:00:00,10,48,CC-P01,Large Box (1kg),Raw materials,V02,Continental Printing Co.,0.28,EUR
471,.1~472,472,C2,03,08,03/08,2024-02-17T00:00:00,10,48,CC-P02,Large Bag (1kg),Raw materials,V02,Continental Printing Co.,0.12,EUR
472,.1~473,473,C2,03,08,03/08,2024-02-17T00:00:00,10,48,CC-P03,Small Box (500g),Raw materials,V02,Continental Printing Co.,0.21,EUR
473,.1~474,474,C2,03,08,03/08,2024-02-17T00:00:00,10,48,CC-P04,Small Bag (500g),Raw materials,V02,Continental Printing Co.,0.09,EUR
474,.1~475,475,C2,03,08,03/08,2024-02-17T00:00:00,10,48,CC-R01,Nuts,Raw materials,V01,Foodbroker Inc.,1.66,EUR
475,.1~476,476,C2,03,08,03/08,2024-02-17T00:00:00,10,48,CC-R02,Blueberries,Raw materials,V01,Foodbroker Inc.,4.20,EUR
476,.1~477,477,C2,03,08,03/08,2024-02-17T00:00:00,10,48,CC-R03,Strawberries,Raw materials,V01,Foodbroker Inc.,4.92,EUR
477,.1~478,478,C2,03,08,03/08,2024-02-17T00:00:00,10,48,CC-R04,Raisins,Raw materials,V01,Foodbroker Inc.,1.43,EUR
478,.1~479,479,C2,03,08,03/08,2024-02-17T00:00:00,10,48,CC-R05,Wheat,Raw materials,V01,Foodbroker Inc.,0.80,EUR
479,.1~480,480,C2,03,08,03/08,2024-02-17T00:00:00,10,48,CC-R06,Oats,Raw materials,V01,Foodbroker Inc.,0.63,EUR
480,.1~481,481,C2,03,09,03/09,2024-02-18T00:00:00,10,49,CC-P01,Large Box (1kg),Raw materials,V02,Continental Printing Co.,0.28,EUR
481,.1~482,482,C2,03,09,03/09,2024-02-18T00:00:00,10,49,CC-P02,Large Bag (1kg),Raw materials,V02,Continental Printing Co.,0.12,EUR
482,.1~483,483,C2,03,09,03/09,2024-02-18T00:00:00,10,49,CC-P03,Small Box (500g),Raw materials,V02,Continental Printing Co.,0.21,EUR
483,.1~484,484,C2,03,09,03/09,2024-02-18T00:00:00,10,49,CC-P04,Small Bag (500g),Raw materials,V02,Continental Printing Co.,0.09,EUR
484,.1~485,485,C2,03,09,03/09,2024-02-18T00:00:00,10,49,CC-R01,Nuts,Raw materials,V01,Foodbroker Inc.,1.66,EUR
485,.1~486,486,C2,03,09,03/09,2024-02-18T00:00:00,10,49,CC-R02,Blueberries,Raw materials,V01,Foodbroker Inc.,4.20,EUR
486,.1~487,487,C2,03,09,03/09,2024-02-18T00:00:00,10,49,CC-R03,Strawberries,Raw materials,V01,Foodbroker Inc.,4.92,EUR
487,.1~488,488,C2,03,09,03/09,2024-02-18T00:00:00,10,49,CC-R04,Raisins,Raw materials,V01,Foodbroker Inc.,1.43,EUR
488,.1~489,489,C2,03,09,03/09,2024-02-18T00:00:00,10,49,CC-R05,Wheat,Raw materials,V01,Foodbroker Inc.,0.80,EUR
489,.1~490,490,C2,03,09,03/09,2024-02-18T00:00:00,10,49,CC-R06,Oats,Raw materials,V01,Foodbroker Inc.,0.63,EUR
490,.1~491,491,C2,03,10,03/10,2024-02-19T00:00:00,10,50,CC-P01,Large Box (1kg),Raw materials,V02,Continental Printing Co.,0.28,EUR
491,.1~492,492,C2,03,10,03/10,2024-02-19T00:00:00,10,50,CC-P02,Large Bag (1kg),Raw materials,V02,Continental Printing Co.,0.12,EUR
492,.1~493,493,C2,03,10,03/10,2024-02-19T00:00:00,10,50,CC-P03,Small Box (500g),Raw materials,V02,Continental Printing Co.,0.21,EUR
493,.1~494,494,C2,03,10,03/10,2024-02-19T00:00:00,10,50,CC-P04,Small Bag (500g),Raw materials,V02,Continental Printing Co.,0.09,EUR
494,.1~495,495,C2,03,10,03/10,2024-02-19T00:00:00,10,50,CC-R01,Nuts,Raw materials,V01,Foodbroker Inc.,1.66,EUR
495,.1~496,496,C2,03,10,03/10,2024-02-19T00:00:00,10,50,CC-R02,Blueberries,Raw materials,V01,Foodbroker Inc.,4.20,EUR
496,.1~497,497,C2,03,10,03/10,2024-02-19T00:00:00,10,50,CC-R03,Strawberries,Raw materials,V01,Foodbroker Inc.,4.92,EUR
497,.1~498,498,C2,03,10,03/10,2024-02-19T00:00:00,10,50,CC-R04,Raisins,Raw materials,V01,Foodbroker Inc.,1.43,EUR
498,.1~499,499,C2,03,10,03/10,2024-02-19T00:00:00,10,50,CC-R05,Wheat,Raw materials,V01,Foodbroker Inc.,0.80,EUR
499,.1~500,500,C2,03,10,03/10,2024-02-19T00:00:00,10,50,CC-R06,Oats,Raw materials,V01,Foodbroker Inc.,0.63,EUR
500,.1~501,501,C2,03,11,03/11,2024-02-20T00:00:00,11,51,CC-P01,Large Box (1kg),Raw materials,V02,Continental Printing Co.,0.28,EUR
501,.1~502,502,C2,03,11,03/11,2024-02-20T00:00:00,11,51,CC-P02,Large Bag (1kg),Raw materials,V02,Continental Printing Co.,0.12,EUR
502,.1~503,503,C2,03,11,03/11,2024-02-20T00:00:00,11,51,CC-P03,Small Box (500g),Raw materials,V02,Continental Printing Co.,0.21,EUR
503,.1~504,504,C2,03,11,03/11,2024-02-20T00:00:00,11,51,CC-P04,Small Bag (500g),Raw materials,V02,Continental Printing Co.,0.09,EUR
504,.1~505,505,C2,03,11,03/11,2024-02-20T00:00:00,11,51,CC-R01,Nuts,Raw materials,V01,Foodbroker Inc.,1.63,EUR
505,.1~506,506,C2,03,11,03/11,2024-02-20T00:00:00,11,51,CC-R02,Blueberries,Raw materials,V01,Foodbroker Inc.,4.22,EUR
506,.1~507,507,C2,03,11,03/11,2024-02-20T00:00:00,11,51,CC-R03,Strawberries,Raw materials,V01,Foodbroker Inc.,5.07,EUR
507,.1~508,508,C2,03,11,03/11,2024-02-20T00:00:00,11,51,CC-R04,Raisins,Raw materials,V01,Foodbroker Inc.,1.38,EUR
508,.1~509,509,C2,03,11,03/11,2024-02-20T00:00:00,11,51,CC-R05,Wheat,Raw materials,V01,Foodbroker Inc.,0.89,EUR
509,.1~510,510,C2,03,11,03/11,2024-02-20T00:00:00,11,51,CC-R06,Oats,Raw materials,V01,Foodbroker Inc.,0.60,EUR
510,.1~511,511,C2,03,12,03/12,2024-02-21T00:00:00,11,52,CC-P01,Large Box (1kg),Raw materials,V02,Continental Printing Co.,0.28,EUR
511,.1~512,512,C2,03,12,03/12,2024-02-21T00:00:00,11,52,CC-P02,Large Bag (1kg),Raw materials,V02,Continental Printing Co.,0.12,EUR
512,.1~513,513,C2,03,12,03/12,2024-02-21T00:00:00,11,52,CC-P03,Small Box (500g),Raw materials,V02,Continental Printing Co.,0.21,EUR
513,.1~514,514,C2,03,12,03/12,2024-02-21T00:00:00,11,52,CC-P04,Small Bag (500g),Raw materials,V02,Continental Printing Co.,0.09,EUR
514,.1~515,515,C2,03,12,03/12,2024-02-21T00:00:00,11,52,CC-R01,Nuts,Raw materials,V01,Foodbroker Inc.,1.63,EUR
515,.1~516,516,C2,03,12,03/12,2024-02-21T00:00:00,11,52,CC-R02,Blueberries,Raw materials,V01,Foodbroker Inc.,4.22,EUR
516,.1~517,517,C2,03,12,03/12,2024-02-21T00:00:00,11,52,CC-R03,Strawberries,Raw materials,V01,Foodbroker Inc.,5.07,EUR
517,.1~518,518,C2,03,12,03/12,2024-02-21T00:00:00,11,52,CC-R04,Raisins,Raw materials,V01,Foodbroker Inc.,1.38,EUR
518,.1~519,519,C2,03,12,03/12,2024-02-21T00:00:00,11,52,CC-R05,Wheat,Raw materials,V01,Foodbroker Inc.,0.89,EUR
519,.1~520,520,C2,03,12,03/12,2024-02-21T00:00:00,11,52,CC-R06,Oats,Raw materials,V01,Foodbroker Inc.,0.60,EUR
520,.1~521,521,C2,03,13,03/13,2024-02-22T00:00:00,11,53,CC-P01,Large Box (1kg),Raw materials,V02,Continental Printing Co.,0.28,EUR
521,.1~522,522,C2,03,13,03/13,2024-02-22T00:00:00,11,53,CC-P02,Large Bag (1kg),Raw materials,V02,Continental Printing Co.,0.12,EUR
522,.1~523,523,C2,03,13,03/13,2024-02-22T00:00:00,11,53,CC-P03,Small Box (500g),Raw materials,V02,Continental Printing Co.,0.21,EUR
523,.1~524,524,C2,03,13,03/13,2024-02-22T00:00:00,11,53,CC-P04,Small Bag (500g),Raw materials,V02,Continental Printing Co.,0.09,EUR
524,.1~525,525,C2,03,13,03/13,2024-02-22T00:00:00,11,53,CC-R01,Nuts,Raw materials,V01,Foodbroker Inc.,1.63,EUR
525,.1~526,526,C2,03,13,03/13,2024-02-22T00:00:00,11,53,CC-R02,Blueberries,Raw materials,V01,Foodbroker Inc.,4.22,EUR
526,.1~527,527,C2,03,13,03/13,2024-02-22T00:00:00,11,53,CC-R03,Strawberries,Raw materials,V01,Foodbroker Inc.,5.07,EUR
527,.1~528,528,C2,03,13,03/13,2024-02-22T00:00:00,11,53,CC-R04,Raisins,Raw materials,V01,Foodbroker Inc.,1.38,EUR
528,.1~529,529,C2,03,13,03/13,2024-02-22T00:00:00,11,53,CC-R05,Wheat,Raw materials,V01,Foodbroker Inc.,0.89,EUR
529,.1~530,530,C2,03,13,03/13,2024-02-22T00:00:00,11,53,CC-R06,Oats,Raw materials,V01,Foodbroker Inc.,0.60,EUR
530,.1~531,531,C2,03,14,03/14,2024-02-23T00:00:00,11,54,CC-P01,Large Box (1kg),Raw materials,V02,Continental Printing Co.,0.28,EUR
531,.1~532,532,C2,03,14,03/14,2024-02-23T00:00:00,11,54,CC-P02,Large Bag (1kg),Raw materials,V02,Continental Printing Co.,0.12,EUR
532,.1~533,533,C2,03,14,03/14,2024-02-23T00:00:00,11,54,CC-P03,Small Box (500g),Raw materials,V02,Continental Printing Co.,0.21,EUR
533,.1~534,534,C2,03,14,03/14,2024-02-23T00:00:00,11,54,CC-P04,Small Bag (500g),Raw materials,V02,Continental Printing Co.,0.09,EUR
534,.1~535,535,C2,03,14,03/14,2024-02-23T00:00:00,11,54,CC-R01,Nuts,Raw materials,V01,Foodbroker Inc.,1.63,EUR
535,.1~536,536,C2,03,14,03/14,2024-02-23T00:00:00,11,54,CC-R02,Blueberries,Raw materials,V01,Foodbroker Inc.,4.22,EUR
536,.1~537,537,C2,03,14,03/14,2024-02-23T00:00:00,11,54,CC-R03,Strawberries,Raw materials,V01,Foodbroker Inc.,5.07,EUR
537,.1~538,538,C2,03,14,03/14,2024-02-23T00:00:00,11,54,CC-R04,Raisins,Raw materials,V01,Foodbroker Inc.,1.38,EUR
538,.1~539,539,C2,03,14,03/14,2024-02-23T00:00:00,11,54,CC-R05,Wheat,Raw materials,V01,Foodbroker Inc.,0.89,EUR
539,.1~540,540,C2,03,14,03/14,2024-02-23T00:00:00,11,54,CC-R06,Oats,Raw materials,V01,Foodbroker Inc.,0.60,EUR
540,.1~541,541,C2,03,15,03/15,2024-02-24T00:00:00,11,55,CC-P01,Large Box (1kg),Raw materials,V02,Continental Printing Co.,0.28,EUR
541,.1~542,542,C2,03,15,03/15,2024-02-24T00:00:00,11,55,CC-P02,Large Bag (1kg),Raw materials,V02,Continental Printing Co.,0.12,EUR
542,.1~543,543,C2,03,15,03/15,2024-02-24T00:00:00,11,55,CC-P03,Small Box (500g),Raw materials,V02,Continental Printing Co.,0.21,EUR
543,.1~544,544,C2,03,15,03/15,2024-02-24T00:00:00,11,55,CC-P04,Small Bag (500g),Raw materials,V02,Continental Printing Co.,0.09,EUR
544,.1~545,545,C2,03,15,03/15,2024-02-24T00:00:00,11,55,CC-R01,Nuts,Raw materials,V01,Foodbroker Inc.,1.63,EUR
545,.1~546,546,C2,03,15,03/15,2024-02-24T00:00:00,11,55,CC-R02,Blueberries,Raw materials,V01,Foodbroker Inc.,4.22,EUR
546,.1~547,547,C2,03,15,03/15,2024-02-24T00:00:00,11,55,CC-R03,Strawberries,Raw materials,V01,Foodbroker Inc.,5.07,EUR
547,.1~548,548,C2,03,15,03/15,2024-02-24T00:00:00,11,55,CC-R04,Raisins,Raw materials,V01,Foodbroker Inc.,1.38,EUR
548,.1~549,549,C2,03,15,03/15,2024-02-24T00:00:00,11,55,CC-R05,Wheat,Raw materials,V01,Foodbroker Inc.,0.89,EUR
549,.1~550,550,C2,03,15,03/15,2024-02-24T00:00:00,11,55,CC-R06,Oats,Raw materials,V01,Foodbroker Inc.,0.60,EUR
550,.1~551,551,C2,03,16,03/16,2024-02-25T00:00:00,12,56,CC-P01,Large Box (1kg),Raw materials,V02,Continental Printing Co.,0.28,EUR
551,.1~552,552,C2,03,16,03/16,2024-02-25T00:00:00,12,56,CC-P02,Large Bag (1kg),Raw materials,V02,Continental Printing Co.,0.12,EUR
552,.1~553,553,C2,03,16,03/16,2024-02-25T00:00:00,12,56,CC-P03,Small Box (500g),Raw materials,V02,Continental Printing Co.,0.21,EUR
553,.1~554,554,C2,03,16,03/16,2024-02-25T00:00:00,12,56,CC-P04,Small Bag (500g),Raw materials,V02,Continental Printing Co.,0.09,EUR
554,.1~555,555,C2,03,16,03/16,2024-02-25T00:00:00,12,56,CC-R01,Nuts,Raw materials,V01,Foodbroker Inc.,1.75,EUR
555,.1~556,556,C2,03,16,03/16,2024-02-25T00:00:00,12,56,CC-R02,Blueberries,Raw materials,V01,Foodbroker Inc.,4.25,EUR
556,.1~557,557,C2,03,16,03/16,2024-02-25T00:00:00,12,56,CC-R03,Strawberries,Raw materials,V01,Foodbroker Inc.,5.29,EUR
557,.1~558,558,C2,03,16,03/16,2024-02-25T00:00:00,12,56,CC-R04,Raisins,Raw materials,V01,Foodbroker Inc.,1.26,EUR
558,.1~559,559,C2,03,16,03/16,2024-02-25T00:00:00,12,56,CC-R05,Wheat,Raw materials,V01,Foodbroker Inc.,0.83,EUR
559,.1~560,560,C2,03,16,03/16,2024-02-25T00:00:00,12,56,CC-R06,Oats,Raw materials,V01,Foodbroker Inc.,0.59,EUR
560,.1~561,561,C2,03,17,03/17,2024-02-26T00:00:00,12,57,CC-P01,Large Box (1kg),Raw materials,V02,Continental Printing Co.,0.28,EUR
561,.1~562,562,C2,03,17,03/17,2024-02-26T00:00:00,12,57,CC-P02,Large Bag (1kg),Raw materials,V02,Continental Printing Co.,0.12,EUR
562,.1~563,563,C2,03,17,03/17,2024-02-26T00:00:00,12,57,CC-P03,Small Box (500g),Raw materials,V02,Continental Printing Co.,0.21,EUR
563,.1~564,564,C2,03,17,03/17,2024-02-26T00:00:00,12,57,CC-P04,Small Bag (500g),Raw materials,V02,Continental Printing Co.,0.09,EUR
564,.1~565,565,C2,03,17,03/17,2024-02-26T00:00:00,12,57,CC-R01,Nuts,Raw materials,V01,Foodbroker Inc.,1.75,EUR
565,.1~566,566,C2,03,17,03/17,2024-02-26T00:00:00,12,57,CC-R02,Blueberries,Raw materials,V01,Foodbroker Inc.,4.25,EUR
566,.1~567,567,C2,03,17,03/17,2024-02-26T00:00:00,12,57,CC-R03,Strawberries,Raw materials,V01,Foodbroker Inc.,5.29,EUR
567,.1~568,568,C2,03,17,03/17,2024-02-26T00:00:00,12,57,CC-R04,Raisins,Raw materials,V01,Foodbroker Inc.,1.26,EUR
568,.1~569,569,C2,03,17,03/17,2024-02-26T00:00:00,12,57,CC-R05,Wheat,Raw materials,V01,Foodbroker Inc.,0.83,EUR
569,.1~570,570,C2,03,17,03/17,2024-02-26T00:00:00,12,57,CC-R06,Oats,Raw materials,V01,Foodbroker Inc.,0.59,EUR
570,.1~571,571,C2,03,18,03/18,2024-02-27T00:00:00,12,58,CC-P01,Large Box (1kg),Raw materials,V02,Continental Printing Co.,0.28,EUR
571,.1~572,572,C2,03,18,03/18,2024-02-27T00:00:00,12,58,CC-P02,Large Bag (1kg),Raw materials,V02,Continental Printing Co.,0.12,EUR
572,.1~573,573,C2,03,18,03/18,2024-02-27T00:00:00,12,58,CC-P03,Small Box (500g),Raw materials,V02,Continental Printing Co.,0.21,EUR
573,.1~574,574,C2,03,18,03/18,2024-02-27T00:00:00,12,58,CC-P04,Small Bag (500g),Raw materials,V02,Continental Printing Co.,0.09,EUR
574,.1~575,575,C2,03,18,03/18,2024-02-27T00:00:00,12,58,CC-R01,Nuts,Raw materials,V01,Foodbroker Inc.,1.75,EUR
575,.1~576,576,C2,03,18,03/18,2024-02-27T00:00:00,12,58,CC-R02,Blueberries,Raw materials,V01,Foodbroker Inc.,4.25,EUR
576,.1~577,577,C2,03,18,03/18,2024-02-27T00:00:00,12,58,CC-R03,Strawberries,Raw materials,V01,Foodbroker Inc.,5.29,EUR
577,.1~578,578,C2,03,18,03/18,2024-02-27T00:00:00,12,58,CC-R04,Raisins,Raw materials,V01,Foodbroker Inc.,1.26,EUR
578,.1~579,579,C2,03,18,03/18,2024-02-27T00:00:00,12,58,CC-R05,Wheat,Raw materials,V01,Foodbroker Inc.,0.83,EUR
579,.1~580,580,C2,03,18,03/18,2024-02-27T00:00:00,12,58,CC-R06,Oats,Raw materials,V01,Foodbroker Inc.,0.59,EUR
580,.1~581,581,C2,03,19,03/19,2024-02-28T00:00:00,12,59,CC-P01,Large Box (1kg),Raw materials,V02,Continental Printing Co.,0.28,EUR
581,.1~582,582,C2,03,19,03/19,2024-02-28T00:00:00,12,59,CC-P02,Large Bag (1kg),Raw materials,V02,Continental Printing Co.,0.12,EUR
582,.1~583,583,C2,03,19,03/19,2024-02-28T00:00:00,12,59,CC-P03,Small Box (500g),Raw materials,V02,Continental Printing Co.,0.21,EUR
583,.1~584,584,C2,03,19,03/19,2024-02-28T00:00:00,12,59,CC-P04,Small Bag (500g),Raw materials,V02,Continental Printing Co.,0.09,EUR
584,.1~585,585,C2,03,19,03/19,2024-02-28T00:00:00,12,59,CC-R01,Nuts,Raw materials,V01,Foodbroker Inc.,1.75,EUR
585,.1~586,586,C2,03,19,03/19,2024-02-28T00:00:00,12,59,CC-R02,Blueberries,Raw materials,V01,Foodbroker Inc.,4.25,EUR
586,.1~587,587,C2,03,19,03/19,2024-02-28T00:00:00,12,59,CC-R03,Strawberries,Raw materials,V01,Foodbroker Inc.,5.29,EUR
587,.1~588,588,C2,03,19,03/19,2024-02-28T00:00:00,12,59,CC-R04,Raisins,Raw materials,V01,Foodbroker Inc.,1.26,EUR
588,.1~589,589,C2,03,19,03/19,2024-02-28T00:00:00,12,59,CC-R05,Wheat,Raw materials,V01,Foodbroker Inc.,0.83,EUR
589,.1~590,590,C2,03,19,03/19,2024-02-28T00:00:00,12,59,CC-R06,Oats,Raw materials,V01,Foodbroker Inc.,0.59,EUR
590,.1~591,591,C2,03,20,03/20,2024-02-29T00:00:00,12,60,CC-P01,Large Box (1kg),Raw materials,V02,Continental Printing Co.,0.28,EUR
591,.1~592,592,C2,03,20,03/20,2024-02-29T00:00:00,12,60,CC-P02,Large Bag (1kg),Raw materials,V02,Continental Printing Co.,0.12,EUR
592,.1~593,593,C2,03,20,03/20,2024-02-29T00:00:00,12,60,CC-P03,Small Box (500g),Raw materials,V02,Continental Printing Co.,0.21,EUR
593,.1~594,594,C2,03,20,03/20,2024-02-29T00:00:00,12,60,CC-P04,Small Bag (500g),Raw materials,V02,Continental Printing Co.,0.09,EUR
594,.1~595,595,C2,03,20,03/20,2024-02-29T00:00:00,12,60,CC-R01,Nuts,Raw materials,V01,Foodbroker Inc.,1.75,EUR
595,.1~596,596,C2,03,20,03/20,2024-02-29T00:00:00,12,60,CC-R02,Blueberries,Raw materials,V01,Foodbroker Inc.,4.25,EUR
596,.1~597,597,C2,03,20,03/20,2024-02-29T00:00:00,12,60,CC-R03,Strawberries,Raw materials,V01,Foodbroker Inc.,5.29,EUR
597,.1~598,598,C2,03,20,03/20,2024-02-29T00:00:00,12,60,CC-R04,Raisins,Raw materials,V01,Foodbroker Inc.,1.26,EUR
598,.1~599,599,C2,03,20,03/20,2024-02-29T00:00:00,12,60,CC-R05,Wheat,Raw materials,V01,Foodbroker Inc.,0.83,EUR
599,.1~600,600,C2,03,20,03/20,2024-02-29T00:00:00,12,60,CC-R06,Oats,Raw materials,V01,Foodbroker Inc.,0.59,EUR
