,ID,ROW_ID,PLANT,STORAGE_LOCATION,MATERIAL_NUMBER,MATERIAL_DESCRIPTION,MATERIAL_TYPE,MATERIAL_CODE,MATERIAL_SIZE,MATERIAL_LABEL,CURRENT_INVENTORY,QUANTITY_SOLD,UNIT,NB_STEPS_AVAILABLE,SIM_ELAPSED_STEPS
0,.1~9,9,DD,02,DD-F13,1kg Strawberry Muesli,Finished Product,F13,1kg,Strawberry Muesli,0,64000,ST,88,80
1,.1~10,10,DD,02,DD-F14,1kg Raisin Muesli,Finished Product,F14,1kg,Raisin Muesli,0,64000,ST,72,80
2,.1~2,2,DD,02,DD-F02,500g Blueberry Muesli,Finished Product,F02,500g,Blueberry Muesli,0,64000,ST,108,80
3,.1~11,11,DD,02,DD-F15,1kg Original Muesli,Finished Product,F15,1kg,Original Muesli,0,64000,ST,82,80
4,.1~12,12,DD,02,DD-F16,1kg Mixed Fruit Muesli,Finished Product,F16,1kg,Mixed Fruit Muesli,0,64000,ST,58,80
5,.1~1,1,DD,02,DD-F01,500g Nut Muesli,Finished Product,F01,500g,Nut Muesli,0,64000,ST,122,80
6,.1~6,6,DD,02,DD-F06,500g Mixed Fruit Muesli,Finished Product,F06,500g,Mixed Fruit Muesli,0,64000,ST,102,80
7,.1~4,4,DD,02,DD-F04,500g Raisin Muesli,Finished Product,F04,500g,Raisin Muesli,0,64000,ST,108,80
8,.1~7,7,DD,02,DD-F11,1kg Nut Muesli,Finished Product,F11,1kg,Nut Muesli,0,64000,ST,70,80
9,.1~8,8,DD,02,DD-F12,1kg Blueberry Muesli,Finished Product,F12,1kg,Blueberry Muesli,0,64000,ST,94,80
10,.1~5,5,DD,02,DD-F05,500g Original Muesli,Finished Product,F05,500g,Original Muesli,0,64000,ST,112,80
11,.1~3,3,DD,02,DD-F03,500g Strawberry Muesli,Finished Product,F03,500g,Strawberry Muesli,0,64000,ST,110,80
