,ID,ROW_ID,COMPANY_CODE,SALES_ORGANIZATION,SIM_ROUND,SIM_PERIOD,MATERIAL_DESCRIPTION,DISTRIBUTION_CHANNEL,AREA,QUANTITY,UNIT,AVERAGE_PRICE,NET_VALUE,CURRENCY
0,.1~2,2,DD,Company,02,8,1kg Blueberry Muesli,10,South,287,ST,7.26,2083.62,EUR
1,.1~4,4,DD,Company,02,8,1kg Blueberry Muesli,10,West,578,ST,7.26,4196.28,EUR
2,.1~6,6,DD,Company,02,8,1kg Blueberry Muesli,12,North,262,ST,7.26,1902.12,EUR
3,.1~8,8,DD,Company,02,8,1kg Blueberry Muesli,12,South,2329,ST,7.26,16908.54,EUR
4,.1~10,10,DD,Company,02,8,1kg Blueberry Muesli,12,West,558,ST,7.26,4051.08,EUR
5,.1~12,12,DD,Company,02,8,1kg Mixed Fruit Muesli,10,North,855,ST,7.06,6036.30,EUR
6,.1~14,14,DD,Company,02,8,1kg Mixed Fruit Muesli,10,South,799,ST,7.06,5640.94,EUR
7,.1~16,16,DD,Company,02,8,1kg Mixed Fruit Muesli,10,West,883,ST,7.06,6233.98,EUR
8,.1~18,18,DD,Company,02,8,1kg Mixed Fruit Muesli,12,North,2647,ST,7.06,18687.82,EUR
9,.1~20,20,DD,Company,02,8,1kg Mixed Fruit Muesli,12,South,2694,ST,7.06,19019.64,EUR
10,.1~22,22,DD,Company,02,8,1kg Mixed Fruit Muesli,12,West,2315,ST,7.06,16343.90,EUR
11,.1~24,24,DD,Company,02,8,1kg Nut Muesli,10,North,1682,ST,6.61,11118.02,EUR
12,.1~26,26,DD,Company,02,8,1kg Nut Muesli,10,South,903,ST,6.61,5968.83,EUR
13,.1~28,28,DD,Company,02,8,1kg Nut Muesli,10,West,914,ST,6.61,6041.54,EUR
14,.1~30,30,DD,Company,02,8,1kg Nut Muesli,12,North,3157,ST,6.61,20867.77,EUR
15,.1~32,32,DD,Company,02,8,1kg Nut Muesli,12,South,2580,ST,6.61,17053.80,EUR
16,.1~34,34,DD,Company,02,8,1kg Nut Muesli,12,West,2774,ST,6.61,18336.14,EUR
17,.1~36,36,DD,Company,02,8,1kg Original Muesli,10,West,649,ST,6.35,4121.15,EUR
18,.1~38,38,DD,Company,02,8,1kg Original Muesli,12,North,306,ST,6.35,1943.10,EUR
19,.1~40,40,DD,Company,02,8,1kg Original Muesli,12,South,902,ST,6.35,5727.70,EUR
20,.1~42,42,DD,Company,02,8,1kg Original Muesli,12,West,1038,ST,6.35,6591.30,EUR
21,.1~44,44,DD,Company,02,8,1kg Raisin Muesli,10,North,1014,ST,6.38,6469.32,EUR
22,.1~46,46,DD,Company,02,8,1kg Raisin Muesli,10,South,893,ST,6.38,5697.34,EUR
23,.1~48,48,DD,Company,02,8,1kg Raisin Muesli,10,West,369,ST,6.38,2354.22,EUR
24,.1~50,50,DD,Company,02,8,1kg Raisin Muesli,12,North,993,ST,6.38,6335.34,EUR
25,.1~52,52,DD,Company,02,8,1kg Raisin Muesli,12,South,1048,ST,6.38,6686.24,EUR
26,.1~54,54,DD,Company,02,8,1kg Raisin Muesli,12,West,1431,ST,6.38,9129.78,EUR
27,.1~56,56,DD,Company,02,8,1kg Strawberry Muesli,10,North,247,ST,7.27,1795.69,EUR
28,.1~58,58,DD,Company,02,8,1kg Strawberry Muesli,10,South,614,ST,7.27,4463.78,EUR
29,.1~60,60,DD,Company,02,8,1kg Strawberry Muesli,10,West,273,ST,7.27,1984.71,EUR
30,.1~62,62,DD,Company,02,8,1kg Strawberry Muesli,12,North,1398,ST,7.27,10163.46,EUR
31,.1~64,64,DD,Company,02,8,1kg Strawberry Muesli,12,South,620,ST,7.27,4507.40,EUR
32,.1~66,66,DD,Company,02,8,1kg Strawberry Muesli,12,West,516,ST,7.27,3751.32,EUR
33,.1~68,68,DD,Company,02,8,500g Blueberry Muesli,12,North,727,ST,6.23,4529.21,EUR
34,.1~70,70,DD,Company,02,8,500g Blueberry Muesli,12,South,1705,ST,6.23,10622.15,EUR
35,.1~72,72,DD,Company,02,8,500g Blueberry Muesli,12,West,663,ST,6.23,4130.49,EUR
36,.1~74,74,DD,Company,02,8,500g Blueberry Muesli,14,North,1051,ST,6.23,6547.73,EUR
37,.1~76,76,DD,Company,02,8,500g Blueberry Muesli,14,South,1269,ST,6.23,7905.87,EUR
38,.1~78,78,DD,Company,02,8,500g Blueberry Muesli,14,West,999,ST,6.23,6223.77,EUR
39,.1~80,80,DD,Company,02,8,500g Mixed Fruit Muesli,12,North,1072,ST,6.13,6571.36,EUR
40,.1~82,82,DD,Company,02,8,500g Mixed Fruit Muesli,12,South,381,ST,6.13,2335.53,EUR
41,.1~84,84,DD,Company,02,8,500g Mixed Fruit Muesli,12,West,1342,ST,6.13,8226.46,EUR
42,.1~86,86,DD,Company,02,8,500g Mixed Fruit Muesli,14,North,831,ST,6.13,5094.03,EUR
43,.1~88,88,DD,Company,02,8,500g Mixed Fruit Muesli,14,South,1063,ST,6.13,6516.19,EUR
44,.1~90,90,DD,Company,02,8,500g Mixed Fruit Muesli,14,West,1030,ST,6.13,6313.90,EUR
45,.1~92,92,DD,Company,02,8,500g Nut Muesli,12,North,1743,ST,5.90,10283.70,EUR
46,.1~94,94,DD,Company,02,8,500g Nut Muesli,12,South,655,ST,5.90,3864.50,EUR
47,.1~96,96,DD,Company,02,8,500g Nut Muesli,12,West,714,ST,5.90,4212.60,EUR
48,.1~98,98,DD,Company,02,8,500g Nut Muesli,14,North,2501,ST,5.90,14755.90,EUR
49,.1~100,100,DD,Company,02,8,500g Nut Muesli,14,South,1044,ST,5.90,6159.60,EUR
50,.1~102,102,DD,Company,02,8,500g Nut Muesli,14,West,776,ST,5.90,4578.40,EUR
51,.1~104,104,DD,Company,02,8,500g Original Muesli,12,South,671,ST,5.77,3871.67,EUR
52,.1~106,106,DD,Company,02,8,500g Raisin Muesli,12,North,1092,ST,5.79,6322.68,EUR
53,.1~108,108,DD,Company,02,8,500g Raisin Muesli,12,South,727,ST,5.79,4209.33,EUR
54,.1~110,110,DD,Company,02,8,500g Raisin Muesli,12,West,2940,ST,5.79,17022.60,EUR
55,.1~112,112,DD,Company,02,8,500g Raisin Muesli,14,North,859,ST,5.79,4973.61,EUR
56,.1~114,114,DD,Company,02,8,500g Raisin Muesli,14,South,1299,ST,5.79,7521.21,EUR
57,.1~116,116,DD,Company,02,8,500g Raisin Muesli,14,West,1581,ST,5.79,9153.99,EUR
58,.1~118,118,DD,Company,02,8,500g Strawberry Muesli,12,North,1957,ST,6.23,12192.11,EUR
59,.1~120,120,DD,Company,02,8,500g Strawberry Muesli,12,South,930,ST,6.23,5793.90,EUR
60,.1~122,122,DD,Company,02,8,500g Strawberry Muesli,12,West,1389,ST,6.23,8653.47,EUR
61,.1~124,124,DD,Company,02,8,500g Strawberry Muesli,14,North,1033,ST,6.23,6435.59,EUR
62,.1~126,126,DD,Company,02,8,500g Strawberry Muesli,14,South,963,ST,6.23,5999.49,EUR
63,.1~128,128,DD,Company,02,8,500g Strawberry Muesli,14,West,1723,ST,6.23,10734.29,EUR
64,.1~130,130,DD,Company,03,9,1kg Blueberry Muesli,10,North,604,ST,7.26,4385.04,EUR
65,.1~132,132,DD,Company,03,9,1kg Blueberry Muesli,10,South,271,ST,7.26,1967.46,EUR
66,.1~134,134,DD,Company,03,9,1kg Blueberry Muesli,10,West,580,ST,7.26,4210.80,EUR
67,.1~136,136,DD,Company,03,9,1kg Blueberry Muesli,12,North,545,ST,7.26,3956.70,EUR
68,.1~138,138,DD,Company,03,9,1kg Blueberry Muesli,12,South,1133,ST,7.26,8225.58,EUR
69,.1~140,140,DD,Company,03,9,1kg Blueberry Muesli,12,West,1185,ST,7.26,8603.10,EUR
70,.1~142,142,DD,Company,03,9,1kg Mixed Fruit Muesli,10,North,597,ST,7.06,4214.82,EUR
71,.1~144,144,DD,Company,03,9,1kg Mixed Fruit Muesli,10,South,1334,ST,7.06,9418.04,EUR
72,.1~146,146,DD,Company,03,9,1kg Mixed Fruit Muesli,10,West,872,ST,7.06,6156.32,EUR
73,.1~148,148,DD,Company,03,9,1kg Mixed Fruit Muesli,12,North,1828,ST,7.06,12905.68,EUR
74,.1~150,150,DD,Company,03,9,1kg Mixed Fruit Muesli,12,South,3604,ST,7.06,25444.24,EUR
75,.1~152,152,DD,Company,03,9,1kg Mixed Fruit Muesli,12,West,2932,ST,7.06,20699.92,EUR
76,.1~154,154,DD,Company,03,9,1kg Nut Muesli,10,North,1273,ST,6.61,8414.53,EUR
77,.1~156,156,DD,Company,03,9,1kg Nut Muesli,10,South,1803,ST,6.61,11917.83,EUR
78,.1~158,158,DD,Company,03,9,1kg Nut Muesli,10,West,1298,ST,6.61,8579.78,EUR
79,.1~160,160,DD,Company,03,9,1kg Nut Muesli,12,North,5208,ST,6.61,34424.88,EUR
80,.1~162,162,DD,Company,03,9,1kg Nut Muesli,12,South,2132,ST,6.61,14092.52,EUR
81,.1~164,164,DD,Company,03,9,1kg Nut Muesli,12,West,3070,ST,6.61,20292.70,EUR
82,.1~166,166,DD,Company,03,9,1kg Original Muesli,10,North,695,ST,6.35,4413.25,EUR
83,.1~168,168,DD,Company,03,9,1kg Original Muesli,10,South,347,ST,6.35,2203.45,EUR
84,.1~170,170,DD,Company,03,9,1kg Original Muesli,12,North,1060,ST,6.35,6731.00,EUR
85,.1~172,172,DD,Company,03,9,1kg Original Muesli,12,South,591,ST,6.35,3752.85,EUR
86,.1~174,174,DD,Company,03,9,1kg Original Muesli,12,West,1728,ST,6.35,10972.80,EUR
87,.1~176,176,DD,Company,03,9,1kg Raisin Muesli,10,North,702,ST,6.38,4478.76,EUR
88,.1~178,178,DD,Company,03,9,1kg Raisin Muesli,10,South,629,ST,6.38,4013.02,EUR
89,.1~180,180,DD,Company,03,9,1kg Raisin Muesli,10,West,1686,ST,6.38,10756.68,EUR
90,.1~182,182,DD,Company,03,9,1kg Raisin Muesli,12,North,2285,ST,6.38,14578.30,EUR
91,.1~184,184,DD,Company,03,9,1kg Raisin Muesli,12,South,1295,ST,6.38,8262.10,EUR
92,.1~186,186,DD,Company,03,9,1kg Raisin Muesli,12,West,1256,ST,6.38,8013.28,EUR
93,.1~188,188,DD,Company,03,9,1kg Strawberry Muesli,10,North,880,ST,7.27,6397.60,EUR
94,.1~190,190,DD,Company,03,9,1kg Strawberry Muesli,10,West,272,ST,7.27,1977.44,EUR
95,.1~192,192,DD,Company,03,9,1kg Strawberry Muesli,12,North,1157,ST,7.27,8411.39,EUR
96,.1~194,194,DD,Company,03,9,1kg Strawberry Muesli,12,South,923,ST,7.27,6710.21,EUR
97,.1~196,196,DD,Company,03,9,1kg Strawberry Muesli,12,West,1519,ST,7.27,11043.13,EUR
98,.1~198,198,DD,Company,03,9,500g Blueberry Muesli,12,North,2533,ST,6.23,15780.59,EUR
99,.1~200,200,DD,Company,03,9,500g Blueberry Muesli,12,South,4277,ST,6.23,26645.71,EUR
100,.1~202,202,DD,Company,03,9,500g Blueberry Muesli,12,West,971,ST,6.23,6049.33,EUR
101,.1~204,204,DD,Company,03,9,500g Blueberry Muesli,14,North,2085,ST,6.23,12989.55,EUR
102,.1~206,206,DD,Company,03,9,500g Blueberry Muesli,14,South,3032,ST,6.23,18889.36,EUR
103,.1~208,208,DD,Company,03,9,500g Blueberry Muesli,14,West,1347,ST,6.23,8391.81,EUR
104,.1~210,210,DD,Company,03,9,500g Mixed Fruit Muesli,12,North,737,ST,6.13,4517.81,EUR
105,.1~212,212,DD,Company,03,9,500g Mixed Fruit Muesli,12,South,1292,ST,6.13,7919.96,EUR
106,.1~214,214,DD,Company,03,9,500g Mixed Fruit Muesli,12,West,1789,ST,6.13,10966.57,EUR
107,.1~216,216,DD,Company,03,9,500g Mixed Fruit Muesli,14,North,475,ST,6.13,2911.75,EUR
108,.1~218,218,DD,Company,03,9,500g Mixed Fruit Muesli,14,South,742,ST,6.13,4548.46,EUR
109,.1~220,220,DD,Company,03,9,500g Mixed Fruit Muesli,14,West,1953,ST,6.13,11971.89,EUR
110,.1~222,222,DD,Company,03,9,500g Nut Muesli,12,North,2445,ST,5.90,14425.50,EUR
111,.1~224,224,DD,Company,03,9,500g Nut Muesli,12,South,695,ST,5.90,4100.50,EUR
112,.1~226,226,DD,Company,03,9,500g Nut Muesli,12,West,1088,ST,5.90,6419.20,EUR
113,.1~228,228,DD,Company,03,9,500g Nut Muesli,14,North,2413,ST,5.90,14236.70,EUR
114,.1~230,230,DD,Company,03,9,500g Nut Muesli,14,South,1048,ST,5.90,6183.20,EUR
115,.1~232,232,DD,Company,03,9,500g Nut Muesli,14,West,1061,ST,5.90,6259.90,EUR
116,.1~234,234,DD,Company,03,9,500g Original Muesli,12,South,314,ST,5.77,1811.78,EUR
117,.1~236,236,DD,Company,03,9,500g Raisin Muesli,12,North,347,ST,5.79,2009.13,EUR
118,.1~238,238,DD,Company,03,9,500g Raisin Muesli,12,South,1401,ST,5.79,8111.79,EUR
119,.1~240,240,DD,Company,03,9,500g Raisin Muesli,12,West,1408,ST,5.79,8152.32,EUR
120,.1~242,242,DD,Company,03,9,500g Raisin Muesli,14,North,583,ST,5.79,3375.57,EUR
121,.1~244,244,DD,Company,03,9,500g Raisin Muesli,14,South,1648,ST,5.79,9541.92,EUR
122,.1~246,246,DD,Company,03,9,500g Raisin Muesli,14,West,1333,ST,5.79,7718.07,EUR
123,.1~248,248,DD,Company,03,9,500g Strawberry Muesli,12,North,1257,ST,6.23,7831.11,EUR
124,.1~250,250,DD,Company,03,9,500g Strawberry Muesli,12,South,1327,ST,6.23,8267.21,EUR
125,.1~252,252,DD,Company,03,9,500g Strawberry Muesli,12,West,2266,ST,6.23,14117.18,EUR
126,.1~254,254,DD,Company,03,9,500g Strawberry Muesli,14,North,2282,ST,6.23,14216.86,EUR
127,.1~256,256,DD,Company,03,9,500g Strawberry Muesli,14,South,979,ST,6.23,6099.17,EUR
128,.1~258,258,DD,Company,03,9,500g Strawberry Muesli,14,West,2053,ST,6.23,12790.19,EUR
129,.1~260,260,DD,Company,03,10,1kg Blueberry Muesli,10,North,549,ST,7.26,3985.74,EUR
130,.1~262,262,DD,Company,03,10,1kg Blueberry Muesli,10,South,553,ST,7.26,4014.78,EUR
131,.1~264,264,DD,Company,03,10,1kg Blueberry Muesli,10,West,555,ST,7.26,4029.30,EUR
132,.1~266,266,DD,Company,03,10,1kg Blueberry Muesli,12,North,292,ST,7.26,2119.92,EUR
133,.1~268,268,DD,Company,03,10,1kg Blueberry Muesli,12,South,1701,ST,7.26,12349.26,EUR
134,.1~270,270,DD,Company,03,10,1kg Blueberry Muesli,12,West,295,ST,7.26,2141.70,EUR
135,.1~272,272,DD,Company,03,10,1kg Mixed Fruit Muesli,10,North,935,ST,7.06,6601.10,EUR
136,.1~274,274,DD,Company,03,10,1kg Mixed Fruit Muesli,10,South,270,ST,7.06,1906.20,EUR
137,.1~276,276,DD,Company,03,10,1kg Mixed Fruit Muesli,10,West,1200,ST,7.06,8472.00,EUR
138,.1~278,278,DD,Company,03,10,1kg Mixed Fruit Muesli,12,North,2387,ST,7.06,16852.22,EUR
139,.1~280,280,DD,Company,03,10,1kg Mixed Fruit Muesli,12,South,2999,ST,7.06,21172.94,EUR
140,.1~282,282,DD,Company,03,10,1kg Mixed Fruit Muesli,12,West,2095,ST,7.06,14790.70,EUR
141,.1~284,284,DD,Company,03,10,1kg Nut Muesli,10,North,1294,ST,6.61,8553.34,EUR
142,.1~286,286,DD,Company,03,10,1kg Nut Muesli,10,South,2297,ST,6.61,15183.17,EUR
143,.1~288,288,DD,Company,03,10,1kg Nut Muesli,10,West,1364,ST,6.61,9016.04,EUR
144,.1~290,290,DD,Company,03,10,1kg Nut Muesli,12,North,4778,ST,6.61,31582.58,EUR
145,.1~292,292,DD,Company,03,10,1kg Nut Muesli,12,South,3661,ST,6.61,24199.21,EUR
146,.1~294,294,DD,Company,03,10,1kg Nut Muesli,12,West,3078,ST,6.61,20345.58,EUR
147,.1~296,296,DD,Company,03,10,1kg Original Muesli,10,North,596,ST,6.35,3784.60,EUR
148,.1~298,298,DD,Company,03,10,1kg Original Muesli,10,South,1018,ST,6.35,6464.30,EUR
149,.1~300,300,DD,Company,03,10,1kg Original Muesli,10,West,333,ST,6.35,2114.55,EUR
150,.1~302,302,DD,Company,03,10,1kg Original Muesli,12,North,353,ST,6.35,2241.55,EUR
151,.1~304,304,DD,Company,03,10,1kg Original Muesli,12,South,2039,ST,6.35,12947.65,EUR
152,.1~306,306,DD,Company,03,10,1kg Original Muesli,12,West,1992,ST,6.35,12649.20,EUR
153,.1~308,308,DD,Company,03,10,1kg Raisin Muesli,10,North,355,ST,6.38,2264.90,EUR
154,.1~310,310,DD,Company,03,10,1kg Raisin Muesli,10,South,632,ST,6.38,4032.16,EUR
155,.1~312,312,DD,Company,03,10,1kg Raisin Muesli,10,West,290,ST,6.38,1850.20,EUR
156,.1~314,314,DD,Company,03,10,1kg Raisin Muesli,12,North,1690,ST,6.38,10782.20,EUR
157,.1~316,316,DD,Company,03,10,1kg Raisin Muesli,12,South,1621,ST,6.38,10341.98,EUR
158,.1~318,318,DD,Company,03,10,1kg Raisin Muesli,12,West,2519,ST,6.38,16071.22,EUR
159,.1~320,320,DD,Company,03,10,1kg Strawberry Muesli,10,North,869,ST,7.27,6317.63,EUR
160,.1~322,322,DD,Company,03,10,1kg Strawberry Muesli,10,West,833,ST,7.27,6055.91,EUR
161,.1~324,324,DD,Company,03,10,1kg Strawberry Muesli,12,North,1174,ST,7.27,8534.98,EUR
162,.1~326,326,DD,Company,03,10,1kg Strawberry Muesli,12,South,576,ST,7.27,4187.52,EUR
163,.1~328,328,DD,Company,03,10,1kg Strawberry Muesli,12,West,767,ST,7.27,5576.09,EUR
164,.1~330,330,DD,Company,03,10,500g Blueberry Muesli,12,North,1902,ST,6.23,11849.46,EUR
165,.1~332,332,DD,Company,03,10,500g Blueberry Muesli,12,South,2259,ST,6.23,14073.57,EUR
166,.1~334,334,DD,Company,03,10,500g Blueberry Muesli,12,West,956,ST,6.23,5955.88,EUR
167,.1~336,336,DD,Company,03,10,500g Blueberry Muesli,14,North,1792,ST,6.23,11164.16,EUR
168,.1~338,338,DD,Company,03,10,500g Blueberry Muesli,14,South,2312,ST,6.23,14403.76,EUR
169,.1~340,340,DD,Company,03,10,500g Blueberry Muesli,14,West,993,ST,6.23,6186.39,EUR
170,.1~342,342,DD,Company,03,10,500g Mixed Fruit Muesli,12,North,647,ST,6.13,3966.11,EUR
171,.1~344,344,DD,Company,03,10,500g Mixed Fruit Muesli,12,South,354,ST,6.13,2170.02,EUR
172,.1~346,346,DD,Company,03,10,500g Mixed Fruit Muesli,12,West,2513,ST,6.13,15404.69,EUR
173,.1~348,348,DD,Company,03,10,500g Mixed Fruit Muesli,14,North,1051,ST,6.13,6442.63,EUR
174,.1~350,350,DD,Company,03,10,500g Mixed Fruit Muesli,14,South,1582,ST,6.13,9697.66,EUR
175,.1~352,352,DD,Company,03,10,500g Mixed Fruit Muesli,14,West,1843,ST,6.13,11297.59,EUR
176,.1~354,354,DD,Company,03,10,500g Nut Muesli,12,North,3205,ST,5.90,18909.50,EUR
177,.1~356,356,DD,Company,03,10,500g Nut Muesli,12,South,371,ST,5.90,2188.90,EUR
178,.1~358,358,DD,Company,03,10,500g Nut Muesli,12,West,647,ST,5.90,3817.30,EUR
179,.1~360,360,DD,Company,03,10,500g Nut Muesli,14,North,2899,ST,5.90,17104.10,EUR
180,.1~362,362,DD,Company,03,10,500g Nut Muesli,14,South,1011,ST,5.90,5964.90,EUR
181,.1~364,364,DD,Company,03,10,500g Nut Muesli,14,West,566,ST,5.90,3339.40,EUR
182,.1~366,366,DD,Company,03,10,500g Original Muesli,14,North,283,ST,5.77,1632.91,EUR
183,.1~368,368,DD,Company,03,10,500g Original Muesli,14,South,262,ST,5.77,1511.74,EUR
184,.1~370,370,DD,Company,03,10,500g Raisin Muesli,12,North,336,ST,5.79,1945.44,EUR
185,.1~372,372,DD,Company,03,10,500g Raisin Muesli,12,South,1913,ST,5.79,11076.27,EUR
186,.1~374,374,DD,Company,03,10,500g Raisin Muesli,12,West,2252,ST,5.79,13039.08,EUR
187,.1~376,376,DD,Company,03,10,500g Raisin Muesli,14,North,546,ST,5.79,3161.34,EUR
188,.1~378,378,DD,Company,03,10,500g Raisin Muesli,14,South,1709,ST,5.79,9895.11,EUR
189,.1~380,380,DD,Company,03,10,500g Raisin Muesli,14,West,1565,ST,5.79,9061.35,EUR
190,.1~382,382,DD,Company,03,10,500g Strawberry Muesli,12,North,2757,ST,6.23,17176.11,EUR
191,.1~384,384,DD,Company,03,10,500g Strawberry Muesli,12,South,2161,ST,6.23,13463.03,EUR
192,.1~386,386,DD,Company,03,10,500g Strawberry Muesli,12,West,2453,ST,6.23,15282.19,EUR
193,.1~388,388,DD,Company,03,10,500g Strawberry Muesli,14,North,1321,ST,6.23,8229.83,EUR
194,.1~390,390,DD,Company,03,10,500g Strawberry Muesli,14,South,987,ST,6.23,6149.01,EUR
195,.1~392,392,DD,Company,03,10,500g Strawberry Muesli,14,West,2388,ST,6.23,14877.24,EUR
196,.1~394,394,DD,Company,03,11,1kg Blueberry Muesli,10,North,385,ST,5.26,2025.10,EUR
197,.1~396,396,DD,Company,03,11,1kg Blueberry Muesli,10,South,364,ST,5.26,1914.64,EUR
198,.1~398,398,DD,Company,03,11,1kg Blueberry Muesli,10,West,773,ST,5.26,4065.98,EUR
199,.1~400,400,DD,Company,03,11,1kg Blueberry Muesli,12,North,771,ST,5.26,4055.46,EUR
200,.1~402,402,DD,Company,03,11,1kg Blueberry Muesli,12,South,2443,ST,5.26,12850.18,EUR
201,.1~404,404,DD,Company,03,11,1kg Blueberry Muesli,12,West,1174,ST,5.26,6175.24,EUR
202,.1~406,406,DD,Company,03,11,1kg Mixed Fruit Muesli,10,North,877,ST,5.06,4437.62,EUR
203,.1~408,408,DD,Company,03,11,1kg Mixed Fruit Muesli,10,South,817,ST,5.06,4134.02,EUR
204,.1~410,410,DD,Company,03,11,1kg Mixed Fruit Muesli,10,West,1259,ST,5.06,6370.54,EUR
205,.1~412,412,DD,Company,03,11,1kg Mixed Fruit Muesli,12,North,3772,ST,5.06,19086.32,EUR
206,.1~414,414,DD,Company,03,11,1kg Mixed Fruit Muesli,12,South,3252,ST,5.06,16455.12,EUR
207,.1~416,416,DD,Company,03,11,1kg Mixed Fruit Muesli,12,West,3676,ST,5.06,18600.56,EUR
208,.1~418,418,DD,Company,03,11,1kg Nut Muesli,10,North,1740,ST,4.61,8021.40,EUR
209,.1~420,420,DD,Company,03,11,1kg Nut Muesli,10,South,1754,ST,4.61,8085.94,EUR
210,.1~422,422,DD,Company,03,11,1kg Nut Muesli,10,West,1303,ST,4.61,6006.83,EUR
211,.1~424,424,DD,Company,03,11,1kg Nut Muesli,12,North,6254,ST,4.61,28830.94,EUR
212,.1~426,426,DD,Company,03,11,1kg Nut Muesli,12,South,5679,ST,4.61,26180.19,EUR
213,.1~428,428,DD,Company,03,11,1kg Nut Muesli,12,West,4004,ST,4.61,18458.44,EUR
214,.1~430,430,DD,Company,03,11,1kg Original Muesli,10,North,993,ST,4.35,4319.55,EUR
215,.1~432,432,DD,Company,03,11,1kg Original Muesli,10,South,493,ST,4.35,2144.55,EUR
216,.1~434,434,DD,Company,03,11,1kg Original Muesli,10,West,480,ST,4.35,2088.00,EUR
217,.1~436,436,DD,Company,03,11,1kg Original Muesli,12,North,957,ST,4.35,4162.95,EUR
218,.1~438,438,DD,Company,03,11,1kg Original Muesli,12,South,1917,ST,4.35,8338.95,EUR
219,.1~440,440,DD,Company,03,11,1kg Original Muesli,12,West,2289,ST,4.35,9957.15,EUR
220,.1~442,442,DD,Company,03,11,1kg Raisin Muesli,10,North,1360,ST,4.38,5956.80,EUR
221,.1~444,444,DD,Company,03,11,1kg Raisin Muesli,10,South,2449,ST,4.38,10726.62,EUR
222,.1~446,446,DD,Company,03,11,1kg Raisin Muesli,10,West,2376,ST,4.38,10406.88,EUR
223,.1~448,448,DD,Company,03,11,1kg Raisin Muesli,12,North,2651,ST,4.38,11611.38,EUR
224,.1~450,450,DD,Company,03,11,1kg Raisin Muesli,12,South,1867,ST,4.38,8177.46,EUR
225,.1~452,452,DD,Company,03,11,1kg Raisin Muesli,12,West,1941,ST,4.38,8501.58,EUR
226,.1~454,454,DD,Company,03,11,1kg Strawberry Muesli,10,North,1154,ST,5.27,6081.58,EUR
227,.1~456,456,DD,Company,03,11,1kg Strawberry Muesli,10,South,746,ST,5.27,3931.42,EUR
228,.1~458,458,DD,Company,03,11,1kg Strawberry Muesli,10,West,374,ST,5.27,1970.98,EUR
229,.1~460,460,DD,Company,03,11,1kg Strawberry Muesli,12,North,2382,ST,5.27,12553.14,EUR
230,.1~462,462,DD,Company,03,11,1kg Strawberry Muesli,12,South,2408,ST,5.27,12690.16,EUR
231,.1~464,464,DD,Company,03,11,1kg Strawberry Muesli,12,West,1884,ST,5.27,9928.68,EUR
232,.1~466,466,DD,Company,03,11,500g Blueberry Muesli,12,North,2431,ST,4.23,10283.13,EUR
233,.1~468,468,DD,Company,03,11,500g Blueberry Muesli,12,South,2963,ST,4.23,12533.49,EUR
234,.1~470,470,DD,Company,03,11,500g Blueberry Muesli,12,West,1023,ST,4.23,4327.29,EUR
235,.1~472,472,DD,Company,03,11,500g Blueberry Muesli,14,North,2482,ST,4.23,10498.86,EUR
236,.1~474,474,DD,Company,03,11,500g Blueberry Muesli,14,South,5296,ST,4.23,22402.08,EUR
237,.1~476,476,DD,Company,03,11,500g Blueberry Muesli,14,West,1495,ST,4.23,6323.85,EUR
238,.1~478,478,DD,Company,03,11,500g Mixed Fruit Muesli,12,North,986,ST,4.13,4072.18,EUR
239,.1~480,480,DD,Company,03,11,500g Mixed Fruit Muesli,12,South,1547,ST,4.13,6389.11,EUR
240,.1~482,482,DD,Company,03,11,500g Mixed Fruit Muesli,12,West,1982,ST,4.13,8185.66,EUR
241,.1~484,484,DD,Company,03,11,500g Mixed Fruit Muesli,14,North,2033,ST,4.13,8396.29,EUR
242,.1~486,486,DD,Company,03,11,500g Mixed Fruit Muesli,14,South,1179,ST,4.13,4869.27,EUR
243,.1~488,488,DD,Company,03,11,500g Mixed Fruit Muesli,14,West,3354,ST,4.13,13852.02,EUR
244,.1~490,490,DD,Company,03,11,500g Nut Muesli,12,North,3792,ST,3.90,14788.80,EUR
245,.1~492,492,DD,Company,03,11,500g Nut Muesli,12,South,1466,ST,3.90,5717.40,EUR
246,.1~494,494,DD,Company,03,11,500g Nut Muesli,12,West,1583,ST,3.90,6173.70,EUR
247,.1~496,496,DD,Company,03,11,500g Nut Muesli,14,North,2996,ST,3.90,11684.40,EUR
248,.1~498,498,DD,Company,03,11,500g Nut Muesli,14,South,1217,ST,3.90,4746.30,EUR
249,.1~500,500,DD,Company,03,11,500g Nut Muesli,14,West,1255,ST,3.90,4894.50,EUR
250,.1~502,502,DD,Company,03,11,500g Original Muesli,12,North,484,ST,3.77,1824.68,EUR
251,.1~504,504,DD,Company,03,11,500g Original Muesli,14,North,805,ST,3.77,3034.85,EUR
252,.1~506,506,DD,Company,03,11,500g Original Muesli,14,South,421,ST,3.77,1587.17,EUR
253,.1~508,508,DD,Company,03,11,500g Original Muesli,14,West,363,ST,3.77,1368.51,EUR
254,.1~510,510,DD,Company,03,11,500g Raisin Muesli,12,North,521,ST,3.79,1974.59,EUR
255,.1~512,512,DD,Company,03,11,500g Raisin Muesli,12,South,3215,ST,3.79,12184.85,EUR
256,.1~514,514,DD,Company,03,11,500g Raisin Muesli,12,West,5555,ST,3.79,21053.45,EUR
257,.1~516,516,DD,Company,03,11,500g Raisin Muesli,14,North,1173,ST,3.79,4445.67,EUR
258,.1~518,518,DD,Company,03,11,500g Raisin Muesli,14,South,1655,ST,3.79,6272.45,EUR
259,.1~520,520,DD,Company,03,11,500g Raisin Muesli,14,West,1995,ST,3.79,7561.05,EUR
260,.1~522,522,DD,Company,03,11,500g Strawberry Muesli,12,North,2410,ST,4.23,10194.30,EUR
261,.1~524,524,DD,Company,03,11,500g Strawberry Muesli,12,South,1117,ST,4.23,4724.91,EUR
262,.1~526,526,DD,Company,03,11,500g Strawberry Muesli,12,West,2872,ST,4.23,12148.56,EUR
263,.1~528,528,DD,Company,03,11,500g Strawberry Muesli,14,North,2230,ST,4.23,9432.90,EUR
264,.1~530,530,DD,Company,03,11,500g Strawberry Muesli,14,South,1790,ST,4.23,7571.70,EUR
265,.1~532,532,DD,Company,03,11,500g Strawberry Muesli,14,West,3002,ST,4.23,12698.46,EUR
266,.1~534,534,DD,Company,03,12,1kg Blueberry Muesli,10,North,791,ST,5.26,4160.66,EUR
267,.1~536,536,DD,Company,03,12,1kg Blueberry Muesli,10,South,857,ST,5.26,4507.82,EUR
268,.1~538,538,DD,Company,03,12,1kg Blueberry Muesli,10,West,1205,ST,5.26,6338.30,EUR
269,.1~540,540,DD,Company,03,12,1kg Blueberry Muesli,12,North,3469,ST,5.26,18246.94,EUR
270,.1~542,542,DD,Company,03,12,1kg Blueberry Muesli,12,South,2321,ST,5.26,12208.46,EUR
271,.1~544,544,DD,Company,03,12,1kg Blueberry Muesli,12,West,2380,ST,5.26,12518.80,EUR
272,.1~546,546,DD,Company,03,12,1kg Mixed Fruit Muesli,10,North,796,ST,5.06,4027.76,EUR
273,.1~548,548,DD,Company,03,12,1kg Mixed Fruit Muesli,10,South,2439,ST,5.06,12341.34,EUR
274,.1~550,550,DD,Company,03,12,1kg Mixed Fruit Muesli,10,West,1612,ST,5.06,8156.72,EUR
275,.1~552,552,DD,Company,03,12,1kg Mixed Fruit Muesli,12,North,3863,ST,5.06,19546.78,EUR
276,.1~554,554,DD,Company,03,12,1kg Mixed Fruit Muesli,12,South,5758,ST,5.06,29135.48,EUR
277,.1~556,556,DD,Company,03,12,1kg Mixed Fruit Muesli,12,West,4633,ST,5.06,23442.98,EUR
278,.1~558,558,DD,Company,03,12,1kg Original Muesli,10,North,865,ST,4.35,3762.75,EUR
279,.1~560,560,DD,Company,03,12,1kg Original Muesli,10,South,499,ST,4.35,2170.65,EUR
280,.1~562,562,DD,Company,03,12,1kg Original Muesli,10,West,1030,ST,4.35,4480.50,EUR
281,.1~564,564,DD,Company,03,12,1kg Original Muesli,12,North,1415,ST,4.35,6155.25,EUR
282,.1~566,566,DD,Company,03,12,1kg Original Muesli,12,South,437,ST,4.35,1900.95,EUR
283,.1~568,568,DD,Company,03,12,1kg Original Muesli,12,West,2385,ST,4.35,10374.75,EUR
284,.1~570,570,DD,Company,03,12,1kg Raisin Muesli,10,North,1929,ST,4.38,8449.02,EUR
285,.1~572,572,DD,Company,03,12,1kg Raisin Muesli,10,South,1404,ST,4.38,6149.52,EUR
286,.1~574,574,DD,Company,03,12,1kg Raisin Muesli,10,West,1923,ST,4.38,8422.74,EUR
287,.1~576,576,DD,Company,03,12,1kg Raisin Muesli,12,North,3928,ST,4.38,17204.64,EUR
288,.1~578,578,DD,Company,03,12,1kg Raisin Muesli,12,South,2390,ST,4.38,10468.20,EUR
289,.1~580,580,DD,Company,03,12,1kg Raisin Muesli,12,West,4378,ST,4.38,19175.64,EUR
290,.1~582,582,DD,Company,03,12,1kg Strawberry Muesli,10,North,1914,ST,5.27,10086.78,EUR
291,.1~584,584,DD,Company,03,12,1kg Strawberry Muesli,10,South,1241,ST,5.27,6540.07,EUR
292,.1~586,586,DD,Company,03,12,1kg Strawberry Muesli,10,West,732,ST,5.27,3857.64,EUR
293,.1~588,588,DD,Company,03,12,1kg Strawberry Muesli,12,North,2388,ST,5.27,12584.76,EUR
294,.1~590,590,DD,Company,03,12,1kg Strawberry Muesli,12,South,2433,ST,5.27,12821.91,EUR
295,.1~592,592,DD,Company,03,12,1kg Strawberry Muesli,12,West,1557,ST,5.27,8205.39,EUR
296,.1~594,594,DD,Company,03,12,500g Blueberry Muesli,12,North,3042,ST,4.23,12867.66,EUR
297,.1~596,596,DD,Company,03,12,500g Blueberry Muesli,12,South,4966,ST,4.23,21006.18,EUR
298,.1~598,598,DD,Company,03,12,500g Blueberry Muesli,12,West,2886,ST,4.23,12207.78,EUR
299,.1~600,600,DD,Company,03,12,500g Blueberry Muesli,14,North,2233,ST,4.23,9445.59,EUR
300,.1~602,602,DD,Company,03,12,500g Blueberry Muesli,14,South,2591,ST,4.23,10959.93,EUR
301,.1~604,604,DD,Company,03,12,500g Blueberry Muesli,14,West,1572,ST,4.23,6649.56,EUR
302,.1~606,606,DD,Company,03,12,500g Mixed Fruit Muesli,12,North,2104,ST,4.13,8689.52,EUR
303,.1~608,608,DD,Company,03,12,500g Mixed Fruit Muesli,12,South,2930,ST,4.13,12100.90,EUR
304,.1~610,610,DD,Company,03,12,500g Mixed Fruit Muesli,12,West,2821,ST,4.13,11650.73,EUR
305,.1~612,612,DD,Company,03,12,500g Mixed Fruit Muesli,14,North,1195,ST,4.13,4935.35,EUR
306,.1~614,614,DD,Company,03,12,500g Mixed Fruit Muesli,14,South,1546,ST,4.13,6384.98,EUR
307,.1~616,616,DD,Company,03,12,500g Mixed Fruit Muesli,14,West,1455,ST,4.13,6009.15,EUR
308,.1~618,618,DD,Company,03,12,500g Nut Muesli,12,North,3199,ST,3.90,12476.10,EUR
309,.1~620,620,DD,Company,03,12,500g Nut Muesli,12,South,1039,ST,3.90,4052.10,EUR
310,.1~622,622,DD,Company,03,12,500g Nut Muesli,12,West,487,ST,3.90,1899.30,EUR
311,.1~624,624,DD,Company,03,12,500g Nut Muesli,14,North,4014,ST,3.90,15654.60,EUR
312,.1~626,626,DD,Company,03,12,500g Nut Muesli,14,South,1993,ST,3.90,7772.70,EUR
313,.1~628,628,DD,Company,03,12,500g Nut Muesli,14,West,1282,ST,3.90,4999.80,EUR
314,.1~630,630,DD,Company,03,12,500g Original Muesli,14,North,371,ST,3.77,1398.67,EUR
315,.1~632,632,DD,Company,03,12,500g Original Muesli,14,South,1765,ST,3.77,6654.05,EUR
316,.1~634,634,DD,Company,03,12,500g Raisin Muesli,12,North,601,ST,3.79,2277.79,EUR
317,.1~636,636,DD,Company,03,12,500g Raisin Muesli,12,South,2325,ST,3.79,8811.75,EUR
318,.1~638,638,DD,Company,03,12,500g Raisin Muesli,12,West,3494,ST,3.79,13242.26,EUR
319,.1~640,640,DD,Company,03,12,500g Raisin Muesli,14,North,822,ST,3.79,3115.38,EUR
320,.1~642,642,DD,Company,03,12,500g Raisin Muesli,14,South,1699,ST,3.79,6439.21,EUR
321,.1~644,644,DD,Company,03,12,500g Raisin Muesli,14,West,3621,ST,3.79,13723.59,EUR
322,.1~646,646,DD,Company,03,12,500g Strawberry Muesli,12,North,3602,ST,4.23,15236.46,EUR
323,.1~648,648,DD,Company,03,12,500g Strawberry Muesli,12,South,2939,ST,4.23,12431.97,EUR
324,.1~650,650,DD,Company,03,12,500g Strawberry Muesli,12,West,3021,ST,4.23,12778.83,EUR
325,.1~652,652,DD,Company,03,12,500g Strawberry Muesli,14,North,3073,ST,4.23,12998.79,EUR
326,.1~654,654,DD,Company,03,12,500g Strawberry Muesli,14,South,2255,ST,4.23,9538.65,EUR
327,.1~656,656,DD,Company,03,12,500g Strawberry Muesli,14,West,3755,ST,4.23,15883.65,EUR
328,.1~658,658,DD,Company,04,13,1kg Blueberry Muesli,10,North,1215,ST,5.26,6390.90,EUR
329,.1~660,660,DD,Company,04,13,1kg Blueberry Muesli,10,South,3332,ST,5.26,17526.32,EUR
330,.1~662,662,DD,Company,04,13,1kg Blueberry Muesli,10,West,2502,ST,5.26,13160.52,EUR
331,.1~664,664,DD,Company,04,13,1kg Blueberry Muesli,12,North,7321,ST,5.26,38508.46,EUR
332,.1~666,666,DD,Company,04,13,1kg Blueberry Muesli,12,South,6995,ST,5.26,36793.70,EUR
333,.1~668,668,DD,Company,04,13,1kg Blueberry Muesli,12,West,5751,ST,5.26,30250.26,EUR
334,.1~670,670,DD,Company,04,13,1kg Original Muesli,10,North,500,ST,4.35,2175.00,EUR
335,.1~672,672,DD,Company,04,13,1kg Original Muesli,10,South,429,ST,4.35,1866.15,EUR
336,.1~674,674,DD,Company,04,13,1kg Original Muesli,10,West,1400,ST,4.35,6090.00,EUR
337,.1~676,676,DD,Company,04,13,1kg Original Muesli,12,North,945,ST,4.35,4110.75,EUR
338,.1~678,678,DD,Company,04,13,1kg Original Muesli,12,South,2838,ST,4.35,12345.30,EUR
339,.1~680,680,DD,Company,04,13,1kg Original Muesli,12,West,2024,ST,4.35,8804.40,EUR
340,.1~682,682,DD,Company,04,13,1kg Raisin Muesli,10,North,2488,ST,4.38,10897.44,EUR
341,.1~684,684,DD,Company,04,13,1kg Raisin Muesli,10,South,1410,ST,4.38,6175.80,EUR
342,.1~686,686,DD,Company,04,13,1kg Raisin Muesli,10,West,1975,ST,4.38,8650.50,EUR
343,.1~688,688,DD,Company,04,13,1kg Raisin Muesli,12,North,2316,ST,4.38,10144.08,EUR
344,.1~690,690,DD,Company,04,13,1kg Raisin Muesli,12,South,2802,ST,4.38,12272.76,EUR
345,.1~692,692,DD,Company,04,13,1kg Raisin Muesli,12,West,2759,ST,4.38,12084.42,EUR
346,.1~694,694,DD,Company,04,13,1kg Strawberry Muesli,10,North,2407,ST,5.27,12684.89,EUR
347,.1~696,696,DD,Company,04,13,1kg Strawberry Muesli,10,South,1205,ST,5.27,6350.35,EUR
348,.1~698,698,DD,Company,04,13,1kg Strawberry Muesli,10,West,812,ST,5.27,4279.24,EUR
349,.1~700,700,DD,Company,04,13,1kg Strawberry Muesli,12,North,4432,ST,5.27,23356.64,EUR
350,.1~702,702,DD,Company,04,13,1kg Strawberry Muesli,12,South,4029,ST,5.27,21232.83,EUR
351,.1~704,704,DD,Company,04,13,1kg Strawberry Muesli,12,West,4582,ST,5.27,24147.14,EUR
352,.1~706,706,DD,Company,04,13,500g Blueberry Muesli,12,West,147,ST,4.23,621.81,EUR
353,.1~708,708,DD,Company,04,13,500g Mixed Fruit Muesli,12,North,2561,ST,4.13,10576.93,EUR
354,.1~710,710,DD,Company,04,13,500g Mixed Fruit Muesli,12,South,3070,ST,4.13,12679.10,EUR
355,.1~712,712,DD,Company,04,13,500g Mixed Fruit Muesli,12,West,3669,ST,4.13,15152.97,EUR
356,.1~714,714,DD,Company,04,13,500g Mixed Fruit Muesli,14,North,2879,ST,4.13,11890.27,EUR
357,.1~716,716,DD,Company,04,13,500g Mixed Fruit Muesli,14,South,3755,ST,4.13,15508.15,EUR
358,.1~718,718,DD,Company,04,13,500g Mixed Fruit Muesli,14,West,4237,ST,4.13,17498.81,EUR
359,.1~720,720,DD,Company,04,13,500g Nut Muesli,12,North,4383,ST,3.90,17093.70,EUR
360,.1~722,722,DD,Company,04,13,500g Nut Muesli,12,South,2164,ST,3.90,8439.60,EUR
361,.1~724,724,DD,Company,04,13,500g Nut Muesli,12,West,989,ST,3.90,3857.10,EUR
362,.1~726,726,DD,Company,04,13,500g Nut Muesli,14,North,4023,ST,3.90,15689.70,EUR
363,.1~728,728,DD,Company,04,13,500g Nut Muesli,14,South,2134,ST,3.90,8322.60,EUR
364,.1~730,730,DD,Company,04,13,500g Nut Muesli,14,West,1102,ST,3.90,4297.80,EUR
365,.1~732,732,DD,Company,04,13,500g Original Muesli,12,North,2782,ST,3.77,10488.14,EUR
366,.1~734,734,DD,Company,04,13,500g Original Muesli,12,South,2317,ST,3.77,8735.09,EUR
367,.1~736,736,DD,Company,04,13,500g Original Muesli,12,West,2230,ST,3.77,8407.10,EUR
368,.1~738,738,DD,Company,04,13,500g Original Muesli,14,North,4330,ST,3.77,16324.10,EUR
369,.1~740,740,DD,Company,04,13,500g Original Muesli,14,South,3413,ST,3.77,12867.01,EUR
370,.1~742,742,DD,Company,04,13,500g Original Muesli,14,West,2905,ST,3.77,10951.85,EUR
371,.1~744,744,DD,Company,04,13,500g Raisin Muesli,12,North,1134,ST,3.79,4297.86,EUR
372,.1~746,746,DD,Company,04,13,500g Raisin Muesli,12,South,1652,ST,3.79,6261.08,EUR
373,.1~748,748,DD,Company,04,13,500g Raisin Muesli,12,West,4267,ST,3.79,16171.93,EUR
374,.1~750,750,DD,Company,04,13,500g Raisin Muesli,14,North,809,ST,3.79,3066.11,EUR
375,.1~752,752,DD,Company,04,13,500g Raisin Muesli,14,South,2601,ST,3.79,9857.79,EUR
376,.1~754,754,DD,Company,04,13,500g Raisin Muesli,14,West,3322,ST,3.79,12590.38,EUR
377,.1~756,756,DD,Company,04,13,500g Strawberry Muesli,12,North,693,ST,4.23,2931.39,EUR
378,.1~758,758,DD,Company,04,13,500g Strawberry Muesli,12,South,1015,ST,4.23,4293.45,EUR
379,.1~760,760,DD,Company,04,14,1kg Blueberry Muesli,10,North,396,ST,5.26,2082.96,EUR
380,.1~762,762,DD,Company,04,14,1kg Blueberry Muesli,10,South,1221,ST,5.26,6422.46,EUR
381,.1~764,764,DD,Company,04,14,1kg Blueberry Muesli,10,West,767,ST,5.26,4034.42,EUR
382,.1~766,766,DD,Company,04,14,1kg Blueberry Muesli,12,North,1953,ST,5.26,10272.78,EUR
383,.1~768,768,DD,Company,04,14,1kg Blueberry Muesli,12,South,1271,ST,5.26,6685.46,EUR
384,.1~770,770,DD,Company,04,14,1kg Blueberry Muesli,12,West,2066,ST,5.26,10867.16,EUR
385,.1~772,772,DD,Company,04,14,1kg Original Muesli,10,North,1914,ST,4.35,8325.90,EUR
386,.1~774,774,DD,Company,04,14,1kg Original Muesli,10,South,1302,ST,4.35,5663.70,EUR
387,.1~776,776,DD,Company,04,14,1kg Original Muesli,10,West,1937,ST,4.35,8425.95,EUR
388,.1~778,778,DD,Company,04,14,1kg Original Muesli,12,North,8148,ST,4.35,35443.80,EUR
389,.1~780,780,DD,Company,04,14,1kg Original Muesli,12,South,7708,ST,4.35,33529.80,EUR
390,.1~782,782,DD,Company,04,14,1kg Original Muesli,12,West,7448,ST,4.35,32398.80,EUR
391,.1~784,784,DD,Company,04,14,1kg Raisin Muesli,10,South,471,ST,4.38,2062.98,EUR
392,.1~786,786,DD,Company,04,14,1kg Raisin Muesli,10,West,9,ST,4.38,39.42,EUR
393,.1~788,788,DD,Company,04,14,1kg Raisin Muesli,12,South,466,ST,4.38,2041.08,EUR
394,.1~790,790,DD,Company,04,14,1kg Strawberry Muesli,10,North,1504,ST,5.27,7926.08,EUR
395,.1~792,792,DD,Company,04,14,1kg Strawberry Muesli,10,South,1939,ST,5.27,10218.53,EUR
396,.1~794,794,DD,Company,04,14,1kg Strawberry Muesli,10,West,1132,ST,5.27,5965.64,EUR
397,.1~796,796,DD,Company,04,14,1kg Strawberry Muesli,12,North,3528,ST,5.27,18592.56,EUR
398,.1~798,798,DD,Company,04,14,1kg Strawberry Muesli,12,South,4187,ST,5.27,22065.49,EUR
399,.1~800,800,DD,Company,04,14,1kg Strawberry Muesli,12,West,2392,ST,5.27,12605.84,EUR
400,.1~802,802,DD,Company,04,14,500g Original Muesli,12,North,5215,ST,3.77,19660.55,EUR
401,.1~804,804,DD,Company,04,14,500g Original Muesli,12,South,8241,ST,3.77,31068.57,EUR
402,.1~806,806,DD,Company,04,14,500g Original Muesli,12,West,6485,ST,3.77,24448.45,EUR
403,.1~808,808,DD,Company,04,14,500g Original Muesli,14,North,6801,ST,3.77,25639.77,EUR
404,.1~810,810,DD,Company,04,14,500g Original Muesli,14,South,7579,ST,3.77,28572.83,EUR
405,.1~812,812,DD,Company,04,14,500g Original Muesli,14,West,5963,ST,3.77,22480.51,EUR
406,.1~1,1,DD,Market,02,8,1kg Blueberry Muesli,10,South,287,ST,7.26,2083.62,EUR
407,.1~3,3,DD,Market,02,8,1kg Blueberry Muesli,10,West,578,ST,7.26,4196.28,EUR
408,.1~5,5,DD,Market,02,8,1kg Mixed Fruit Muesli,10,North,855,ST,7.06,6036.30,EUR
409,.1~7,7,DD,Market,02,8,1kg Mixed Fruit Muesli,10,South,799,ST,7.06,5640.94,EUR
410,.1~9,9,DD,Market,02,8,1kg Mixed Fruit Muesli,10,West,883,ST,7.06,6233.98,EUR
411,.1~11,11,DD,Market,02,8,1kg Nut Muesli,10,North,1682,ST,6.61,11118.02,EUR
412,.1~13,13,DD,Market,02,8,1kg Nut Muesli,10,South,903,ST,6.61,5968.83,EUR
413,.1~15,15,DD,Market,02,8,1kg Nut Muesli,10,West,914,ST,6.61,6041.54,EUR
414,.1~17,17,DD,Market,02,8,1kg Original Muesli,10,West,649,ST,6.35,4121.15,EUR
415,.1~19,19,DD,Market,02,8,1kg Raisin Muesli,10,North,1014,ST,6.38,6469.32,EUR
416,.1~21,21,DD,Market,02,8,1kg Raisin Muesli,10,South,893,ST,6.38,5697.34,EUR
417,.1~23,23,DD,Market,02,8,1kg Raisin Muesli,10,West,369,ST,6.38,2354.22,EUR
418,.1~25,25,DD,Market,02,8,1kg Strawberry Muesli,10,North,247,ST,7.27,1795.69,EUR
419,.1~27,27,DD,Market,02,8,1kg Strawberry Muesli,10,South,614,ST,7.27,4463.78,EUR
420,.1~29,29,DD,Market,02,8,1kg Strawberry Muesli,10,West,273,ST,7.27,1984.71,EUR
421,.1~31,31,DD,Market,02,8,1kg Blueberry Muesli,12,North,262,ST,7.26,1902.12,EUR
422,.1~33,33,DD,Market,02,8,1kg Blueberry Muesli,12,South,2329,ST,7.26,16908.54,EUR
423,.1~35,35,DD,Market,02,8,1kg Blueberry Muesli,12,West,558,ST,7.26,4051.08,EUR
424,.1~37,37,DD,Market,02,8,1kg Mixed Fruit Muesli,12,North,2647,ST,7.06,18687.82,EUR
425,.1~39,39,DD,Market,02,8,1kg Mixed Fruit Muesli,12,South,2694,ST,7.06,19019.64,EUR
426,.1~41,41,DD,Market,02,8,1kg Mixed Fruit Muesli,12,West,2315,ST,7.06,16343.90,EUR
427,.1~43,43,DD,Market,02,8,1kg Nut Muesli,12,North,3157,ST,6.61,20867.77,EUR
428,.1~45,45,DD,Market,02,8,1kg Nut Muesli,12,South,2580,ST,6.61,17053.80,EUR
429,.1~47,47,DD,Market,02,8,1kg Nut Muesli,12,West,2774,ST,6.61,18336.14,EUR
430,.1~49,49,DD,Market,02,8,1kg Original Muesli,12,North,306,ST,6.35,1943.10,EUR
431,.1~51,51,DD,Market,02,8,1kg Original Muesli,12,South,902,ST,6.35,5727.70,EUR
432,.1~53,53,DD,Market,02,8,1kg Original Muesli,12,West,1038,ST,6.35,6591.30,EUR
433,.1~55,55,DD,Market,02,8,1kg Raisin Muesli,12,North,993,ST,6.38,6335.34,EUR
434,.1~57,57,DD,Market,02,8,1kg Raisin Muesli,12,South,1048,ST,6.38,6686.24,EUR
435,.1~59,59,DD,Market,02,8,1kg Raisin Muesli,12,West,1431,ST,6.38,9129.78,EUR
436,.1~61,61,DD,Market,02,8,1kg Strawberry Muesli,12,North,1398,ST,7.27,10163.46,EUR
437,.1~63,63,DD,Market,02,8,1kg Strawberry Muesli,12,South,620,ST,7.27,4507.40,EUR
438,.1~65,65,DD,Market,02,8,1kg Strawberry Muesli,12,West,516,ST,7.27,3751.32,EUR
439,.1~67,67,DD,Market,02,8,500g Blueberry Muesli,12,North,727,ST,6.23,4529.21,EUR
440,.1~69,69,DD,Market,02,8,500g Blueberry Muesli,12,South,1705,ST,6.23,10622.15,EUR
441,.1~71,71,DD,Market,02,8,500g Blueberry Muesli,12,West,663,ST,6.23,4130.49,EUR
442,.1~73,73,DD,Market,02,8,500g Mixed Fruit Muesli,12,North,1072,ST,6.13,6571.36,EUR
443,.1~75,75,DD,Market,02,8,500g Mixed Fruit Muesli,12,South,381,ST,6.13,2335.53,EUR
444,.1~77,77,DD,Market,02,8,500g Mixed Fruit Muesli,12,West,1342,ST,6.13,8226.46,EUR
445,.1~79,79,DD,Market,02,8,500g Nut Muesli,12,North,1743,ST,5.90,10283.70,EUR
446,.1~81,81,DD,Market,02,8,500g Nut Muesli,12,South,655,ST,5.90,3864.50,EUR
447,.1~83,83,DD,Market,02,8,500g Nut Muesli,12,West,714,ST,5.90,4212.60,EUR
448,.1~85,85,DD,Market,02,8,500g Original Muesli,12,South,671,ST,5.77,3871.67,EUR
449,.1~87,87,DD,Market,02,8,500g Raisin Muesli,12,North,1092,ST,5.79,6322.68,EUR
450,.1~89,89,DD,Market,02,8,500g Raisin Muesli,12,South,727,ST,5.79,4209.33,EUR
451,.1~91,91,DD,Market,02,8,500g Raisin Muesli,12,West,2940,ST,5.79,17022.60,EUR
452,.1~93,93,DD,Market,02,8,500g Strawberry Muesli,12,North,1957,ST,6.23,12192.11,EUR
453,.1~95,95,DD,Market,02,8,500g Strawberry Muesli,12,South,930,ST,6.23,5793.90,EUR
454,.1~97,97,DD,Market,02,8,500g Strawberry Muesli,12,West,1389,ST,6.23,8653.47,EUR
455,.1~99,99,DD,Market,02,8,500g Blueberry Muesli,14,North,1051,ST,6.23,6547.73,EUR
456,.1~101,101,DD,Market,02,8,500g Blueberry Muesli,14,South,1269,ST,6.23,7905.87,EUR
457,.1~103,103,DD,Market,02,8,500g Blueberry Muesli,14,West,999,ST,6.23,6223.77,EUR
458,.1~105,105,DD,Market,02,8,500g Mixed Fruit Muesli,14,North,831,ST,6.13,5094.03,EUR
459,.1~107,107,DD,Market,02,8,500g Mixed Fruit Muesli,14,South,1063,ST,6.13,6516.19,EUR
460,.1~109,109,DD,Market,02,8,500g Mixed Fruit Muesli,14,West,1030,ST,6.13,6313.90,EUR
461,.1~111,111,DD,Market,02,8,500g Nut Muesli,14,North,2501,ST,5.90,14755.90,EUR
462,.1~113,113,DD,Market,02,8,500g Nut Muesli,14,South,1044,ST,5.90,6159.60,EUR
463,.1~115,115,DD,Market,02,8,500g Nut Muesli,14,West,776,ST,5.90,4578.40,EUR
464,.1~117,117,DD,Market,02,8,500g Raisin Muesli,14,North,859,ST,5.79,4973.61,EUR
465,.1~119,119,DD,Market,02,8,500g Raisin Muesli,14,South,1299,ST,5.79,7521.21,EUR
466,.1~121,121,DD,Market,02,8,500g Raisin Muesli,14,West,1581,ST,5.79,9153.99,EUR
467,.1~123,123,DD,Market,02,8,500g Strawberry Muesli,14,North,1033,ST,6.23,6435.59,EUR
468,.1~125,125,DD,Market,02,8,500g Strawberry Muesli,14,South,963,ST,6.23,5999.49,EUR
469,.1~127,127,DD,Market,02,8,500g Strawberry Muesli,14,West,1723,ST,6.23,10734.29,EUR
470,.1~129,129,DD,Market,03,9,1kg Blueberry Muesli,10,North,604,ST,7.26,4385.04,EUR
471,.1~131,131,DD,Market,03,9,1kg Blueberry Muesli,10,South,271,ST,7.26,1967.46,EUR
472,.1~133,133,DD,Market,03,9,1kg Blueberry Muesli,10,West,580,ST,7.26,4210.80,EUR
473,.1~135,135,DD,Market,03,9,1kg Mixed Fruit Muesli,10,North,597,ST,7.06,4214.82,EUR
474,.1~137,137,DD,Market,03,9,1kg Mixed Fruit Muesli,10,South,1334,ST,7.06,9418.04,EUR
475,.1~139,139,DD,Market,03,9,1kg Mixed Fruit Muesli,10,West,872,ST,7.06,6156.32,EUR
476,.1~141,141,DD,Market,03,9,1kg Nut Muesli,10,North,1273,ST,6.61,8414.53,EUR
477,.1~143,143,DD,Market,03,9,1kg Nut Muesli,10,South,1803,ST,6.61,11917.83,EUR
478,.1~145,145,DD,Market,03,9,1kg Nut Muesli,10,West,1298,ST,6.61,8579.78,EUR
479,.1~147,147,DD,Market,03,9,1kg Original Muesli,10,North,695,ST,6.35,4413.25,EUR
480,.1~149,149,DD,Market,03,9,1kg Original Muesli,10,South,347,ST,6.35,2203.45,EUR
481,.1~151,151,DD,Market,03,9,1kg Raisin Muesli,10,North,702,ST,6.38,4478.76,EUR
482,.1~153,153,DD,Market,03,9,1kg Raisin Muesli,10,South,629,ST,6.38,4013.02,EUR
483,.1~155,155,DD,Market,03,9,1kg Raisin Muesli,10,West,1686,ST,6.38,10756.68,EUR
484,.1~157,157,DD,Market,03,9,1kg Strawberry Muesli,10,North,880,ST,7.27,6397.60,EUR
485,.1~159,159,DD,Market,03,9,1kg Strawberry Muesli,10,West,272,ST,7.27,1977.44,EUR
486,.1~161,161,DD,Market,03,9,1kg Blueberry Muesli,12,North,545,ST,7.26,3956.70,EUR
487,.1~163,163,DD,Market,03,9,1kg Blueberry Muesli,12,South,1133,ST,7.26,8225.58,EUR
488,.1~165,165,DD,Market,03,9,1kg Blueberry Muesli,12,West,1185,ST,7.26,8603.10,EUR
489,.1~167,167,DD,Market,03,9,1kg Mixed Fruit Muesli,12,North,1828,ST,7.06,12905.68,EUR
490,.1~169,169,DD,Market,03,9,1kg Mixed Fruit Muesli,12,South,3604,ST,7.06,25444.24,EUR
491,.1~171,171,DD,Market,03,9,1kg Mixed Fruit Muesli,12,West,2932,ST,7.06,20699.92,EUR
492,.1~173,173,DD,Market,03,9,1kg Nut Muesli,12,North,5208,ST,6.61,34424.88,EUR
493,.1~175,175,DD,Market,03,9,1kg Nut Muesli,12,South,2132,ST,6.61,14092.52,EUR
494,.1~177,177,DD,Market,03,9,1kg Nut Muesli,12,West,3070,ST,6.61,20292.70,EUR
495,.1~179,179,DD,Market,03,9,1kg Original Muesli,12,North,1060,ST,6.35,6731.00,EUR
496,.1~181,181,DD,Market,03,9,1kg Original Muesli,12,South,591,ST,6.35,3752.85,EUR
497,.1~183,183,DD,Market,03,9,1kg Original Muesli,12,West,1728,ST,6.35,10972.80,EUR
498,.1~185,185,DD,Market,03,9,1kg Raisin Muesli,12,North,2285,ST,6.38,14578.30,EUR
499,.1~187,187,DD,Market,03,9,1kg Raisin Muesli,12,South,1295,ST,6.38,8262.10,EUR
500,.1~189,189,DD,Market,03,9,1kg Raisin Muesli,12,West,1256,ST,6.38,8013.28,EUR
501,.1~191,191,DD,Market,03,9,1kg Strawberry Muesli,12,North,1157,ST,7.27,8411.39,EUR
502,.1~193,193,DD,Market,03,9,1kg Strawberry Muesli,12,South,923,ST,7.27,6710.21,EUR
503,.1~195,195,DD,Market,03,9,1kg Strawberry Muesli,12,West,1519,ST,7.27,11043.13,EUR
504,.1~197,197,DD,Market,03,9,500g Blueberry Muesli,12,North,2533,ST,6.23,15780.59,EUR
505,.1~199,199,DD,Market,03,9,500g Blueberry Muesli,12,South,4277,ST,6.23,26645.71,EUR
506,.1~201,201,DD,Market,03,9,500g Blueberry Muesli,12,West,971,ST,6.23,6049.33,EUR
507,.1~203,203,DD,Market,03,9,500g Mixed Fruit Muesli,12,North,737,ST,6.13,4517.81,EUR
508,.1~205,205,DD,Market,03,9,500g Mixed Fruit Muesli,12,South,1292,ST,6.13,7919.96,EUR
509,.1~207,207,DD,Market,03,9,500g Mixed Fruit Muesli,12,West,1789,ST,6.13,10966.57,EUR
510,.1~209,209,DD,Market,03,9,500g Nut Muesli,12,North,2445,ST,5.90,14425.50,EUR
511,.1~211,211,DD,Market,03,9,500g Nut Muesli,12,South,695,ST,5.90,4100.50,EUR
512,.1~213,213,DD,Market,03,9,500g Nut Muesli,12,West,1088,ST,5.90,6419.20,EUR
513,.1~215,215,DD,Market,03,9,500g Original Muesli,12,South,314,ST,5.77,1811.78,EUR
514,.1~217,217,DD,Market,03,9,500g Raisin Muesli,12,North,347,ST,5.79,2009.13,EUR
515,.1~219,219,DD,Market,03,9,500g Raisin Muesli,12,South,1401,ST,5.79,8111.79,EUR
516,.1~221,221,DD,Market,03,9,500g Raisin Muesli,12,West,1408,ST,5.79,8152.32,EUR
517,.1~223,223,DD,Market,03,9,500g Strawberry Muesli,12,North,1257,ST,6.23,7831.11,EUR
518,.1~225,225,DD,Market,03,9,500g Strawberry Muesli,12,South,1327,ST,6.23,8267.21,EUR
519,.1~227,227,DD,Market,03,9,500g Strawberry Muesli,12,West,2266,ST,6.23,14117.18,EUR
520,.1~229,229,DD,Market,03,9,500g Blueberry Muesli,14,North,2085,ST,6.23,12989.55,EUR
521,.1~231,231,DD,Market,03,9,500g Blueberry Muesli,14,South,3032,ST,6.23,18889.36,EUR
522,.1~233,233,DD,Market,03,9,500g Blueberry Muesli,14,West,1347,ST,6.23,8391.81,EUR
523,.1~235,235,DD,Market,03,9,500g Mixed Fruit Muesli,14,North,475,ST,6.13,2911.75,EUR
524,.1~237,237,DD,Market,03,9,500g Mixed Fruit Muesli,14,South,742,ST,6.13,4548.46,EUR
525,.1~239,239,DD,Market,03,9,500g Mixed Fruit Muesli,14,West,1953,ST,6.13,11971.89,EUR
526,.1~241,241,DD,Market,03,9,500g Nut Muesli,14,North,2413,ST,5.90,14236.70,EUR
527,.1~243,243,DD,Market,03,9,500g Nut Muesli,14,South,1048,ST,5.90,6183.20,EUR
528,.1~245,245,DD,Market,03,9,500g Nut Muesli,14,West,1061,ST,5.90,6259.90,EUR
529,.1~247,247,DD,Market,03,9,500g Raisin Muesli,14,North,583,ST,5.79,3375.57,EUR
530,.1~249,249,DD,Market,03,9,500g Raisin Muesli,14,South,1648,ST,5.79,9541.92,EUR
531,.1~251,251,DD,Market,03,9,500g Raisin Muesli,14,West,1333,ST,5.79,7718.07,EUR
532,.1~253,253,DD,Market,03,9,500g Strawberry Muesli,14,North,2282,ST,6.23,14216.86,EUR
533,.1~255,255,DD,Market,03,9,500g Strawberry Muesli,14,South,979,ST,6.23,6099.17,EUR
534,.1~257,257,DD,Market,03,9,500g Strawberry Muesli,14,West,2053,ST,6.23,12790.19,EUR
535,.1~259,259,DD,Market,03,10,1kg Blueberry Muesli,10,North,549,ST,7.26,3985.74,EUR
536,.1~261,261,DD,Market,03,10,1kg Blueberry Muesli,10,South,553,ST,7.26,4014.78,EUR
537,.1~263,263,DD,Market,03,10,1kg Blueberry Muesli,10,West,555,ST,7.26,4029.30,EUR
538,.1~265,265,DD,Market,03,10,1kg Mixed Fruit Muesli,10,North,935,ST,7.06,6601.10,EUR
539,.1~267,267,DD,Market,03,10,1kg Mixed Fruit Muesli,10,South,270,ST,7.06,1906.20,EUR
540,.1~269,269,DD,Market,03,10,1kg Mixed Fruit Muesli,10,West,1200,ST,7.06,8472.00,EUR
541,.1~271,271,DD,Market,03,10,1kg Nut Muesli,10,North,1294,ST,6.61,8553.34,EUR
542,.1~273,273,DD,Market,03,10,1kg Nut Muesli,10,South,2297,ST,6.61,15183.17,EUR
543,.1~275,275,DD,Market,03,10,1kg Nut Muesli,10,West,1364,ST,6.61,9016.04,EUR
544,.1~277,277,DD,Market,03,10,1kg Original Muesli,10,North,596,ST,6.35,3784.60,EUR
545,.1~279,279,DD,Market,03,10,1kg Original Muesli,10,South,1018,ST,6.35,6464.30,EUR
546,.1~281,281,DD,Market,03,10,1kg Original Muesli,10,West,333,ST,6.35,2114.55,EUR
547,.1~283,283,DD,Market,03,10,1kg Raisin Muesli,10,North,355,ST,6.38,2264.90,EUR
548,.1~285,285,DD,Market,03,10,1kg Raisin Muesli,10,South,632,ST,6.38,4032.16,EUR
549,.1~287,287,DD,Market,03,10,1kg Raisin Muesli,10,West,290,ST,6.38,1850.20,EUR
550,.1~289,289,DD,Market,03,10,1kg Strawberry Muesli,10,North,869,ST,7.27,6317.63,EUR
551,.1~291,291,DD,Market,03,10,1kg Strawberry Muesli,10,West,833,ST,7.27,6055.91,EUR
552,.1~293,293,DD,Market,03,10,1kg Blueberry Muesli,12,North,292,ST,7.26,2119.92,EUR
553,.1~295,295,DD,Market,03,10,1kg Blueberry Muesli,12,South,1701,ST,7.26,12349.26,EUR
554,.1~297,297,DD,Market,03,10,1kg Blueberry Muesli,12,West,295,ST,7.26,2141.70,EUR
555,.1~299,299,DD,Market,03,10,1kg Mixed Fruit Muesli,12,North,2387,ST,7.06,16852.22,EUR
556,.1~301,301,DD,Market,03,10,1kg Mixed Fruit Muesli,12,South,2999,ST,7.06,21172.94,EUR
557,.1~303,303,DD,Market,03,10,1kg Mixed Fruit Muesli,12,West,2095,ST,7.06,14790.70,EUR
558,.1~305,305,DD,Market,03,10,1kg Nut Muesli,12,North,4778,ST,6.61,31582.58,EUR
559,.1~307,307,DD,Market,03,10,1kg Nut Muesli,12,South,3661,ST,6.61,24199.21,EUR
560,.1~309,309,DD,Market,03,10,1kg Nut Muesli,12,West,3078,ST,6.61,20345.58,EUR
561,.1~311,311,DD,Market,03,10,1kg Original Muesli,12,North,353,ST,6.35,2241.55,EUR
562,.1~313,313,DD,Market,03,10,1kg Original Muesli,12,South,2039,ST,6.35,12947.65,EUR
563,.1~315,315,DD,Market,03,10,1kg Original Muesli,12,West,1992,ST,6.35,12649.20,EUR
564,.1~317,317,DD,Market,03,10,1kg Raisin Muesli,12,North,1690,ST,6.38,10782.20,EUR
565,.1~319,319,DD,Market,03,10,1kg Raisin Muesli,12,South,1621,ST,6.38,10341.98,EUR
566,.1~321,321,DD,Market,03,10,1kg Raisin Muesli,12,West,2519,ST,6.38,16071.22,EUR
567,.1~323,323,DD,Market,03,10,1kg Strawberry Muesli,12,North,1174,ST,7.27,8534.98,EUR
568,.1~325,325,DD,Market,03,10,1kg Strawberry Muesli,12,South,576,ST,7.27,4187.52,EUR
569,.1~327,327,DD,Market,03,10,1kg Strawberry Muesli,12,West,767,ST,7.27,5576.09,EUR
570,.1~329,329,DD,Market,03,10,500g Blueberry Muesli,12,North,1902,ST,6.23,11849.46,EUR
571,.1~331,331,DD,Market,03,10,500g Blueberry Muesli,12,South,2259,ST,6.23,14073.57,EUR
572,.1~333,333,DD,Market,03,10,500g Blueberry Muesli,12,West,956,ST,6.23,5955.88,EUR
573,.1~335,335,DD,Market,03,10,500g Mixed Fruit Muesli,12,North,647,ST,6.13,3966.11,EUR
574,.1~337,337,DD,Market,03,10,500g Mixed Fruit Muesli,12,South,354,ST,6.13,2170.02,EUR
575,.1~339,339,DD,Market,03,10,500g Mixed Fruit Muesli,12,West,2513,ST,6.13,15404.69,EUR
576,.1~341,341,DD,Market,03,10,500g Nut Muesli,12,North,3205,ST,5.90,18909.50,EUR
577,.1~343,343,DD,Market,03,10,500g Nut Muesli,12,South,371,ST,5.90,2188.90,EUR
578,.1~345,345,DD,Market,03,10,500g Nut Muesli,12,West,647,ST,5.90,3817.30,EUR
579,.1~347,347,DD,Market,03,10,500g Raisin Muesli,12,North,336,ST,5.79,1945.44,EUR
580,.1~349,349,DD,Market,03,10,500g Raisin Muesli,12,South,1913,ST,5.79,11076.27,EUR
581,.1~351,351,DD,Market,03,10,500g Raisin Muesli,12,West,2252,ST,5.79,13039.08,EUR
582,.1~353,353,DD,Market,03,10,500g Strawberry Muesli,12,North,2757,ST,6.23,17176.11,EUR
583,.1~355,355,DD,Market,03,10,500g Strawberry Muesli,12,South,2161,ST,6.23,13463.03,EUR
584,.1~357,357,DD,Market,03,10,500g Strawberry Muesli,12,West,2453,ST,6.23,15282.19,EUR
585,.1~359,359,DD,Market,03,10,500g Blueberry Muesli,14,North,1792,ST,6.23,11164.16,EUR
586,.1~361,361,DD,Market,03,10,500g Blueberry Muesli,14,South,2312,ST,6.23,14403.76,EUR
587,.1~363,363,DD,Market,03,10,500g Blueberry Muesli,14,West,993,ST,6.23,6186.39,EUR
588,.1~365,365,DD,Market,03,10,500g Mixed Fruit Muesli,14,North,1051,ST,6.13,6442.63,EUR
589,.1~367,367,DD,Market,03,10,500g Mixed Fruit Muesli,14,South,1582,ST,6.13,9697.66,EUR
590,.1~369,369,DD,Market,03,10,500g Mixed Fruit Muesli,14,West,1843,ST,6.13,11297.59,EUR
591,.1~371,371,DD,Market,03,10,500g Nut Muesli,14,North,2899,ST,5.90,17104.10,EUR
592,.1~373,373,DD,Market,03,10,500g Nut Muesli,14,South,1011,ST,5.90,5964.90,EUR
593,.1~375,375,DD,Market,03,10,500g Nut Muesli,14,West,566,ST,5.90,3339.40,EUR
594,.1~377,377,DD,Market,03,10,500g Original Muesli,14,North,283,ST,5.77,1632.91,EUR
595,.1~379,379,DD,Market,03,10,500g Original Muesli,14,South,262,ST,5.77,1511.74,EUR
596,.1~381,381,DD,Market,03,10,500g Raisin Muesli,14,North,546,ST,5.79,3161.34,EUR
597,.1~383,383,DD,Market,03,10,500g Raisin Muesli,14,South,1709,ST,5.79,9895.11,EUR
598,.1~385,385,DD,Market,03,10,500g Raisin Muesli,14,West,1565,ST,5.79,9061.35,EUR
599,.1~387,387,DD,Market,03,10,500g Strawberry Muesli,14,North,1321,ST,6.23,8229.83,EUR
600,.1~389,389,DD,Market,03,10,500g Strawberry Muesli,14,South,987,ST,6.23,6149.01,EUR
601,.1~391,391,DD,Market,03,10,500g Strawberry Muesli,14,West,2388,ST,6.23,14877.24,EUR
602,.1~393,393,DD,Market,03,11,1kg Blueberry Muesli,10,North,385,ST,5.26,2025.10,EUR
603,.1~395,395,DD,Market,03,11,1kg Blueberry Muesli,10,South,364,ST,5.26,1914.64,EUR
604,.1~397,397,DD,Market,03,11,1kg Blueberry Muesli,10,West,773,ST,5.26,4065.98,EUR
605,.1~399,399,DD,Market,03,11,1kg Mixed Fruit Muesli,10,North,877,ST,5.06,4437.62,EUR
606,.1~401,401,DD,Market,03,11,1kg Mixed Fruit Muesli,10,South,817,ST,5.06,4134.02,EUR
607,.1~403,403,DD,Market,03,11,1kg Mixed Fruit Muesli,10,West,1259,ST,5.06,6370.54,EUR
608,.1~405,405,DD,Market,03,11,1kg Nut Muesli,10,North,1740,ST,4.61,8021.40,EUR
609,.1~407,407,DD,Market,03,11,1kg Nut Muesli,10,South,1754,ST,4.61,8085.94,EUR
610,.1~409,409,DD,Market,03,11,1kg Nut Muesli,10,West,1303,ST,4.61,6006.83,EUR
611,.1~411,411,DD,Market,03,11,1kg Original Muesli,10,North,993,ST,4.35,4319.55,EUR
612,.1~413,413,DD,Market,03,11,1kg Original Muesli,10,South,493,ST,4.35,2144.55,EUR
613,.1~415,415,DD,Market,03,11,1kg Original Muesli,10,West,480,ST,4.35,2088.00,EUR
614,.1~417,417,DD,Market,03,11,1kg Raisin Muesli,10,North,1360,ST,4.38,5956.80,EUR
615,.1~419,419,DD,Market,03,11,1kg Raisin Muesli,10,South,2449,ST,4.38,10726.62,EUR
616,.1~421,421,DD,Market,03,11,1kg Raisin Muesli,10,West,2376,ST,4.38,10406.88,EUR
617,.1~423,423,DD,Market,03,11,1kg Strawberry Muesli,10,North,1154,ST,5.27,6081.58,EUR
618,.1~425,425,DD,Market,03,11,1kg Strawberry Muesli,10,South,746,ST,5.27,3931.42,EUR
619,.1~427,427,DD,Market,03,11,1kg Strawberry Muesli,10,West,374,ST,5.27,1970.98,EUR
620,.1~429,429,DD,Market,03,11,1kg Blueberry Muesli,12,North,771,ST,5.26,4055.46,EUR
621,.1~431,431,DD,Market,03,11,1kg Blueberry Muesli,12,South,2443,ST,5.26,12850.18,EUR
622,.1~433,433,DD,Market,03,11,1kg Blueberry Muesli,12,West,1174,ST,5.26,6175.24,EUR
623,.1~435,435,DD,Market,03,11,1kg Mixed Fruit Muesli,12,North,3772,ST,5.06,19086.32,EUR
624,.1~437,437,DD,Market,03,11,1kg Mixed Fruit Muesli,12,South,3252,ST,5.06,16455.12,EUR
625,.1~439,439,DD,Market,03,11,1kg Mixed Fruit Muesli,12,West,3676,ST,5.06,18600.56,EUR
626,.1~441,441,DD,Market,03,11,1kg Nut Muesli,12,North,6254,ST,4.61,28830.94,EUR
627,.1~443,443,DD,Market,03,11,1kg Nut Muesli,12,South,5679,ST,4.61,26180.19,EUR
628,.1~445,445,DD,Market,03,11,1kg Nut Muesli,12,West,4004,ST,4.61,18458.44,EUR
629,.1~447,447,DD,Market,03,11,1kg Original Muesli,12,North,957,ST,4.35,4162.95,EUR
630,.1~449,449,DD,Market,03,11,1kg Original Muesli,12,South,1917,ST,4.35,8338.95,EUR
631,.1~451,451,DD,Market,03,11,1kg Original Muesli,12,West,2289,ST,4.35,9957.15,EUR
632,.1~453,453,DD,Market,03,11,1kg Raisin Muesli,12,North,2651,ST,4.38,11611.38,EUR
633,.1~455,455,DD,Market,03,11,1kg Raisin Muesli,12,South,1867,ST,4.38,8177.46,EUR
634,.1~457,457,DD,Market,03,11,1kg Raisin Muesli,12,West,1941,ST,4.38,8501.58,EUR
635,.1~459,459,DD,Market,03,11,1kg Strawberry Muesli,12,North,2382,ST,5.27,12553.14,EUR
636,.1~461,461,DD,Market,03,11,1kg Strawberry Muesli,12,South,2408,ST,5.27,12690.16,EUR
637,.1~463,463,DD,Market,03,11,1kg Strawberry Muesli,12,West,1884,ST,5.27,9928.68,EUR
638,.1~465,465,DD,Market,03,11,500g Blueberry Muesli,12,North,2431,ST,4.23,10283.13,EUR
639,.1~467,467,DD,Market,03,11,500g Blueberry Muesli,12,South,2963,ST,4.23,12533.49,EUR
640,.1~469,469,DD,Market,03,11,500g Blueberry Muesli,12,West,1023,ST,4.23,4327.29,EUR
641,.1~471,471,DD,Market,03,11,500g Mixed Fruit Muesli,12,North,986,ST,4.13,4072.18,EUR
642,.1~473,473,DD,Market,03,11,500g Mixed Fruit Muesli,12,South,1547,ST,4.13,6389.11,EUR
643,.1~475,475,DD,Market,03,11,500g Mixed Fruit Muesli,12,West,1982,ST,4.13,8185.66,EUR
644,.1~477,477,DD,Market,03,11,500g Nut Muesli,12,North,3792,ST,3.90,14788.80,EUR
645,.1~479,479,DD,Market,03,11,500g Nut Muesli,12,South,1466,ST,3.90,5717.40,EUR
646,.1~481,481,DD,Market,03,11,500g Nut Muesli,12,West,1583,ST,3.90,6173.70,EUR
647,.1~483,483,DD,Market,03,11,500g Original Muesli,12,North,484,ST,3.77,1824.68,EUR
648,.1~485,485,DD,Market,03,11,500g Raisin Muesli,12,North,521,ST,3.79,1974.59,EUR
649,.1~487,487,DD,Market,03,11,500g Raisin Muesli,12,South,3215,ST,3.79,12184.85,EUR
650,.1~489,489,DD,Market,03,11,500g Raisin Muesli,12,West,5555,ST,3.79,21053.45,EUR
651,.1~491,491,DD,Market,03,11,500g Strawberry Muesli,12,North,2410,ST,4.23,10194.30,EUR
652,.1~493,493,DD,Market,03,11,500g Strawberry Muesli,12,South,1117,ST,4.23,4724.91,EUR
653,.1~495,495,DD,Market,03,11,500g Strawberry Muesli,12,West,2872,ST,4.23,12148.56,EUR
654,.1~497,497,DD,Market,03,11,500g Blueberry Muesli,14,North,2482,ST,4.23,10498.86,EUR
655,.1~499,499,DD,Market,03,11,500g Blueberry Muesli,14,South,5296,ST,4.23,22402.08,EUR
656,.1~501,501,DD,Market,03,11,500g Blueberry Muesli,14,West,1495,ST,4.23,6323.85,EUR
657,.1~503,503,DD,Market,03,11,500g Mixed Fruit Muesli,14,North,2033,ST,4.13,8396.29,EUR
658,.1~505,505,DD,Market,03,11,500g Mixed Fruit Muesli,14,South,1179,ST,4.13,4869.27,EUR
659,.1~507,507,DD,Market,03,11,500g Mixed Fruit Muesli,14,West,3354,ST,4.13,13852.02,EUR
660,.1~509,509,DD,Market,03,11,500g Nut Muesli,14,North,2996,ST,3.90,11684.40,EUR
661,.1~511,511,DD,Market,03,11,500g Nut Muesli,14,South,1217,ST,3.90,4746.30,EUR
662,.1~513,513,DD,Market,03,11,500g Nut Muesli,14,West,1255,ST,3.90,4894.50,EUR
663,.1~515,515,DD,Market,03,11,500g Original Muesli,14,North,805,ST,3.77,3034.85,EUR
664,.1~517,517,DD,Market,03,11,500g Original Muesli,14,South,421,ST,3.77,1587.17,EUR
665,.1~519,519,DD,Market,03,11,500g Original Muesli,14,West,363,ST,3.77,1368.51,EUR
666,.1~521,521,DD,Market,03,11,500g Raisin Muesli,14,North,1173,ST,3.79,4445.67,EUR
667,.1~523,523,DD,Market,03,11,500g Raisin Muesli,14,South,1655,ST,3.79,6272.45,EUR
668,.1~525,525,DD,Market,03,11,500g Raisin Muesli,14,West,1995,ST,3.79,7561.05,EUR
669,.1~527,527,DD,Market,03,11,500g Strawberry Muesli,14,North,2230,ST,4.23,9432.90,EUR
670,.1~529,529,DD,Market,03,11,500g Strawberry Muesli,14,South,1790,ST,4.23,7571.70,EUR
671,.1~531,531,DD,Market,03,11,500g Strawberry Muesli,14,West,3002,ST,4.23,12698.46,EUR
672,.1~533,533,DD,Market,03,12,1kg Blueberry Muesli,10,North,791,ST,5.26,4160.66,EUR
673,.1~535,535,DD,Market,03,12,1kg Blueberry Muesli,10,South,857,ST,5.26,4507.82,EUR
674,.1~537,537,DD,Market,03,12,1kg Blueberry Muesli,10,West,1205,ST,5.26,6338.30,EUR
675,.1~539,539,DD,Market,03,12,1kg Mixed Fruit Muesli,10,North,796,ST,5.06,4027.76,EUR
676,.1~541,541,DD,Market,03,12,1kg Mixed Fruit Muesli,10,South,2439,ST,5.06,12341.34,EUR
677,.1~543,543,DD,Market,03,12,1kg Mixed Fruit Muesli,10,West,1612,ST,5.06,8156.72,EUR
678,.1~545,545,DD,Market,03,12,1kg Original Muesli,10,North,865,ST,4.35,3762.75,EUR
679,.1~547,547,DD,Market,03,12,1kg Original Muesli,10,South,499,ST,4.35,2170.65,EUR
680,.1~549,549,DD,Market,03,12,1kg Original Muesli,10,West,1030,ST,4.35,4480.50,EUR
681,.1~551,551,DD,Market,03,12,1kg Raisin Muesli,10,North,1929,ST,4.38,8449.02,EUR
682,.1~553,553,DD,Market,03,12,1kg Raisin Muesli,10,South,1404,ST,4.38,6149.52,EUR
683,.1~555,555,DD,Market,03,12,1kg Raisin Muesli,10,West,1923,ST,4.38,8422.74,EUR
684,.1~557,557,DD,Market,03,12,1kg Strawberry Muesli,10,North,1914,ST,5.27,10086.78,EUR
685,.1~559,559,DD,Market,03,12,1kg Strawberry Muesli,10,South,1241,ST,5.27,6540.07,EUR
686,.1~561,561,DD,Market,03,12,1kg Strawberry Muesli,10,West,732,ST,5.27,3857.64,EUR
687,.1~563,563,DD,Market,03,12,1kg Blueberry Muesli,12,North,3469,ST,5.26,18246.94,EUR
688,.1~565,565,DD,Market,03,12,1kg Blueberry Muesli,12,South,2321,ST,5.26,12208.46,EUR
689,.1~567,567,DD,Market,03,12,1kg Blueberry Muesli,12,West,2380,ST,5.26,12518.80,EUR
690,.1~569,569,DD,Market,03,12,1kg Mixed Fruit Muesli,12,North,3863,ST,5.06,19546.78,EUR
691,.1~571,571,DD,Market,03,12,1kg Mixed Fruit Muesli,12,South,5758,ST,5.06,29135.48,EUR
692,.1~573,573,DD,Market,03,12,1kg Mixed Fruit Muesli,12,West,4633,ST,5.06,23442.98,EUR
693,.1~575,575,DD,Market,03,12,1kg Original Muesli,12,North,1415,ST,4.35,6155.25,EUR
694,.1~577,577,DD,Market,03,12,1kg Original Muesli,12,South,437,ST,4.35,1900.95,EUR
695,.1~579,579,DD,Market,03,12,1kg Original Muesli,12,West,2385,ST,4.35,10374.75,EUR
696,.1~581,581,DD,Market,03,12,1kg Raisin Muesli,12,North,3928,ST,4.38,17204.64,EUR
697,.1~583,583,DD,Market,03,12,1kg Raisin Muesli,12,South,2390,ST,4.38,10468.20,EUR
698,.1~585,585,DD,Market,03,12,1kg Raisin Muesli,12,West,4378,ST,4.38,19175.64,EUR
699,.1~587,587,DD,Market,03,12,1kg Strawberry Muesli,12,North,2388,ST,5.27,12584.76,EUR
700,.1~589,589,DD,Market,03,12,1kg Strawberry Muesli,12,South,2433,ST,5.27,12821.91,EUR
701,.1~591,591,DD,Market,03,12,1kg Strawberry Muesli,12,West,1557,ST,5.27,8205.39,EUR
702,.1~593,593,DD,Market,03,12,500g Blueberry Muesli,12,North,3042,ST,4.23,12867.66,EUR
703,.1~595,595,DD,Market,03,12,500g Blueberry Muesli,12,South,4966,ST,4.23,21006.18,EUR
704,.1~597,597,DD,Market,03,12,500g Blueberry Muesli,12,West,2886,ST,4.23,12207.78,EUR
705,.1~599,599,DD,Market,03,12,500g Mixed Fruit Muesli,12,North,2104,ST,4.13,8689.52,EUR
706,.1~601,601,DD,Market,03,12,500g Mixed Fruit Muesli,12,South,2930,ST,4.13,12100.90,EUR
707,.1~603,603,DD,Market,03,12,500g Mixed Fruit Muesli,12,West,2821,ST,4.13,11650.73,EUR
708,.1~605,605,DD,Market,03,12,500g Nut Muesli,12,North,3199,ST,3.90,12476.10,EUR
709,.1~607,607,DD,Market,03,12,500g Nut Muesli,12,South,1039,ST,3.90,4052.10,EUR
710,.1~609,609,DD,Market,03,12,500g Nut Muesli,12,West,487,ST,3.90,1899.30,EUR
711,.1~611,611,DD,Market,03,12,500g Raisin Muesli,12,North,601,ST,3.79,2277.79,EUR
712,.1~613,613,DD,Market,03,12,500g Raisin Muesli,12,South,2325,ST,3.79,8811.75,EUR
713,.1~615,615,DD,Market,03,12,500g Raisin Muesli,12,West,3494,ST,3.79,13242.26,EUR
714,.1~617,617,DD,Market,03,12,500g Strawberry Muesli,12,North,3602,ST,4.23,15236.46,EUR
715,.1~619,619,DD,Market,03,12,500g Strawberry Muesli,12,South,2939,ST,4.23,12431.97,EUR
716,.1~621,621,DD,Market,03,12,500g Strawberry Muesli,12,West,3021,ST,4.23,12778.83,EUR
717,.1~623,623,DD,Market,03,12,500g Blueberry Muesli,14,North,2233,ST,4.23,9445.59,EUR
718,.1~625,625,DD,Market,03,12,500g Blueberry Muesli,14,South,2591,ST,4.23,10959.93,EUR
719,.1~627,627,DD,Market,03,12,500g Blueberry Muesli,14,West,1572,ST,4.23,6649.56,EUR
720,.1~629,629,DD,Market,03,12,500g Mixed Fruit Muesli,14,North,1195,ST,4.13,4935.35,EUR
721,.1~631,631,DD,Market,03,12,500g Mixed Fruit Muesli,14,South,1546,ST,4.13,6384.98,EUR
722,.1~633,633,DD,Market,03,12,500g Mixed Fruit Muesli,14,West,1455,ST,4.13,6009.15,EUR
723,.1~635,635,DD,Market,03,12,500g Nut Muesli,14,North,4014,ST,3.90,15654.60,EUR
724,.1~637,637,DD,Market,03,12,500g Nut Muesli,14,South,1993,ST,3.90,7772.70,EUR
725,.1~639,639,DD,Market,03,12,500g Nut Muesli,14,West,1282,ST,3.90,4999.80,EUR
726,.1~641,641,DD,Market,03,12,500g Original Muesli,14,North,371,ST,3.77,1398.67,EUR
727,.1~643,643,DD,Market,03,12,500g Original Muesli,14,South,1765,ST,3.77,6654.05,EUR
728,.1~645,645,DD,Market,03,12,500g Raisin Muesli,14,North,822,ST,3.79,3115.38,EUR
729,.1~647,647,DD,Market,03,12,500g Raisin Muesli,14,South,1699,ST,3.79,6439.21,EUR
730,.1~649,649,DD,Market,03,12,500g Raisin Muesli,14,West,3621,ST,3.79,13723.59,EUR
731,.1~651,651,DD,Market,03,12,500g Strawberry Muesli,14,North,3073,ST,4.23,12998.79,EUR
732,.1~653,653,DD,Market,03,12,500g Strawberry Muesli,14,South,2255,ST,4.23,9538.65,EUR
733,.1~655,655,DD,Market,03,12,500g Strawberry Muesli,14,West,3755,ST,4.23,15883.65,EUR
734,.1~657,657,DD,Market,04,13,1kg Blueberry Muesli,10,North,1215,ST,5.26,6390.90,EUR
735,.1~659,659,DD,Market,04,13,1kg Blueberry Muesli,10,South,3332,ST,5.26,17526.32,EUR
736,.1~661,661,DD,Market,04,13,1kg Blueberry Muesli,10,West,2502,ST,5.26,13160.52,EUR
737,.1~663,663,DD,Market,04,13,1kg Original Muesli,10,North,500,ST,4.35,2175.00,EUR
738,.1~665,665,DD,Market,04,13,1kg Original Muesli,10,South,429,ST,4.35,1866.15,EUR
739,.1~667,667,DD,Market,04,13,1kg Original Muesli,10,West,1400,ST,4.35,6090.00,EUR
740,.1~669,669,DD,Market,04,13,1kg Raisin Muesli,10,North,2488,ST,4.38,10897.44,EUR
741,.1~671,671,DD,Market,04,13,1kg Raisin Muesli,10,South,1410,ST,4.38,6175.80,EUR
742,.1~673,673,DD,Market,04,13,1kg Raisin Muesli,10,West,1975,ST,4.38,8650.50,EUR
743,.1~675,675,DD,Market,04,13,1kg Strawberry Muesli,10,North,2407,ST,5.27,12684.89,EUR
744,.1~677,677,DD,Market,04,13,1kg Strawberry Muesli,10,South,1205,ST,5.27,6350.35,EUR
745,.1~679,679,DD,Market,04,13,1kg Strawberry Muesli,10,West,812,ST,5.27,4279.24,EUR
746,.1~681,681,DD,Market,04,13,1kg Blueberry Muesli,12,North,7321,ST,5.26,38508.46,EUR
747,.1~683,683,DD,Market,04,13,1kg Blueberry Muesli,12,South,6995,ST,5.26,36793.70,EUR
748,.1~685,685,DD,Market,04,13,1kg Blueberry Muesli,12,West,5751,ST,5.26,30250.26,EUR
749,.1~687,687,DD,Market,04,13,1kg Original Muesli,12,North,945,ST,4.35,4110.75,EUR
750,.1~689,689,DD,Market,04,13,1kg Original Muesli,12,South,2838,ST,4.35,12345.30,EUR
751,.1~691,691,DD,Market,04,13,1kg Original Muesli,12,West,2024,ST,4.35,8804.40,EUR
752,.1~693,693,DD,Market,04,13,1kg Raisin Muesli,12,North,2316,ST,4.38,10144.08,EUR
753,.1~695,695,DD,Market,04,13,1kg Raisin Muesli,12,South,2802,ST,4.38,12272.76,EUR
754,.1~697,697,DD,Market,04,13,1kg Raisin Muesli,12,West,2759,ST,4.38,12084.42,EUR
755,.1~699,699,DD,Market,04,13,1kg Strawberry Muesli,12,North,4432,ST,5.27,23356.64,EUR
756,.1~701,701,DD,Market,04,13,1kg Strawberry Muesli,12,South,4029,ST,5.27,21232.83,EUR
757,.1~703,703,DD,Market,04,13,1kg Strawberry Muesli,12,West,4582,ST,5.27,24147.14,EUR
758,.1~705,705,DD,Market,04,13,500g Blueberry Muesli,12,West,147,ST,4.23,621.81,EUR
759,.1~707,707,DD,Market,04,13,500g Mixed Fruit Muesli,12,North,2561,ST,4.13,10576.93,EUR
760,.1~709,709,DD,Market,04,13,500g Mixed Fruit Muesli,12,South,3070,ST,4.13,12679.10,EUR
761,.1~711,711,DD,Market,04,13,500g Mixed Fruit Muesli,12,West,3669,ST,4.13,15152.97,EUR
762,.1~713,713,DD,Market,04,13,500g Nut Muesli,12,North,4383,ST,3.90,17093.70,EUR
763,.1~715,715,DD,Market,04,13,500g Nut Muesli,12,South,2164,ST,3.90,8439.60,EUR
764,.1~717,717,DD,Market,04,13,500g Nut Muesli,12,West,989,ST,3.90,3857.10,EUR
765,.1~719,719,DD,Market,04,13,500g Original Muesli,12,North,2782,ST,3.77,10488.14,EUR
766,.1~721,721,DD,Market,04,13,500g Original Muesli,12,South,2317,ST,3.77,8735.09,EUR
767,.1~723,723,DD,Market,04,13,500g Original Muesli,12,West,2230,ST,3.77,8407.10,EUR
768,.1~725,725,DD,Market,04,13,500g Raisin Muesli,12,North,1134,ST,3.79,4297.86,EUR
769,.1~727,727,DD,Market,04,13,500g Raisin Muesli,12,South,1652,ST,3.79,6261.08,EUR
770,.1~729,729,DD,Market,04,13,500g Raisin Muesli,12,West,4267,ST,3.79,16171.93,EUR
771,.1~731,731,DD,Market,04,13,500g Strawberry Muesli,12,North,693,ST,4.23,2931.39,EUR
772,.1~733,733,DD,Market,04,13,500g Strawberry Muesli,12,South,1015,ST,4.23,4293.45,EUR
773,.1~735,735,DD,Market,04,13,500g Mixed Fruit Muesli,14,North,2879,ST,4.13,11890.27,EUR
774,.1~737,737,DD,Market,04,13,500g Mixed Fruit Muesli,14,South,3755,ST,4.13,15508.15,EUR
775,.1~739,739,DD,Market,04,13,500g Mixed Fruit Muesli,14,West,4237,ST,4.13,17498.81,EUR
776,.1~741,741,DD,Market,04,13,500g Nut Muesli,14,North,4023,ST,3.90,15689.70,EUR
777,.1~743,743,DD,Market,04,13,500g Nut Muesli,14,South,2134,ST,3.90,8322.60,EUR
778,.1~745,745,DD,Market,04,13,500g Nut Muesli,14,West,1102,ST,3.90,4297.80,EUR
779,.1~747,747,DD,Market,04,13,500g Original Muesli,14,North,4330,ST,3.77,16324.10,EUR
780,.1~749,749,DD,Market,04,13,500g Original Muesli,14,South,3413,ST,3.77,12867.01,EUR
781,.1~751,751,DD,Market,04,13,500g Original Muesli,14,West,2905,ST,3.77,10951.85,EUR
782,.1~753,753,DD,Market,04,13,500g Raisin Muesli,14,North,809,ST,3.79,3066.11,EUR
783,.1~755,755,DD,Market,04,13,500g Raisin Muesli,14,South,2601,ST,3.79,9857.79,EUR
784,.1~757,757,DD,Market,04,13,500g Raisin Muesli,14,West,3322,ST,3.79,12590.38,EUR
785,.1~759,759,DD,Market,04,14,1kg Blueberry Muesli,10,North,396,ST,5.26,2082.96,EUR
786,.1~761,761,DD,Market,04,14,1kg Blueberry Muesli,10,South,1221,ST,5.26,6422.46,EUR
787,.1~763,763,DD,Market,04,14,1kg Blueberry Muesli,10,West,767,ST,5.26,4034.42,EUR
788,.1~765,765,DD,Market,04,14,1kg Original Muesli,10,North,1914,ST,4.35,8325.90,EUR
789,.1~767,767,DD,Market,04,14,1kg Original Muesli,10,South,1302,ST,4.35,5663.70,EUR
790,.1~769,769,DD,Market,04,14,1kg Original Muesli,10,West,1937,ST,4.35,8425.95,EUR
791,.1~771,771,DD,Market,04,14,1kg Raisin Muesli,10,South,471,ST,4.38,2062.98,EUR
792,.1~773,773,DD,Market,04,14,1kg Raisin Muesli,10,West,9,ST,4.38,39.42,EUR
793,.1~775,775,DD,Market,04,14,1kg Strawberry Muesli,10,North,1504,ST,5.27,7926.08,EUR
794,.1~777,777,DD,Market,04,14,1kg Strawberry Muesli,10,South,1939,ST,5.27,10218.53,EUR
795,.1~779,779,DD,Market,04,14,1kg Strawberry Muesli,10,West,1132,ST,5.27,5965.64,EUR
796,.1~781,781,DD,Market,04,14,1kg Blueberry Muesli,12,North,1953,ST,5.26,10272.78,EUR
797,.1~783,783,DD,Market,04,14,1kg Blueberry Muesli,12,South,1271,ST,5.26,6685.46,EUR
798,.1~785,785,DD,Market,04,14,1kg Blueberry Muesli,12,West,2066,ST,5.26,10867.16,EUR
799,.1~787,787,DD,Market,04,14,1kg Original Muesli,12,North,8148,ST,4.35,35443.80,EUR
800,.1~789,789,DD,Market,04,14,1kg Original Muesli,12,South,7708,ST,4.35,33529.80,EUR
801,.1~791,791,DD,Market,04,14,1kg Original Muesli,12,West,7448,ST,4.35,32398.80,EUR
802,.1~793,793,DD,Market,04,14,1kg Raisin Muesli,12,South,466,ST,4.38,2041.08,EUR
803,.1~795,795,DD,Market,04,14,1kg Strawberry Muesli,12,North,3528,ST,5.27,18592.56,EUR
804,.1~797,797,DD,Market,04,14,1kg Strawberry Muesli,12,South,4187,ST,5.27,22065.49,EUR
805,.1~799,799,DD,Market,04,14,1kg Strawberry Muesli,12,West,2392,ST,5.27,12605.84,EUR
806,.1~801,801,DD,Market,04,14,500g Original Muesli,12,North,5215,ST,3.77,19660.55,EUR
807,.1~803,803,DD,Market,04,14,500g Original Muesli,12,South,8241,ST,3.77,31068.57,EUR
808,.1~805,805,DD,Market,04,14,500g Original Muesli,12,West,6485,ST,3.77,24448.45,EUR
809,.1~807,807,DD,Market,04,14,500g Original Muesli,14,North,6801,ST,3.77,25639.77,EUR
810,.1~809,809,DD,Market,04,14,500g Original Muesli,14,South,7579,ST,3.77,28572.83,EUR
811,.1~811,811,DD,Market,04,14,500g Original Muesli,14,West,5963,ST,3.77,22480.51,EUR
