,ID,ROW_ID,COMPANY_CODE,SIM_ROUND,SIM_STEP,SIM_DATE,SIM_CALENDAR_DATE,SIM_PERIOD,SIM_ELAPSED_STEPS,PURCHASING_ORDER,VENDOR,MATERIAL_NUMBER,MATERIAL_DESCRIPTION,QUANTITY,STATUS,UNIT,GOODS_RECEIPT_ROUND,GOODS_RECEIPT_STEP,GOODS_RECEIPT_DATE
0,.1~1,1,DD,01,02,01/02,2024-01-02T00:00:00,1,2,4500000273,V01,DD-R01,Nuts,38400.000,Delivered,KG,01,03,01/03
1,.1~2,2,DD,01,02,01/02,2024-01-02T00:00:00,1,2,4500000273,V01,DD-R02,Blueberries,38400.000,Delivered,KG,01,03,01/03
2,.1~3,3,DD,01,02,01/02,2024-01-02T00:00:00,1,2,4500000273,V01,DD-R03,Strawberries,38400.000,Delivered,KG,01,03,01/03
3,.1~4,4,DD,01,02,01/02,2024-01-02T00:00:00,1,2,4500000273,V01,DD-R04,Raisins,38400.000,Delivered,KG,01,03,01/03
4,.1~5,5,DD,01,02,01/02,2024-01-02T00:00:00,1,2,4500000273,V01,DD-R05,Wheat,211200.000,Delivered,KG,01,03,01/03
5,.1~6,6,DD,01,02,01/02,2024-01-02T00:00:00,1,2,4500000273,V01,DD-R06,Oats,211200.000,Delivered,KG,01,03,01/03
6,.1~7,7,DD,01,02,01/02,2024-01-02T00:00:00,1,2,4500000274,V02,DD-P01,Large Box (1kg),384000,Delivered,ST,01,03,01/03
7,.1~8,8,DD,01,02,01/02,2024-01-02T00:00:00,1,2,4500000274,V02,DD-P02,Large Bag (1kg),384000,Delivered,ST,01,03,01/03
8,.1~9,9,DD,01,02,01/02,2024-01-02T00:00:00,1,2,4500000274,V02,DD-P03,Small Box (500g),384000,Delivered,ST,01,03,01/03
9,.1~10,10,DD,01,02,01/02,2024-01-02T00:00:00,1,2,4500000274,V02,DD-P04,Small Bag (500g),384000,Delivered,ST,01,03,01/03
