,ID,ROW_ID,PLANT,STORAGE_LOCATION,MATERIAL_NUMBER,MATERIAL_DESCRIPTION,MATERIAL_TYPE,MATERIAL_CODE,MATERIAL_SIZE,MATERIAL_LABEL,CURRENT_INVENTORY,QUANTITY_SOLD,UNIT,NB_STEPS_AVAILABLE,SIM_ELAPSED_STEPS
0,.1~12,12,H2,02,HH-F16,1kg Mixed Fruit Muesli,Finished Product,F16,1kg,Mixed Fruit Muesli,0,0,ST,0,20
1,.1~2,2,H2,02,HH-F02,500g Blueberry Muesli,Finished Product,F02,500g,Blueberry Muesli,17560,46440,ST,12,20
2,.1~3,3,H2,02,HH-F03,500g Strawberry Muesli,Finished Product,F03,500g,Strawberry Muesli,42334,21666,ST,9,20
3,.1~6,6,H2,02,HH-F06,500g Mixed Fruit Muesli,Finished Product,F06,500g,Mixed Fruit Muesli,57879,6121,ST,3,20
4,.1~5,5,H2,02,HH-F05,500g Original Muesli,Finished Product,F05,500g,Original Muesli,0,0,ST,0,20
5,.1~4,4,H2,02,HH-F04,500g Raisin Muesli,Finished Product,F04,500g,Raisin Muesli,57550,6450,ST,6,20
6,.1~7,7,H2,02,HH-F11,1kg Nut Muesli,Finished Product,F11,1kg,Nut Muesli,0,0,ST,0,20
7,.1~9,9,H2,02,HH-F13,1kg Strawberry Muesli,Finished Product,F13,1kg,Strawberry Muesli,0,0,ST,0,20
8,.1~10,10,H2,02,HH-F14,1kg Raisin Muesli,Finished Product,F14,1kg,Raisin Muesli,0,0,ST,0,20
9,.1~11,11,H2,02,HH-F15,1kg Original Muesli,Finished Product,F15,1kg,Original Muesli,0,0,ST,0,20
10,.1~8,8,H2,02,HH-F12,1kg Blueberry Muesli,Finished Product,F12,1kg,Blueberry Muesli,0,0,ST,0,20
11,.1~1,1,H2,02,HH-F01,500g Nut Muesli,Finished Product,F01,500g,Nut Muesli,33591,30409,ST,15,20
