,ID,ROW_ID,PURCHASING_ORGANIZATION,MATERIAL_NUMBER,MATERIAL_DESCRIPTION,VENDOR_CODE,VENDOR_NAME,NET_PRICE,CURRENCY
0,.1~1,1,H2,HH-P01,Large Box (1kg),V02,Continental Printing Co.,0.28,EUR
1,.1~2,2,H2,HH-P02,Large Bag (1kg),V02,Continental Printing Co.,0.12,EUR
2,.1~3,3,H2,HH-P03,Small Box (500g),V02,Continental Printing Co.,0.21,EUR
3,.1~4,4,H2,HH-P04,Small Bag (500g),V02,Continental Printing Co.,0.09,EUR
4,.1~5,5,H2,HH-R01,Nuts,V01,Foodbroker Inc.,1.87,EUR
5,.1~6,6,H2,HH-R02,Blueberries,V01,Foodbroker Inc.,4.01,EUR
6,.1~7,7,H2,HH-R03,Strawberries,V01,Foodbroker Inc.,4.27,EUR
7,.1~8,8,H2,HH-R04,Raisins,V01,Foodbroker Inc.,1.34,EUR
8,.1~9,9,H2,HH-R05,Wheat,V01,Foodbroker Inc.,0.90,EUR
9,.1~10,10,H2,HH-R06,Oats,V01,Foodbroker Inc.,0.75,EUR
