,ID,ROW_ID,PLANT,MATERIAL_NUMBER,MATERIAL_DESCRIPTION,STORAGE_LOCATION,STOCK,RESTRICTED,UNIT
0,.1~1,1,H2,HH-F01,500g Nut Muesli,02,33591,0,ST
1,.1~2,2,H2,HH-F02,500g Blueberry Muesli,02,17560,0,ST
2,.1~3,3,H2,HH-F03,500g Strawberry Muesli,02,42334,0,ST
3,.1~4,4,H2,HH-F04,500g Raisin Muesli,02,57550,0,ST
4,.1~5,5,H2,HH-F05,500g Original Muesli,02,0,0,ST
5,.1~6,6,H2,HH-F06,500g Mixed Fruit Muesli,02,57879,0,ST
6,.1~7,7,H2,HH-F11,1kg Nut Muesli,02,0,0,ST
7,.1~8,8,H2,HH-F12,1kg Blueberry Muesli,02,0,0,ST
8,.1~9,9,H2,HH-F13,1kg Strawberry Muesli,02,0,0,ST
9,.1~10,10,H2,HH-F14,1kg Raisin Muesli,02,0,0,ST
10,.1~11,11,H2,HH-F15,1kg Original Muesli,02,0,0,ST
11,.1~12,12,H2,HH-F16,1kg Mixed Fruit Muesli,02,0,0,ST
12,.1~13,13,H2,HH-P01,Large Box (1kg),88,0,0,ST
13,.1~14,14,H2,HH-P02,Large Bag (1kg),88,0,0,ST
14,.1~15,15,H2,HH-P03,Small Box (500g),88,0,0,ST
15,.1~16,16,H2,HH-P04,Small Bag (500g),88,0,0,ST
16,.1~17,17,H2,HH-R01,Nuts,88,0.000,0.000,KG
17,.1~18,18,H2,HH-R02,Blueberries,88,0.000,0.000,KG
18,.1~19,19,H2,HH-R03,Strawberries,88,0.000,0.000,KG
19,.1~20,20,H2,HH-R04,Raisins,88,0.000,0.000,KG
20,.1~21,21,H2,HH-R05,Wheat,88,0.000,0.000,KG
21,.1~22,22,H2,HH-R06,Oats,88,0.000,0.000,KG
