,ROW_ID,COMPANY_CODE,GAME,SCENARIO,CATEGORY,ELEMENT,DETAIL,VALUE
0,1,H2,Manufacturing,Extended,Organizational_Element,Distribution_Channel,10,Hypermarket
1,2,H2,Manufacturing,Extended,Organizational_Element,Distribution_Channel,12,Grocery chains
2,3,H2,Manufacturing,Extended,Organizational_Element,Distribution_Channel,14,Indept. grocers
3,4,H2,Manufacturing,Extended,Organizational_Element,Storage_Location,02,Finished Goods
4,5,H2,Manufacturing,Extended,Organizational_Element,Storage_Location,88,Raw Materials
5,6,H2,Manufacturing,Extended,Organizational_Element,Supplier,V01,Foodbroker Inc.
6,7,H2,Manufacturing,Extended,Organizational_Element,Supplier,V02,Continental Printing Co.
7,8,H2,Manufacturing,Extended,Product,HH-F01,500g Nut Muesli,Finished products
8,9,H2,Manufacturing,Extended,Product,HH-F02,500g Blueberry Muesli,Finished products
9,10,H2,Manufacturing,Extended,Product,HH-F03,500g Strawberry Muesli,Finished products
10,11,H2,Manufacturing,Extended,Product,HH-F04,500g Raisin Muesli,Finished products
11,12,H2,Manufacturing,Extended,Product,HH-F05,500g Original Muesli,Finished products
12,13,H2,Manufacturing,Extended,Product,HH-F06,500g Mixed Fruit Muesli,Finished products
13,14,H2,Manufacturing,Extended,Product,HH-F11,1kg Nut Muesli,Finished products
14,15,H2,Manufacturing,Extended,Product,HH-F12,1kg Blueberry Muesli,Finished products
15,16,H2,Manufacturing,Extended,Product,HH-F13,1kg Strawberry Muesli,Finished products
16,17,H2,Manufacturing,Extended,Product,HH-F14,1kg Raisin Muesli,Finished products
17,18,H2,Manufacturing,Extended,Product,HH-F15,1kg Original Muesli,Finished products
18,19,H2,Manufacturing,Extended,Product,HH-F16,1kg Mixed Fruit Muesli,Finished products
19,20,H2,Manufacturing,Extended,Product,HH-P01,Large Box (1kg),Packing
20,21,H2,Manufacturing,Extended,Product,HH-P02,Large Bag (1kg),Packing
21,22,H2,Manufacturing,Extended,Product,HH-P03,Small Box (500g),Packing
22,23,H2,Manufacturing,Extended,Product,HH-P04,Small Bag (500g),Packing
23,24,H2,Manufacturing,Extended,Product,HH-R01,Nuts,Perishable
24,25,H2,Manufacturing,Extended,Product,HH-R02,Blueberries,Perishable
25,26,H2,Manufacturing,Extended,Product,HH-R03,Strawberries,Perishable
26,27,H2,Manufacturing,Extended,Product,HH-R04,Raisins,Perishable
27,28,H2,Manufacturing,Extended,Product,HH-R05,Wheat,Perishable
28,29,H2,Manufacturing,Extended,Product,HH-R06,Oats,Perishable
29,30,H2,Manufacturing,Extended,Rules,Lead_Time,V01,1-5 days
30,31,H2,Manufacturing,Extended,Rules,Lead_Time,V02,1-5 days
31,32,H2,Manufacturing,Extended,Rules,Approximate_Market_Size,DC10,€90 000 per team per week
32,33,H2,Manufacturing,Extended,Rules,Approximate_Market_Size,DC12,€360 000 per team per week
33,34,H2,Manufacturing,Extended,Rules,Approximate_Market_Size,DC14,€120 000 per team per week
34,35,H2,Manufacturing,Extended,Rules,Overhead_Cost,Labor,20000
35,36,H2,Manufacturing,Extended,Rules,Overhead_Cost,Manufacturing Overheads,15000
36,37,H2,Manufacturing,Extended,Rules,Overhead_Cost,Payment Frequency,Every 5 days
37,38,H2,Manufacturing,Extended,Rules,Overhead_Cost,SG&A,40000
38,39,H2,Manufacturing,Extended,Rules,PO_Cost,V01,0.00
39,40,H2,Manufacturing,Extended,Rules,PO_Cost,V02,0.00
40,41,H2,Manufacturing,Extended,Rules,Payment_Time,DC10,20 days
41,42,H2,Manufacturing,Extended,Rules,Payment_Time,DC12,10-20 days
42,43,H2,Manufacturing,Extended,Rules,Payment_Time,DC14,1-20 days
43,44,H2,Manufacturing,Extended,Rules,Payment_Time,V01,20 days
44,45,H2,Manufacturing,Extended,Rules,Payment_Time,V02,20 days
45,46,H2,Manufacturing,Extended,Rules,Production,Daily Production Capacity,24000.00000
46,47,H2,Manufacturing,Extended,Rules,Production,Setup Time,8
47,48,H2,Manufacturing,Extended,Rules,Storage_Extra_Capacity_Threshold,Finished products,50000
48,49,H2,Manufacturing,Extended,Rules,Storage_Extra_Capacity_Threshold,Packing,50000
49,50,H2,Manufacturing,Extended,Rules,Storage_Extra_Capacity_Threshold,Perishable,50000
50,51,H2,Manufacturing,Extended,Rules,Storage_Extra_Capacity_Cost,Finished products,500
51,52,H2,Manufacturing,Extended,Rules,Storage_Extra_Capacity_Cost,Packing,100
52,53,H2,Manufacturing,Extended,Rules,Storage_Extra_Capacity_Cost,Perishable,1000
53,54,H2,Manufacturing,Extended,Rules,Storage_Capacity,Finished products,250000
54,55,H2,Manufacturing,Extended,Rules,Storage_Capacity,Packing,750000
55,56,H2,Manufacturing,Extended,Rules,Storage_Capacity,Perishable,250000
