,ID,ROW_ID,COMPANY_CODE,SIM_ROUND,SIM_STEP,SIM_DATE,SIM_CALENDAR_DATE,SIM_PERIOD,SIM_ELAPSED_STEPS,GL_ACCOUNT_NUMBER,GL_ACCOUNT_NAME,FS_LEVEL_1,FS_LEVEL_2,FS_LEVEL_3,FS_LEVEL_4,DEBIT_CREDIT_INDICATOR,AMOUNT_ABS,AMOUNT,AMOUNT_INV,AMOUNT_BS,AMOUNT_IS,CURRENCY
0,.1~1,1,H2,01,01,01/01,2024-01-01T00:00:00,1,1,1000,Land,Balance Sheet,Assets,Long-Term Assets,,Debit,500000.00,500000.00,-500000.00,500000.00,0.00,EUR
1,.1~2,2,H2,01,01,01/01,2024-01-01T00:00:00,1,1,2000,Buildings,Balance Sheet,Assets,Long-Term Assets,,Debit,1500000.00,1500000.00,-1500000.00,1500000.00,0.00,EUR
2,.1~3,3,H2,01,01,01/01,2024-01-01T00:00:00,1,1,11000,Machinery and equipment,Balance Sheet,Assets,Long-Term Assets,,Debit,24000000.00,24000000.00,-24000000.00,24000000.00,0.00,EUR
3,.1~4,4,H2,01,01,01/01,2024-01-01T00:00:00,1,1,70000,Common stock,Balance Sheet,Liabilities and Owners' Equity,Equity,Shareholders Equity,Credit,20000000.00,-20000000.00,20000000.00,-20000000.00,0.00,EUR
4,.1~5,5,H2,01,01,01/01,2024-01-01T00:00:00,1,1,113101,Bank Loan,Balance Sheet,Liabilities and Owners' Equity,Liabilities,Current Liabilities,Credit,8000000.00,-8000000.00,8000000.00,-8000000.00,0.00,EUR
5,.1~6,6,H2,01,01,01/01,2024-01-01T00:00:00,1,1,113300,Bank Cash Account,Balance Sheet,Assets,Current Assets,,Credit,26000000.00,-26000000.00,26000000.00,-26000000.00,0.00,EUR
6,.1~7,7,H2,01,01,01/01,2024-01-01T00:00:00,1,1,113300,Bank Cash Account,Balance Sheet,Assets,Current Assets,,Debit,28000000.00,28000000.00,-28000000.00,28000000.00,0.00,EUR
7,.1~8,8,H2,01,04,01/04,2024-01-04T00:00:00,1,4,160000,Accounts payable-domestic,Balance Sheet,Liabilities and Owners' Equity,Liabilities,Current Liabilities,Credit,352896.00,-352896.00,352896.00,-352896.00,0.00,EUR
8,.1~9,9,H2,01,04,01/04,2024-01-04T00:00:00,1,4,191100,GR/IR Clearing - External procurement,Balance Sheet,Liabilities and Owners' Equity,Liabilities,Current Liabilities,Credit,352896.00,-352896.00,352896.00,-352896.00,0.00,EUR
9,.1~10,10,H2,01,04,01/04,2024-01-04T00:00:00,1,4,191100,GR/IR Clearing - External procurement,Balance Sheet,Liabilities and Owners' Equity,Liabilities,Current Liabilities,Debit,352896.00,352896.00,-352896.00,352896.00,0.00,EUR
10,.1~11,11,H2,01,04,01/04,2024-01-04T00:00:00,1,4,300000,Raw materials,Balance Sheet,Assets,Current Assets,,Debit,352896.00,352896.00,-352896.00,352896.00,0.00,EUR
11,.1~12,12,H2,01,05,01/05,2024-01-05T00:00:00,1,5,2010,Accumulated Depreciation - Buildings,Balance Sheet,Assets,Long-Term Assets,,Credit,1250.00,-1250.00,1250.00,-1250.00,0.00,EUR
12,.1~13,13,H2,01,05,01/05,2024-01-05T00:00:00,1,5,11010,Accumulated depreciation - machinery and equipment,Balance Sheet,Assets,Long-Term Assets,,Credit,50000.00,-50000.00,50000.00,-50000.00,0.00,EUR
13,.1~14,14,H2,01,05,01/05,2024-01-05T00:00:00,1,5,113300,Bank Cash Account,Balance Sheet,Assets,Current Assets,,Credit,88223.10,-88223.10,88223.10,-88223.10,0.00,EUR
14,.1~15,15,H2,01,05,01/05,2024-01-05T00:00:00,1,5,211120,Depreciation-buildings,Income Statement,Operating Expenses,,,Debit,1250.00,1250.00,-1250.00,0.00,-1250.00,EUR
15,.1~16,16,H2,01,05,01/05,2024-01-05T00:00:00,1,5,211130,Depreciation - machinery and equipment,Income Statement,Operating Expenses,,,Debit,50000.00,50000.00,-50000.00,0.00,-50000.00,EUR
16,.1~17,17,H2,01,05,01/05,2024-01-05T00:00:00,1,5,300000,Raw materials,Balance Sheet,Assets,Current Assets,,Credit,22371.60,-22371.60,22371.60,-22371.60,0.00,EUR
17,.1~18,18,H2,01,05,01/05,2024-01-05T00:00:00,1,5,400000,Consumption Raw Materials,Income Statement,Inventory Change,,,Debit,22371.60,22371.60,-22371.60,0.00,-22371.60,EUR
18,.1~19,19,H2,01,05,01/05,2024-01-05T00:00:00,1,5,476900,Interest expenses,Income Statement,"Sales, General, and Administrative Expenses",Interest Expenses,,Debit,13223.10,13223.10,-13223.10,0.00,-13223.10,EUR
19,.1~20,20,H2,01,05,01/05,2024-01-05T00:00:00,1,5,500000,Direct labor costs,Income Statement,Operating Expenses,,,Debit,20000.00,20000.00,-20000.00,0.00,-20000.00,EUR
20,.1~21,21,H2,01,05,01/05,2024-01-05T00:00:00,1,5,510000,Factory Overhead Expenses,Income Statement,Operating Expenses,,,Debit,15000.00,15000.00,-15000.00,0.00,-15000.00,EUR
21,.1~22,22,H2,01,05,01/05,2024-01-05T00:00:00,1,5,520000,"Sales, General and Administrative Expenses",Income Statement,"Sales, General, and Administrative Expenses",SG&A,,Debit,40000.00,40000.00,-40000.00,0.00,-40000.00,EUR
22,.1~23,23,H2,01,05,01/05,2024-01-05T00:00:00,1,5,792000,Finished goods,Balance Sheet,Assets,Current Assets,,Debit,21600.00,21600.00,-21600.00,21600.00,0.00,EUR
23,.1~24,24,H2,01,05,01/05,2024-01-05T00:00:00,1,5,895000,Total Finished Products Produced,Income Statement,Inventory Change,,,Credit,21600.00,-21600.00,21600.00,0.00,21600.00,EUR
24,.1~25,25,H2,01,06,01/06,2024-01-06T00:00:00,2,6,140000,Customers - Domestic Receivables,Balance Sheet,Assets,Current Assets,,Debit,35223.00,35223.00,-35223.00,35223.00,0.00,EUR
25,.1~26,26,H2,01,06,01/06,2024-01-06T00:00:00,2,6,300000,Raw materials,Balance Sheet,Assets,Current Assets,,Credit,22371.60,-22371.60,22371.60,-22371.60,0.00,EUR
26,.1~27,27,H2,01,06,01/06,2024-01-06T00:00:00,2,6,400000,Consumption Raw Materials,Income Statement,Inventory Change,,,Debit,22371.60,22371.60,-22371.60,0.00,-22371.60,EUR
27,.1~28,28,H2,01,06,01/06,2024-01-06T00:00:00,2,6,792000,Finished goods,Balance Sheet,Assets,Current Assets,,Credit,5373.00,-5373.00,5373.00,-5373.00,0.00,EUR
28,.1~29,29,H2,01,06,01/06,2024-01-06T00:00:00,2,6,792000,Finished goods,Balance Sheet,Assets,Current Assets,,Debit,21600.00,21600.00,-21600.00,21600.00,0.00,EUR
29,.1~30,30,H2,01,06,01/06,2024-01-06T00:00:00,2,6,800000,Sales revenues - domestic,Income Statement,Revenues,,,Credit,35223.00,-35223.00,35223.00,0.00,35223.00,EUR
30,.1~31,31,H2,01,06,01/06,2024-01-06T00:00:00,2,6,893010,Total fin.prod. sold,Income Statement,Cost of Goods Sold,,,Debit,5373.00,5373.00,-5373.00,0.00,-5373.00,EUR
31,.1~32,32,H2,01,06,01/06,2024-01-06T00:00:00,2,6,895000,Total Finished Products Produced,Income Statement,Inventory Change,,,Credit,21600.00,-21600.00,21600.00,0.00,21600.00,EUR
32,.1~33,33,H2,01,07,01/07,2024-01-07T00:00:00,2,7,140000,Customers - Domestic Receivables,Balance Sheet,Assets,Current Assets,,Debit,28839.20,28839.20,-28839.20,28839.20,0.00,EUR
33,.1~34,34,H2,01,07,01/07,2024-01-07T00:00:00,2,7,300000,Raw materials,Balance Sheet,Assets,Current Assets,,Credit,14914.40,-14914.40,14914.40,-14914.40,0.00,EUR
34,.1~35,35,H2,01,07,01/07,2024-01-07T00:00:00,2,7,400000,Consumption Raw Materials,Income Statement,Inventory Change,,,Debit,14914.40,14914.40,-14914.40,0.00,-14914.40,EUR
35,.1~36,36,H2,01,07,01/07,2024-01-07T00:00:00,2,7,792000,Finished goods,Balance Sheet,Assets,Current Assets,,Credit,4399.20,-4399.20,4399.20,-4399.20,0.00,EUR
36,.1~37,37,H2,01,07,01/07,2024-01-07T00:00:00,2,7,792000,Finished goods,Balance Sheet,Assets,Current Assets,,Debit,14400.00,14400.00,-14400.00,14400.00,0.00,EUR
37,.1~38,38,H2,01,07,01/07,2024-01-07T00:00:00,2,7,800000,Sales revenues - domestic,Income Statement,Revenues,,,Credit,28839.20,-28839.20,28839.20,0.00,28839.20,EUR
38,.1~39,39,H2,01,07,01/07,2024-01-07T00:00:00,2,7,893010,Total fin.prod. sold,Income Statement,Cost of Goods Sold,,,Debit,4399.20,4399.20,-4399.20,0.00,-4399.20,EUR
39,.1~40,40,H2,01,07,01/07,2024-01-07T00:00:00,2,7,895000,Total Finished Products Produced,Income Statement,Inventory Change,,,Credit,14400.00,-14400.00,14400.00,0.00,14400.00,EUR
40,.1~41,41,H2,01,08,01/08,2024-01-08T00:00:00,2,8,140000,Customers - Domestic Receivables,Balance Sheet,Assets,Current Assets,,Debit,15422.60,15422.60,-15422.60,15422.60,0.00,EUR
41,.1~42,42,H2,01,08,01/08,2024-01-08T00:00:00,2,8,300000,Raw materials,Balance Sheet,Assets,Current Assets,,Credit,31789.20,-31789.20,31789.20,-31789.20,0.00,EUR
42,.1~43,43,H2,01,08,01/08,2024-01-08T00:00:00,2,8,400000,Consumption Raw Materials,Income Statement,Inventory Change,,,Debit,31789.20,31789.20,-31789.20,0.00,-31789.20,EUR
43,.1~44,44,H2,01,08,01/08,2024-01-08T00:00:00,2,8,792000,Finished goods,Balance Sheet,Assets,Current Assets,,Credit,2352.60,-2352.60,2352.60,-2352.60,0.00,EUR
44,.1~45,45,H2,01,08,01/08,2024-01-08T00:00:00,2,8,792000,Finished goods,Balance Sheet,Assets,Current Assets,,Debit,29520.00,29520.00,-29520.00,29520.00,0.00,EUR
45,.1~46,46,H2,01,08,01/08,2024-01-08T00:00:00,2,8,800000,Sales revenues - domestic,Income Statement,Revenues,,,Credit,15422.60,-15422.60,15422.60,0.00,15422.60,EUR
46,.1~47,47,H2,01,08,01/08,2024-01-08T00:00:00,2,8,893010,Total fin.prod. sold,Income Statement,Cost of Goods Sold,,,Debit,2352.60,2352.60,-2352.60,0.00,-2352.60,EUR
47,.1~48,48,H2,01,08,01/08,2024-01-08T00:00:00,2,8,895000,Total Finished Products Produced,Income Statement,Inventory Change,,,Credit,29520.00,-29520.00,29520.00,0.00,29520.00,EUR
48,.1~49,49,H2,01,09,01/09,2024-01-09T00:00:00,2,9,140000,Customers - Domestic Receivables,Balance Sheet,Assets,Current Assets,,Debit,29949.66,29949.66,-29949.66,29949.66,0.00,EUR
49,.1~50,50,H2,01,09,01/09,2024-01-09T00:00:00,2,9,300000,Raw materials,Balance Sheet,Assets,Current Assets,,Credit,31789.20,-31789.20,31789.20,-31789.20,0.00,EUR
50,.1~51,51,H2,01,09,01/09,2024-01-09T00:00:00,2,9,400000,Consumption Raw Materials,Income Statement,Inventory Change,,,Debit,31789.20,31789.20,-31789.20,0.00,-31789.20,EUR
51,.1~52,52,H2,01,09,01/09,2024-01-09T00:00:00,2,9,792000,Finished goods,Balance Sheet,Assets,Current Assets,,Credit,5139.66,-5139.66,5139.66,-5139.66,0.00,EUR
52,.1~53,53,H2,01,09,01/09,2024-01-09T00:00:00,2,9,792000,Finished goods,Balance Sheet,Assets,Current Assets,,Debit,29520.00,29520.00,-29520.00,29520.00,0.00,EUR
53,.1~54,54,H2,01,09,01/09,2024-01-09T00:00:00,2,9,800000,Sales revenues - domestic,Income Statement,Revenues,,,Credit,29949.66,-29949.66,29949.66,0.00,29949.66,EUR
54,.1~55,55,H2,01,09,01/09,2024-01-09T00:00:00,2,9,893010,Total fin.prod. sold,Income Statement,Cost of Goods Sold,,,Debit,5139.66,5139.66,-5139.66,0.00,-5139.66,EUR
55,.1~56,56,H2,01,09,01/09,2024-01-09T00:00:00,2,9,895000,Total Finished Products Produced,Income Statement,Inventory Change,,,Credit,29520.00,-29520.00,29520.00,0.00,29520.00,EUR
56,.1~57,57,H2,01,10,01/10,2024-01-10T00:00:00,2,10,2010,Accumulated Depreciation - Buildings,Balance Sheet,Assets,Long-Term Assets,,Credit,1250.00,-1250.00,1250.00,-1250.00,0.00,EUR
57,.1~58,58,H2,01,10,01/10,2024-01-10T00:00:00,2,10,11010,Accumulated depreciation - machinery and equipment,Balance Sheet,Assets,Long-Term Assets,,Credit,50000.00,-50000.00,50000.00,-50000.00,0.00,EUR
58,.1~59,59,H2,01,10,01/10,2024-01-10T00:00:00,2,10,113300,Bank Cash Account,Balance Sheet,Assets,Current Assets,,Credit,88223.10,-88223.10,88223.10,-88223.10,0.00,EUR
59,.1~60,60,H2,01,10,01/10,2024-01-10T00:00:00,2,10,113300,Bank Cash Account,Balance Sheet,Assets,Current Assets,,Debit,4843.90,4843.90,-4843.90,4843.90,0.00,EUR
60,.1~61,61,H2,01,10,01/10,2024-01-10T00:00:00,2,10,140000,Customers - Domestic Receivables,Balance Sheet,Assets,Current Assets,,Credit,4843.90,-4843.90,4843.90,-4843.90,0.00,EUR
61,.1~62,62,H2,01,10,01/10,2024-01-10T00:00:00,2,10,140000,Customers - Domestic Receivables,Balance Sheet,Assets,Current Assets,,Debit,47858.87,47858.87,-47858.87,47858.87,0.00,EUR
62,.1~63,63,H2,01,10,01/10,2024-01-10T00:00:00,2,10,211120,Depreciation-buildings,Income Statement,Operating Expenses,,,Debit,1250.00,1250.00,-1250.00,0.00,-1250.00,EUR
63,.1~64,64,H2,01,10,01/10,2024-01-10T00:00:00,2,10,211130,Depreciation - machinery and equipment,Income Statement,Operating Expenses,,,Debit,50000.00,50000.00,-50000.00,0.00,-50000.00,EUR
64,.1~65,65,H2,01,10,01/10,2024-01-10T00:00:00,2,10,300000,Raw materials,Balance Sheet,Assets,Current Assets,,Credit,21192.80,-21192.80,21192.80,-21192.80,0.00,EUR
65,.1~66,66,H2,01,10,01/10,2024-01-10T00:00:00,2,10,400000,Consumption Raw Materials,Income Statement,Inventory Change,,,Debit,21192.80,21192.80,-21192.80,0.00,-21192.80,EUR
66,.1~67,67,H2,01,10,01/10,2024-01-10T00:00:00,2,10,476900,Interest expenses,Income Statement,"Sales, General, and Administrative Expenses",Interest Expenses,,Debit,13223.10,13223.10,-13223.10,0.00,-13223.10,EUR
67,.1~68,68,H2,01,10,01/10,2024-01-10T00:00:00,2,10,500000,Direct labor costs,Income Statement,Operating Expenses,,,Debit,20000.00,20000.00,-20000.00,0.00,-20000.00,EUR
68,.1~69,69,H2,01,10,01/10,2024-01-10T00:00:00,2,10,510000,Factory Overhead Expenses,Income Statement,Operating Expenses,,,Debit,15000.00,15000.00,-15000.00,0.00,-15000.00,EUR
69,.1~70,70,H2,01,10,01/10,2024-01-10T00:00:00,2,10,520000,"Sales, General and Administrative Expenses",Income Statement,"Sales, General, and Administrative Expenses",SG&A,,Debit,40000.00,40000.00,-40000.00,0.00,-40000.00,EUR
70,.1~71,71,H2,01,10,01/10,2024-01-10T00:00:00,2,10,792000,Finished goods,Balance Sheet,Assets,Current Assets,,Credit,9243.87,-9243.87,9243.87,-9243.87,0.00,EUR
71,.1~72,72,H2,01,10,01/10,2024-01-10T00:00:00,2,10,792000,Finished goods,Balance Sheet,Assets,Current Assets,,Debit,19680.00,19680.00,-19680.00,19680.00,0.00,EUR
72,.1~73,73,H2,01,10,01/10,2024-01-10T00:00:00,2,10,800000,Sales revenues - domestic,Income Statement,Revenues,,,Credit,47858.87,-47858.87,47858.87,0.00,47858.87,EUR
73,.1~74,74,H2,01,10,01/10,2024-01-10T00:00:00,2,10,893010,Total fin.prod. sold,Income Statement,Cost of Goods Sold,,,Debit,9243.87,9243.87,-9243.87,0.00,-9243.87,EUR
74,.1~75,75,H2,01,10,01/10,2024-01-10T00:00:00,2,10,895000,Total Finished Products Produced,Income Statement,Inventory Change,,,Credit,19680.00,-19680.00,19680.00,0.00,19680.00,EUR
75,.1~76,76,H2,01,11,01/11,2024-01-11T00:00:00,3,11,140000,Customers - Domestic Receivables,Balance Sheet,Assets,Current Assets,,Debit,69368.86,69368.86,-69368.86,69368.86,0.00,EUR
76,.1~77,77,H2,01,11,01/11,2024-01-11T00:00:00,3,11,300000,Raw materials,Balance Sheet,Assets,Current Assets,,Credit,31875.60,-31875.60,31875.60,-31875.60,0.00,EUR
77,.1~78,78,H2,01,11,01/11,2024-01-11T00:00:00,3,11,400000,Consumption Raw Materials,Income Statement,Inventory Change,,,Debit,31875.60,31875.60,-31875.60,0.00,-31875.60,EUR
78,.1~79,79,H2,01,11,01/11,2024-01-11T00:00:00,3,11,792000,Finished goods,Balance Sheet,Assets,Current Assets,,Credit,12718.86,-12718.86,12718.86,-12718.86,0.00,EUR
79,.1~80,80,H2,01,11,01/11,2024-01-11T00:00:00,3,11,792000,Finished goods,Balance Sheet,Assets,Current Assets,,Debit,29520.00,29520.00,-29520.00,29520.00,0.00,EUR
80,.1~81,81,H2,01,11,01/11,2024-01-11T00:00:00,3,11,800000,Sales revenues - domestic,Income Statement,Revenues,,,Credit,69368.86,-69368.86,69368.86,0.00,69368.86,EUR
81,.1~82,82,H2,01,11,01/11,2024-01-11T00:00:00,3,11,893010,Total fin.prod. sold,Income Statement,Cost of Goods Sold,,,Debit,12718.86,12718.86,-12718.86,0.00,-12718.86,EUR
82,.1~83,83,H2,01,11,01/11,2024-01-11T00:00:00,3,11,895000,Total Finished Products Produced,Income Statement,Inventory Change,,,Credit,29520.00,-29520.00,29520.00,0.00,29520.00,EUR
83,.1~84,84,H2,01,12,01/12,2024-01-12T00:00:00,3,12,113300,Bank Cash Account,Balance Sheet,Assets,Current Assets,,Debit,9853.00,9853.00,-9853.00,9853.00,0.00,EUR
84,.1~85,85,H2,01,12,01/12,2024-01-12T00:00:00,3,12,140000,Customers - Domestic Receivables,Balance Sheet,Assets,Current Assets,,Credit,9853.00,-9853.00,9853.00,-9853.00,0.00,EUR
85,.1~86,86,H2,01,12,01/12,2024-01-12T00:00:00,3,12,140000,Customers - Domestic Receivables,Balance Sheet,Assets,Current Assets,,Debit,47913.81,47913.81,-47913.81,47913.81,0.00,EUR
86,.1~87,87,H2,01,12,01/12,2024-01-12T00:00:00,3,12,300000,Raw materials,Balance Sheet,Assets,Current Assets,,Credit,31875.60,-31875.60,31875.60,-31875.60,0.00,EUR
87,.1~88,88,H2,01,12,01/12,2024-01-12T00:00:00,3,12,400000,Consumption Raw Materials,Income Statement,Inventory Change,,,Debit,31875.60,31875.60,-31875.60,0.00,-31875.60,EUR
88,.1~89,89,H2,01,12,01/12,2024-01-12T00:00:00,3,12,792000,Finished goods,Balance Sheet,Assets,Current Assets,,Credit,8988.81,-8988.81,8988.81,-8988.81,0.00,EUR
89,.1~90,90,H2,01,12,01/12,2024-01-12T00:00:00,3,12,792000,Finished goods,Balance Sheet,Assets,Current Assets,,Debit,29520.00,29520.00,-29520.00,29520.00,0.00,EUR
90,.1~91,91,H2,01,12,01/12,2024-01-12T00:00:00,3,12,800000,Sales revenues - domestic,Income Statement,Revenues,,,Credit,47913.81,-47913.81,47913.81,0.00,47913.81,EUR
91,.1~92,92,H2,01,12,01/12,2024-01-12T00:00:00,3,12,893010,Total fin.prod. sold,Income Statement,Cost of Goods Sold,,,Debit,8988.81,8988.81,-8988.81,0.00,-8988.81,EUR
92,.1~93,93,H2,01,12,01/12,2024-01-12T00:00:00,3,12,895000,Total Finished Products Produced,Income Statement,Inventory Change,,,Credit,29520.00,-29520.00,29520.00,0.00,29520.00,EUR
93,.1~94,94,H2,01,13,01/13,2024-01-13T00:00:00,3,13,113300,Bank Cash Account,Balance Sheet,Assets,Current Assets,,Debit,9572.84,9572.84,-9572.84,9572.84,0.00,EUR
94,.1~95,95,H2,01,13,01/13,2024-01-13T00:00:00,3,13,140000,Customers - Domestic Receivables,Balance Sheet,Assets,Current Assets,,Credit,9572.84,-9572.84,9572.84,-9572.84,0.00,EUR
95,.1~96,96,H2,01,13,01/13,2024-01-13T00:00:00,3,13,140000,Customers - Domestic Receivables,Balance Sheet,Assets,Current Assets,,Debit,68037.83,68037.83,-68037.83,68037.83,0.00,EUR
96,.1~97,97,H2,01,13,01/13,2024-01-13T00:00:00,3,13,300000,Raw materials,Balance Sheet,Assets,Current Assets,,Credit,21250.40,-21250.40,21250.40,-21250.40,0.00,EUR
97,.1~98,98,H2,01,13,01/13,2024-01-13T00:00:00,3,13,400000,Consumption Raw Materials,Income Statement,Inventory Change,,,Debit,21250.40,21250.40,-21250.40,0.00,-21250.40,EUR
98,.1~99,99,H2,01,13,01/13,2024-01-13T00:00:00,3,13,792000,Finished goods,Balance Sheet,Assets,Current Assets,,Credit,13432.83,-13432.83,13432.83,-13432.83,0.00,EUR
99,.1~100,100,H2,01,13,01/13,2024-01-13T00:00:00,3,13,792000,Finished goods,Balance Sheet,Assets,Current Assets,,Debit,19680.00,19680.00,-19680.00,19680.00,0.00,EUR
100,.1~101,101,H2,01,13,01/13,2024-01-13T00:00:00,3,13,800000,Sales revenues - domestic,Income Statement,Revenues,,,Credit,68037.83,-68037.83,68037.83,0.00,68037.83,EUR
101,.1~102,102,H2,01,13,01/13,2024-01-13T00:00:00,3,13,893010,Total fin.prod. sold,Income Statement,Cost of Goods Sold,,,Debit,13432.83,13432.83,-13432.83,0.00,-13432.83,EUR
102,.1~103,103,H2,01,13,01/13,2024-01-13T00:00:00,3,13,895000,Total Finished Products Produced,Income Statement,Inventory Change,,,Credit,19680.00,-19680.00,19680.00,0.00,19680.00,EUR
103,.1~104,104,H2,01,14,01/14,2024-01-14T00:00:00,3,14,113300,Bank Cash Account,Balance Sheet,Assets,Current Assets,,Debit,23615.31,23615.31,-23615.31,23615.31,0.00,EUR
104,.1~105,105,H2,01,14,01/14,2024-01-14T00:00:00,3,14,140000,Customers - Domestic Receivables,Balance Sheet,Assets,Current Assets,,Credit,23615.31,-23615.31,23615.31,-23615.31,0.00,EUR
105,.1~106,106,H2,01,14,01/14,2024-01-14T00:00:00,3,14,140000,Customers - Domestic Receivables,Balance Sheet,Assets,Current Assets,,Debit,16409.82,16409.82,-16409.82,16409.82,0.00,EUR
106,.1~107,107,H2,01,14,01/14,2024-01-14T00:00:00,3,14,300000,Raw materials,Balance Sheet,Assets,Current Assets,,Credit,19131.60,-19131.60,19131.60,-19131.60,0.00,EUR
107,.1~108,108,H2,01,14,01/14,2024-01-14T00:00:00,3,14,400000,Consumption Raw Materials,Income Statement,Inventory Change,,,Debit,19131.60,19131.60,-19131.60,0.00,-19131.60,EUR
108,.1~109,109,H2,01,14,01/14,2024-01-14T00:00:00,3,14,792000,Finished goods,Balance Sheet,Assets,Current Assets,,Credit,3239.82,-3239.82,3239.82,-3239.82,0.00,EUR
109,.1~110,110,H2,01,14,01/14,2024-01-14T00:00:00,3,14,792000,Finished goods,Balance Sheet,Assets,Current Assets,,Debit,18960.00,18960.00,-18960.00,18960.00,0.00,EUR
110,.1~111,111,H2,01,14,01/14,2024-01-14T00:00:00,3,14,800000,Sales revenues - domestic,Income Statement,Revenues,,,Credit,16409.82,-16409.82,16409.82,0.00,16409.82,EUR
111,.1~112,112,H2,01,14,01/14,2024-01-14T00:00:00,3,14,893010,Total fin.prod. sold,Income Statement,Cost of Goods Sold,,,Debit,3239.82,3239.82,-3239.82,0.00,-3239.82,EUR
112,.1~113,113,H2,01,14,01/14,2024-01-14T00:00:00,3,14,895000,Total Finished Products Produced,Income Statement,Inventory Change,,,Credit,18960.00,-18960.00,18960.00,0.00,18960.00,EUR
113,.1~114,114,H2,01,15,01/15,2024-01-15T00:00:00,3,15,2010,Accumulated Depreciation - Buildings,Balance Sheet,Assets,Long-Term Assets,,Credit,1250.00,-1250.00,1250.00,-1250.00,0.00,EUR
114,.1~115,115,H2,01,15,01/15,2024-01-15T00:00:00,3,15,11010,Accumulated depreciation - machinery and equipment,Balance Sheet,Assets,Long-Term Assets,,Credit,50000.00,-50000.00,50000.00,-50000.00,0.00,EUR
115,.1~116,116,H2,01,15,01/15,2024-01-15T00:00:00,3,15,113300,Bank Cash Account,Balance Sheet,Assets,Current Assets,,Credit,88223.10,-88223.10,88223.10,-88223.10,0.00,EUR
116,.1~117,117,H2,01,15,01/15,2024-01-15T00:00:00,3,15,113300,Bank Cash Account,Balance Sheet,Assets,Current Assets,,Debit,4672.50,4672.50,-4672.50,4672.50,0.00,EUR
117,.1~118,118,H2,01,15,01/15,2024-01-15T00:00:00,3,15,140000,Customers - Domestic Receivables,Balance Sheet,Assets,Current Assets,,Credit,4672.50,-4672.50,4672.50,-4672.50,0.00,EUR
118,.1~119,119,H2,01,15,01/15,2024-01-15T00:00:00,3,15,140000,Customers - Domestic Receivables,Balance Sheet,Assets,Current Assets,,Debit,50627.59,50627.59,-50627.59,50627.59,0.00,EUR
119,.1~120,120,H2,01,15,01/15,2024-01-15T00:00:00,3,15,211120,Depreciation-buildings,Income Statement,Operating Expenses,,,Debit,1250.00,1250.00,-1250.00,0.00,-1250.00,EUR
120,.1~121,121,H2,01,15,01/15,2024-01-15T00:00:00,3,15,211130,Depreciation - machinery and equipment,Income Statement,Operating Expenses,,,Debit,50000.00,50000.00,-50000.00,0.00,-50000.00,EUR
121,.1~122,122,H2,01,15,01/15,2024-01-15T00:00:00,3,15,300000,Raw materials,Balance Sheet,Assets,Current Assets,,Credit,19131.60,-19131.60,19131.60,-19131.60,0.00,EUR
122,.1~123,123,H2,01,15,01/15,2024-01-15T00:00:00,3,15,400000,Consumption Raw Materials,Income Statement,Inventory Change,,,Debit,19131.60,19131.60,-19131.60,0.00,-19131.60,EUR
123,.1~124,124,H2,01,15,01/15,2024-01-15T00:00:00,3,15,476900,Interest expenses,Income Statement,"Sales, General, and Administrative Expenses",Interest Expenses,,Debit,13223.10,13223.10,-13223.10,0.00,-13223.10,EUR
124,.1~125,125,H2,01,15,01/15,2024-01-15T00:00:00,3,15,500000,Direct labor costs,Income Statement,Operating Expenses,,,Debit,20000.00,20000.00,-20000.00,0.00,-20000.00,EUR
125,.1~126,126,H2,01,15,01/15,2024-01-15T00:00:00,3,15,510000,Factory Overhead Expenses,Income Statement,Operating Expenses,,,Debit,15000.00,15000.00,-15000.00,0.00,-15000.00,EUR
126,.1~127,127,H2,01,15,01/15,2024-01-15T00:00:00,3,15,520000,"Sales, General and Administrative Expenses",Income Statement,"Sales, General, and Administrative Expenses",SG&A,,Debit,40000.00,40000.00,-40000.00,0.00,-40000.00,EUR
127,.1~128,128,H2,01,15,01/15,2024-01-15T00:00:00,3,15,792000,Finished goods,Balance Sheet,Assets,Current Assets,,Credit,9347.59,-9347.59,9347.59,-9347.59,0.00,EUR
128,.1~129,129,H2,01,15,01/15,2024-01-15T00:00:00,3,15,792000,Finished goods,Balance Sheet,Assets,Current Assets,,Debit,18960.00,18960.00,-18960.00,18960.00,0.00,EUR
129,.1~130,130,H2,01,15,01/15,2024-01-15T00:00:00,3,15,800000,Sales revenues - domestic,Income Statement,Revenues,,,Credit,50627.59,-50627.59,50627.59,0.00,50627.59,EUR
130,.1~131,131,H2,01,15,01/15,2024-01-15T00:00:00,3,15,893010,Total fin.prod. sold,Income Statement,Cost of Goods Sold,,,Debit,9347.59,9347.59,-9347.59,0.00,-9347.59,EUR
131,.1~132,132,H2,01,15,01/15,2024-01-15T00:00:00,3,15,895000,Total Finished Products Produced,Income Statement,Inventory Change,,,Credit,18960.00,-18960.00,18960.00,0.00,18960.00,EUR
132,.1~133,133,H2,01,16,01/16,2024-01-16T00:00:00,4,16,113300,Bank Cash Account,Balance Sheet,Assets,Current Assets,,Debit,9968.00,9968.00,-9968.00,9968.00,0.00,EUR
133,.1~134,134,H2,01,16,01/16,2024-01-16T00:00:00,4,16,140000,Customers - Domestic Receivables,Balance Sheet,Assets,Current Assets,,Credit,9968.00,-9968.00,9968.00,-9968.00,0.00,EUR
134,.1~135,135,H2,01,16,01/16,2024-01-16T00:00:00,4,16,140000,Customers - Domestic Receivables,Balance Sheet,Assets,Current Assets,,Debit,25158.59,25158.59,-25158.59,25158.59,0.00,EUR
135,.1~136,136,H2,01,16,01/16,2024-01-16T00:00:00,4,16,300000,Raw materials,Balance Sheet,Assets,Current Assets,,Credit,12754.40,-12754.40,12754.40,-12754.40,0.00,EUR
136,.1~137,137,H2,01,16,01/16,2024-01-16T00:00:00,4,16,400000,Consumption Raw Materials,Income Statement,Inventory Change,,,Debit,12754.40,12754.40,-12754.40,0.00,-12754.40,EUR
137,.1~138,138,H2,01,16,01/16,2024-01-16T00:00:00,4,16,792000,Finished goods,Balance Sheet,Assets,Current Assets,,Credit,4498.59,-4498.59,4498.59,-4498.59,0.00,EUR
138,.1~139,139,H2,01,16,01/16,2024-01-16T00:00:00,4,16,792000,Finished goods,Balance Sheet,Assets,Current Assets,,Debit,12640.00,12640.00,-12640.00,12640.00,0.00,EUR
139,.1~140,140,H2,01,16,01/16,2024-01-16T00:00:00,4,16,800000,Sales revenues - domestic,Income Statement,Revenues,,,Credit,25158.59,-25158.59,25158.59,0.00,25158.59,EUR
140,.1~141,141,H2,01,16,01/16,2024-01-16T00:00:00,4,16,893010,Total fin.prod. sold,Income Statement,Cost of Goods Sold,,,Debit,4498.59,4498.59,-4498.59,0.00,-4498.59,EUR
141,.1~142,142,H2,01,16,01/16,2024-01-16T00:00:00,4,16,895000,Total Finished Products Produced,Income Statement,Inventory Change,,,Credit,12640.00,-12640.00,12640.00,0.00,12640.00,EUR
142,.1~143,143,H2,01,17,01/17,2024-01-17T00:00:00,4,17,113300,Bank Cash Account,Balance Sheet,Assets,Current Assets,,Debit,5197.90,5197.90,-5197.90,5197.90,0.00,EUR
143,.1~144,144,H2,01,17,01/17,2024-01-17T00:00:00,4,17,140000,Customers - Domestic Receivables,Balance Sheet,Assets,Current Assets,,Credit,5197.90,-5197.90,5197.90,-5197.90,0.00,EUR
144,.1~145,145,H2,01,17,01/17,2024-01-17T00:00:00,4,17,140000,Customers - Domestic Receivables,Balance Sheet,Assets,Current Assets,,Debit,74530.32,74530.32,-74530.32,74530.32,0.00,EUR
145,.1~146,146,H2,01,17,01/17,2024-01-17T00:00:00,4,17,300000,Raw materials,Balance Sheet,Assets,Current Assets,,Credit,27168.00,-27168.00,27168.00,-27168.00,0.00,EUR
146,.1~147,147,H2,01,17,01/17,2024-01-17T00:00:00,4,17,400000,Consumption Raw Materials,Income Statement,Inventory Change,,,Debit,27168.00,27168.00,-27168.00,0.00,-27168.00,EUR
147,.1~148,148,H2,01,17,01/17,2024-01-17T00:00:00,4,17,792000,Finished goods,Balance Sheet,Assets,Current Assets,,Credit,13375.32,-13375.32,13375.32,-13375.32,0.00,EUR
148,.1~149,149,H2,01,17,01/17,2024-01-17T00:00:00,4,17,792000,Finished goods,Balance Sheet,Assets,Current Assets,,Debit,27120.00,27120.00,-27120.00,27120.00,0.00,EUR
149,.1~150,150,H2,01,17,01/17,2024-01-17T00:00:00,4,17,800000,Sales revenues - domestic,Income Statement,Revenues,,,Credit,74530.32,-74530.32,74530.32,0.00,74530.32,EUR
150,.1~151,151,H2,01,17,01/17,2024-01-17T00:00:00,4,17,893010,Total fin.prod. sold,Income Statement,Cost of Goods Sold,,,Debit,13375.32,13375.32,-13375.32,0.00,-13375.32,EUR
151,.1~152,152,H2,01,17,01/17,2024-01-17T00:00:00,4,17,895000,Total Finished Products Produced,Income Statement,Inventory Change,,,Credit,27120.00,-27120.00,27120.00,0.00,27120.00,EUR
152,.1~153,153,H2,01,18,01/18,2024-01-18T00:00:00,4,18,113300,Bank Cash Account,Balance Sheet,Assets,Current Assets,,Debit,10431.20,10431.20,-10431.20,10431.20,0.00,EUR
153,.1~154,154,H2,01,18,01/18,2024-01-18T00:00:00,4,18,140000,Customers - Domestic Receivables,Balance Sheet,Assets,Current Assets,,Credit,10431.20,-10431.20,10431.20,-10431.20,0.00,EUR
154,.1~155,155,H2,01,18,01/18,2024-01-18T00:00:00,4,18,140000,Customers - Domestic Receivables,Balance Sheet,Assets,Current Assets,,Debit,36109.05,36109.05,-36109.05,36109.05,0.00,EUR
155,.1~156,156,H2,01,18,01/18,2024-01-18T00:00:00,4,18,300000,Raw materials,Balance Sheet,Assets,Current Assets,,Credit,27168.00,-27168.00,27168.00,-27168.00,0.00,EUR
156,.1~157,157,H2,01,18,01/18,2024-01-18T00:00:00,4,18,400000,Consumption Raw Materials,Income Statement,Inventory Change,,,Debit,27168.00,27168.00,-27168.00,0.00,-27168.00,EUR
157,.1~158,158,H2,01,18,01/18,2024-01-18T00:00:00,4,18,792000,Finished goods,Balance Sheet,Assets,Current Assets,,Credit,6404.05,-6404.05,6404.05,-6404.05,0.00,EUR
158,.1~159,159,H2,01,18,01/18,2024-01-18T00:00:00,4,18,792000,Finished goods,Balance Sheet,Assets,Current Assets,,Debit,27120.00,27120.00,-27120.00,27120.00,0.00,EUR
159,.1~160,160,H2,01,18,01/18,2024-01-18T00:00:00,4,18,800000,Sales revenues - domestic,Income Statement,Revenues,,,Credit,36109.05,-36109.05,36109.05,0.00,36109.05,EUR
160,.1~161,161,H2,01,18,01/18,2024-01-18T00:00:00,4,18,893010,Total fin.prod. sold,Income Statement,Cost of Goods Sold,,,Debit,6404.05,6404.05,-6404.05,0.00,-6404.05,EUR
161,.1~162,162,H2,01,18,01/18,2024-01-18T00:00:00,4,18,895000,Total Finished Products Produced,Income Statement,Inventory Change,,,Credit,27120.00,-27120.00,27120.00,0.00,27120.00,EUR
162,.1~163,163,H2,01,19,01/19,2024-01-19T00:00:00,4,19,140000,Customers - Domestic Receivables,Balance Sheet,Assets,Current Assets,,Debit,75156.46,75156.46,-75156.46,75156.46,0.00,EUR
163,.1~164,164,H2,01,19,01/19,2024-01-19T00:00:00,4,19,300000,Raw materials,Balance Sheet,Assets,Current Assets,,Credit,18112.00,-18112.00,18112.00,-18112.00,0.00,EUR
164,.1~165,165,H2,01,19,01/19,2024-01-19T00:00:00,4,19,400000,Consumption Raw Materials,Income Statement,Inventory Change,,,Debit,18112.00,18112.00,-18112.00,0.00,-18112.00,EUR
165,.1~166,166,H2,01,19,01/19,2024-01-19T00:00:00,4,19,792000,Finished goods,Balance Sheet,Assets,Current Assets,,Credit,13566.46,-13566.46,13566.46,-13566.46,0.00,EUR
166,.1~167,167,H2,01,19,01/19,2024-01-19T00:00:00,4,19,792000,Finished goods,Balance Sheet,Assets,Current Assets,,Debit,18080.00,18080.00,-18080.00,18080.00,0.00,EUR
167,.1~168,168,H2,01,19,01/19,2024-01-19T00:00:00,4,19,800000,Sales revenues - domestic,Income Statement,Revenues,,,Credit,75156.46,-75156.46,75156.46,0.00,75156.46,EUR
168,.1~169,169,H2,01,19,01/19,2024-01-19T00:00:00,4,19,893010,Total fin.prod. sold,Income Statement,Cost of Goods Sold,,,Debit,13566.46,13566.46,-13566.46,0.00,-13566.46,EUR
169,.1~170,170,H2,01,19,01/19,2024-01-19T00:00:00,4,19,895000,Total Finished Products Produced,Income Statement,Inventory Change,,,Credit,18080.00,-18080.00,18080.00,0.00,18080.00,EUR
170,.1~171,171,H2,01,20,01/20,2024-01-20T00:00:00,4,20,2010,Accumulated Depreciation - Buildings,Balance Sheet,Assets,Long-Term Assets,,Credit,1250.00,-1250.00,1250.00,-1250.00,0.00,EUR
171,.1~172,172,H2,01,20,01/20,2024-01-20T00:00:00,4,20,11010,Accumulated depreciation - machinery and equipment,Balance Sheet,Assets,Long-Term Assets,,Credit,50000.00,-50000.00,50000.00,-50000.00,0.00,EUR
172,.1~173,173,H2,01,20,01/20,2024-01-20T00:00:00,4,20,113300,Bank Cash Account,Balance Sheet,Assets,Current Assets,,Credit,88145.91,-88145.91,88145.91,-88145.91,0.00,EUR
173,.1~174,174,H2,01,20,01/20,2024-01-20T00:00:00,4,20,113300,Bank Cash Account,Balance Sheet,Assets,Current Assets,,Debit,24821.81,24821.81,-24821.81,24821.81,0.00,EUR
174,.1~175,175,H2,01,20,01/20,2024-01-20T00:00:00,4,20,140000,Customers - Domestic Receivables,Balance Sheet,Assets,Current Assets,,Credit,24821.81,-24821.81,24821.81,-24821.81,0.00,EUR
175,.1~176,176,H2,01,20,01/20,2024-01-20T00:00:00,4,20,140000,Customers - Domestic Receivables,Balance Sheet,Assets,Current Assets,,Debit,57975.05,57975.05,-57975.05,57975.05,0.00,EUR
176,.1~177,177,H2,01,20,01/20,2024-01-20T00:00:00,4,20,211120,Depreciation-buildings,Income Statement,Operating Expenses,,,Debit,1250.00,1250.00,-1250.00,0.00,-1250.00,EUR
177,.1~178,178,H2,01,20,01/20,2024-01-20T00:00:00,4,20,211130,Depreciation - machinery and equipment,Income Statement,Operating Expenses,,,Debit,50000.00,50000.00,-50000.00,0.00,-50000.00,EUR
178,.1~179,179,H2,01,20,01/20,2024-01-20T00:00:00,4,20,476900,Interest expenses,Income Statement,"Sales, General, and Administrative Expenses",Interest Expenses,,Debit,13145.91,13145.91,-13145.91,0.00,-13145.91,EUR
179,.1~180,180,H2,01,20,01/20,2024-01-20T00:00:00,4,20,500000,Direct labor costs,Income Statement,Operating Expenses,,,Debit,20000.00,20000.00,-20000.00,0.00,-20000.00,EUR
180,.1~181,181,H2,01,20,01/20,2024-01-20T00:00:00,4,20,510000,Factory Overhead Expenses,Income Statement,Operating Expenses,,,Debit,15000.00,15000.00,-15000.00,0.00,-15000.00,EUR
181,.1~182,182,H2,01,20,01/20,2024-01-20T00:00:00,4,20,520000,"Sales, General and Administrative Expenses",Income Statement,"Sales, General, and Administrative Expenses",SG&A,,Debit,40000.00,40000.00,-40000.00,0.00,-40000.00,EUR
182,.1~183,183,H2,01,20,01/20,2024-01-20T00:00:00,4,20,792000,Finished goods,Balance Sheet,Assets,Current Assets,,Credit,11070.05,-11070.05,11070.05,-11070.05,0.00,EUR
183,.1~184,184,H2,01,20,01/20,2024-01-20T00:00:00,4,20,800000,Sales revenues - domestic,Income Statement,Revenues,,,Credit,57975.05,-57975.05,57975.05,0.00,57975.05,EUR
184,.1~185,185,H2,01,20,01/20,2024-01-20T00:00:00,4,20,893010,Total fin.prod. sold,Income Statement,Cost of Goods Sold,,,Debit,11070.05,11070.05,-11070.05,0.00,-11070.05,EUR
