,ID,ROW_ID,PLANT,SIM_ROUND,SIM_STEP,SIM_DATE,SIM_CALENDAR_DATE,SIM_PERIOD,SIM_ELAPSED_STEPS,EVENT_TYPE,DOCUMENT_TYPE,MOVEMENT_TYPE,STORAGE_LOCATION,MATERIAL_NUMBER,MATERIAL_DESCRIPTION,MATERIAL_TYPE,MATERIAL_CODE,MATERIAL_SIZE,MATERIAL_LABEL,MATERIAL_DOCUMENT,DEBIT_CREDIT_INDICATOR,UNIT,QUANTITY_ABS,QUANTITY
0,.1~1,1,H2,01,04,01/04,2024-01-04T00:00:00,1,4,Goods Receipt for Purchase Order,Goods Receipt,GR goods receipt,88,HH-P03,Small Box (500g),Raw materials,P03,500g,Small Box,5000000259,Debit,ST,320000,320000
1,.1~2,2,H2,01,04,01/04,2024-01-04T00:00:00,1,4,Goods Receipt for Purchase Order,Goods Receipt,GR goods receipt,88,HH-P04,Small Bag (500g),Raw materials,P04,500g,Small Bag,5000000259,Debit,ST,320000,320000
2,.1~3,3,H2,01,04,01/04,2024-01-04T00:00:00,1,4,Goods Receipt for Purchase Order,Goods Receipt,GR goods receipt,88,HH-R01,Nuts,Raw materials,R01,,Nuts,5000000258,Debit,KG,14720.000,14720.000
3,.1~4,4,H2,01,04,01/04,2024-01-04T00:00:00,1,4,Goods Receipt for Purchase Order,Goods Receipt,GR goods receipt,88,HH-R02,Blueberries,Raw materials,R02,,Blueberries,5000000258,Debit,KG,14720.000,14720.000
4,.1~5,5,H2,01,04,01/04,2024-01-04T00:00:00,1,4,Goods Receipt for Purchase Order,Goods Receipt,GR goods receipt,88,HH-R03,Strawberries,Raw materials,R03,,Strawberries,5000000258,Debit,KG,14720.000,14720.000
5,.1~6,6,H2,01,04,01/04,2024-01-04T00:00:00,1,4,Goods Receipt for Purchase Order,Goods Receipt,GR goods receipt,88,HH-R04,Raisins,Raw materials,R04,,Raisins,5000000258,Debit,KG,14720.000,14720.000
6,.1~7,7,H2,01,04,01/04,2024-01-04T00:00:00,1,4,Goods Receipt for Purchase Order,Goods Receipt,GR goods receipt,88,HH-R05,Wheat,Raw materials,R05,,Wheat,5000000258,Debit,KG,46720.000,46720.000
7,.1~8,8,H2,01,04,01/04,2024-01-04T00:00:00,1,4,Goods Receipt for Purchase Order,Goods Receipt,GR goods receipt,88,HH-R06,Oats,Raw materials,R06,,Oats,5000000258,Debit,KG,54400.000,54400.000
8,.1~9,9,H2,01,05,01/05,2024-01-05T00:00:00,1,5,Goods Movement for Completion Confirm.,Goods Issue,GR for order,02,HH-F01,500g Nut Muesli,Finished Product,F01,500g,Nut Muesli,4900017881,Debit,ST,16000,16000
9,.1~10,10,H2,01,05,01/05,2024-01-05T00:00:00,1,5,Goods Movement for Completion Confirm.,Goods Issue,GR for order,02,HH-F01,500g Nut Muesli,Finished Product,F01,500g,Nut Muesli,4900017883,Debit,ST,8000,8000
10,.1~11,11,H2,01,05,01/05,2024-01-05T00:00:00,1,5,Goods Movement for Completion Confirm.,Goods Issue,GI for order,88,HH-P03,Small Box (500g),Raw materials,P03,500g,Small Box,4900017882,Credit,ST,16000,-16000
11,.1~12,12,H2,01,05,01/05,2024-01-05T00:00:00,1,5,Goods Movement for Completion Confirm.,Goods Issue,GI for order,88,HH-P03,Small Box (500g),Raw materials,P03,500g,Small Box,4900017884,Credit,ST,8000,-8000
12,.1~13,13,H2,01,05,01/05,2024-01-05T00:00:00,1,5,Goods Movement for Completion Confirm.,Goods Issue,GI for order,88,HH-P04,Small Bag (500g),Raw materials,P04,500g,Small Bag,4900017882,Credit,ST,16000,-16000
13,.1~14,14,H2,01,05,01/05,2024-01-05T00:00:00,1,5,Goods Movement for Completion Confirm.,Goods Issue,GI for order,88,HH-P04,Small Bag (500g),Raw materials,P04,500g,Small Bag,4900017884,Credit,ST,8000,-8000
14,.1~15,15,H2,01,05,01/05,2024-01-05T00:00:00,1,5,Goods Movement for Completion Confirm.,Goods Issue,GI for order,88,HH-R01,Nuts,Raw materials,R01,,Nuts,4900017882,Credit,KG,2880.000,-2880.000
15,.1~16,16,H2,01,05,01/05,2024-01-05T00:00:00,1,5,Goods Movement for Completion Confirm.,Goods Issue,GI for order,88,HH-R01,Nuts,Raw materials,R01,,Nuts,4900017884,Credit,KG,1440.000,-1440.000
16,.1~17,17,H2,01,05,01/05,2024-01-05T00:00:00,1,5,Goods Movement for Completion Confirm.,Goods Issue,GI for order,88,HH-R05,Wheat,Raw materials,R05,,Wheat,4900017884,Credit,KG,1160.000,-1160.000
17,.1~18,18,H2,01,05,01/05,2024-01-05T00:00:00,1,5,Goods Movement for Completion Confirm.,Goods Issue,GI for order,88,HH-R05,Wheat,Raw materials,R05,,Wheat,4900017882,Credit,KG,2320.000,-2320.000
18,.1~19,19,H2,01,05,01/05,2024-01-05T00:00:00,1,5,Goods Movement for Completion Confirm.,Goods Issue,GI for order,88,HH-R06,Oats,Raw materials,R06,,Oats,4900017884,Credit,KG,1400.000,-1400.000
19,.1~20,20,H2,01,05,01/05,2024-01-05T00:00:00,1,5,Goods Movement for Completion Confirm.,Goods Issue,GI for order,88,HH-R06,Oats,Raw materials,R06,,Oats,4900017882,Credit,KG,2800.000,-2800.000
20,.1~21,21,H2,01,06,01/06,2024-01-06T00:00:00,2,6,Goods Movement for Completion Confirm.,Goods Issue,GR for order,02,HH-F01,500g Nut Muesli,Finished Product,F01,500g,Nut Muesli,4900017890,Debit,ST,24000,24000
21,.1~22,22,H2,01,06,01/06,2024-01-06T00:00:00,2,6,Goods Movement for Completion Confirm.,Goods Issue,GI for order,88,HH-P03,Small Box (500g),Raw materials,P03,500g,Small Box,4900017892,Credit,ST,24000,-24000
22,.1~23,23,H2,01,06,01/06,2024-01-06T00:00:00,2,6,Goods Movement for Completion Confirm.,Goods Issue,GI for order,88,HH-P04,Small Bag (500g),Raw materials,P04,500g,Small Bag,4900017892,Credit,ST,24000,-24000
23,.1~24,24,H2,01,06,01/06,2024-01-06T00:00:00,2,6,Goods Movement for Completion Confirm.,Goods Issue,GI for order,88,HH-R01,Nuts,Raw materials,R01,,Nuts,4900017892,Credit,KG,4320.000,-4320.000
24,.1~25,25,H2,01,06,01/06,2024-01-06T00:00:00,2,6,Goods Movement for Completion Confirm.,Goods Issue,GI for order,88,HH-R05,Wheat,Raw materials,R05,,Wheat,4900017892,Credit,KG,3480.000,-3480.000
25,.1~26,26,H2,01,06,01/06,2024-01-06T00:00:00,2,6,Goods Movement for Completion Confirm.,Goods Issue,GI for order,88,HH-R06,Oats,Raw materials,R06,,Oats,4900017892,Credit,KG,4200.000,-4200.000
26,.1~27,27,H2,01,06,01/06,2024-01-06T00:00:00,2,6,Goods Issue for Delivery,Goods Issue/Delivery,GD goods issue:delvy,02,HH-F01,500g Nut Muesli,Finished Product,F01,500g,Nut Muesli,4900017888,Credit,ST,3214,-3214
27,.1~28,28,H2,01,06,01/06,2024-01-06T00:00:00,2,6,Goods Issue for Delivery,Goods Issue/Delivery,GD goods issue:delvy,02,HH-F01,500g Nut Muesli,Finished Product,F01,500g,Nut Muesli,4900017893,Credit,ST,1054,-1054
28,.1~29,29,H2,01,06,01/06,2024-01-06T00:00:00,2,6,Goods Issue for Delivery,Goods Issue/Delivery,GD goods issue:delvy,02,HH-F01,500g Nut Muesli,Finished Product,F01,500g,Nut Muesli,4900017900,Credit,ST,881,-881
29,.1~30,30,H2,01,06,01/06,2024-01-06T00:00:00,2,6,Goods Issue for Delivery,Goods Issue/Delivery,GD goods issue:delvy,02,HH-F01,500g Nut Muesli,Finished Product,F01,500g,Nut Muesli,4900017902,Credit,ST,821,-821
30,.1~31,31,H2,01,07,01/07,2024-01-07T00:00:00,2,7,Goods Movement for Completion Confirm.,Goods Issue,GR for order,02,HH-F01,500g Nut Muesli,Finished Product,F01,500g,Nut Muesli,4900017909,Debit,ST,16000,16000
31,.1~32,32,H2,01,07,01/07,2024-01-07T00:00:00,2,7,Goods Movement for Completion Confirm.,Goods Issue,GI for order,88,HH-P03,Small Box (500g),Raw materials,P03,500g,Small Box,4900017911,Credit,ST,16000,-16000
32,.1~33,33,H2,01,07,01/07,2024-01-07T00:00:00,2,7,Goods Movement for Completion Confirm.,Goods Issue,GI for order,88,HH-P04,Small Bag (500g),Raw materials,P04,500g,Small Bag,4900017911,Credit,ST,16000,-16000
33,.1~34,34,H2,01,07,01/07,2024-01-07T00:00:00,2,7,Goods Movement for Completion Confirm.,Goods Issue,GI for order,88,HH-R01,Nuts,Raw materials,R01,,Nuts,4900017911,Credit,KG,2880.000,-2880.000
34,.1~35,35,H2,01,07,01/07,2024-01-07T00:00:00,2,7,Goods Movement for Completion Confirm.,Goods Issue,GI for order,88,HH-R05,Wheat,Raw materials,R05,,Wheat,4900017911,Credit,KG,2320.000,-2320.000
35,.1~36,36,H2,01,07,01/07,2024-01-07T00:00:00,2,7,Goods Movement for Completion Confirm.,Goods Issue,GI for order,88,HH-R06,Oats,Raw materials,R06,,Oats,4900017911,Credit,KG,2800.000,-2800.000
36,.1~37,37,H2,01,07,01/07,2024-01-07T00:00:00,2,7,Goods Issue for Delivery,Goods Issue/Delivery,GD goods issue:delvy,02,HH-F01,500g Nut Muesli,Finished Product,F01,500g,Nut Muesli,4900017924,Credit,ST,798,-798
37,.1~38,38,H2,01,07,01/07,2024-01-07T00:00:00,2,7,Goods Issue for Delivery,Goods Issue/Delivery,GD goods issue:delvy,02,HH-F01,500g Nut Muesli,Finished Product,F01,500g,Nut Muesli,4900017920,Credit,ST,816,-816
38,.1~39,39,H2,01,07,01/07,2024-01-07T00:00:00,2,7,Goods Issue for Delivery,Goods Issue/Delivery,GD goods issue:delvy,02,HH-F01,500g Nut Muesli,Finished Product,F01,500g,Nut Muesli,4900017915,Credit,ST,1204,-1204
39,.1~40,40,H2,01,07,01/07,2024-01-07T00:00:00,2,7,Goods Issue for Delivery,Goods Issue/Delivery,GD goods issue:delvy,02,HH-F01,500g Nut Muesli,Finished Product,F01,500g,Nut Muesli,4900017919,Credit,ST,2070,-2070
40,.1~41,41,H2,01,08,01/08,2024-01-08T00:00:00,2,8,Goods Movement for Completion Confirm.,Goods Issue,GR for order,02,HH-F02,500g Blueberry Muesli,Finished Product,F02,500g,Blueberry Muesli,4900017929,Debit,ST,24000,24000
41,.1~42,42,H2,01,08,01/08,2024-01-08T00:00:00,2,8,Goods Movement for Completion Confirm.,Goods Issue,GI for order,88,HH-P03,Small Box (500g),Raw materials,P03,500g,Small Box,4900017932,Credit,ST,24000,-24000
42,.1~43,43,H2,01,08,01/08,2024-01-08T00:00:00,2,8,Goods Movement for Completion Confirm.,Goods Issue,GI for order,88,HH-P04,Small Bag (500g),Raw materials,P04,500g,Small Bag,4900017932,Credit,ST,24000,-24000
43,.1~44,44,H2,01,08,01/08,2024-01-08T00:00:00,2,8,Goods Movement for Completion Confirm.,Goods Issue,GI for order,88,HH-R02,Blueberries,Raw materials,R02,,Blueberries,4900017932,Credit,KG,4320.000,-4320.000
44,.1~45,45,H2,01,08,01/08,2024-01-08T00:00:00,2,8,Goods Movement for Completion Confirm.,Goods Issue,GI for order,88,HH-R05,Wheat,Raw materials,R05,,Wheat,4900017932,Credit,KG,3480.000,-3480.000
45,.1~46,46,H2,01,08,01/08,2024-01-08T00:00:00,2,8,Goods Movement for Completion Confirm.,Goods Issue,GI for order,88,HH-R06,Oats,Raw materials,R06,,Oats,4900017932,Credit,KG,4200.000,-4200.000
46,.1~47,47,H2,01,08,01/08,2024-01-08T00:00:00,2,8,Goods Issue for Delivery,Goods Issue/Delivery,GD goods issue:delvy,02,HH-F01,500g Nut Muesli,Finished Product,F01,500g,Nut Muesli,4900017928,Credit,ST,952,-952
47,.1~48,48,H2,01,08,01/08,2024-01-08T00:00:00,2,8,Goods Issue for Delivery,Goods Issue/Delivery,GD goods issue:delvy,02,HH-F01,500g Nut Muesli,Finished Product,F01,500g,Nut Muesli,4900017934,Credit,ST,939,-939
48,.1~49,49,H2,01,08,01/08,2024-01-08T00:00:00,2,8,Goods Issue for Delivery,Goods Issue/Delivery,GD goods issue:delvy,02,HH-F01,500g Nut Muesli,Finished Product,F01,500g,Nut Muesli,4900017939,Credit,ST,723,-723
49,.1~50,50,H2,01,09,01/09,2024-01-09T00:00:00,2,9,Goods Movement for Completion Confirm.,Goods Issue,GR for order,02,HH-F02,500g Blueberry Muesli,Finished Product,F02,500g,Blueberry Muesli,4900017949,Debit,ST,24000,24000
50,.1~51,51,H2,01,09,01/09,2024-01-09T00:00:00,2,9,Goods Movement for Completion Confirm.,Goods Issue,GI for order,88,HH-P03,Small Box (500g),Raw materials,P03,500g,Small Box,4900017952,Credit,ST,24000,-24000
51,.1~52,52,H2,01,09,01/09,2024-01-09T00:00:00,2,9,Goods Movement for Completion Confirm.,Goods Issue,GI for order,88,HH-P04,Small Bag (500g),Raw materials,P04,500g,Small Bag,4900017952,Credit,ST,24000,-24000
52,.1~53,53,H2,01,09,01/09,2024-01-09T00:00:00,2,9,Goods Movement for Completion Confirm.,Goods Issue,GI for order,88,HH-R02,Blueberries,Raw materials,R02,,Blueberries,4900017952,Credit,KG,4320.000,-4320.000
53,.1~54,54,H2,01,09,01/09,2024-01-09T00:00:00,2,9,Goods Movement for Completion Confirm.,Goods Issue,GI for order,88,HH-R05,Wheat,Raw materials,R05,,Wheat,4900017952,Credit,KG,3480.000,-3480.000
54,.1~55,55,H2,01,09,01/09,2024-01-09T00:00:00,2,9,Goods Movement for Completion Confirm.,Goods Issue,GI for order,88,HH-R06,Oats,Raw materials,R06,,Oats,4900017952,Credit,KG,4200.000,-4200.000
55,.1~56,56,H2,01,09,01/09,2024-01-09T00:00:00,2,9,Goods Issue for Delivery,Goods Issue/Delivery,GD goods issue:delvy,02,HH-F01,500g Nut Muesli,Finished Product,F01,500g,Nut Muesli,4900017967,Credit,ST,872,-872
56,.1~57,57,H2,01,09,01/09,2024-01-09T00:00:00,2,9,Goods Issue for Delivery,Goods Issue/Delivery,GD goods issue:delvy,02,HH-F01,500g Nut Muesli,Finished Product,F01,500g,Nut Muesli,4900017962,Credit,ST,883,-883
57,.1~58,58,H2,01,09,01/09,2024-01-09T00:00:00,2,9,Goods Issue for Delivery,Goods Issue/Delivery,GD goods issue:delvy,02,HH-F01,500g Nut Muesli,Finished Product,F01,500g,Nut Muesli,4900017960,Credit,ST,1165,-1165
58,.1~59,59,H2,01,09,01/09,2024-01-09T00:00:00,2,9,Goods Issue for Delivery,Goods Issue/Delivery,GD goods issue:delvy,02,HH-F02,500g Blueberry Muesli,Finished Product,F02,500g,Blueberry Muesli,4900017956,Credit,ST,2042,-2042
59,.1~60,60,H2,01,10,01/10,2024-01-10T00:00:00,2,10,Goods Movement for Completion Confirm.,Goods Issue,GR for order,02,HH-F02,500g Blueberry Muesli,Finished Product,F02,500g,Blueberry Muesli,4900017977,Debit,ST,16000,16000
60,.1~61,61,H2,01,10,01/10,2024-01-10T00:00:00,2,10,Goods Movement for Completion Confirm.,Goods Issue,GI for order,88,HH-P03,Small Box (500g),Raw materials,P03,500g,Small Box,4900017979,Credit,ST,16000,-16000
61,.1~62,62,H2,01,10,01/10,2024-01-10T00:00:00,2,10,Goods Movement for Completion Confirm.,Goods Issue,GI for order,88,HH-P04,Small Bag (500g),Raw materials,P04,500g,Small Bag,4900017979,Credit,ST,16000,-16000
62,.1~63,63,H2,01,10,01/10,2024-01-10T00:00:00,2,10,Goods Movement for Completion Confirm.,Goods Issue,GI for order,88,HH-R02,Blueberries,Raw materials,R02,,Blueberries,4900017979,Credit,KG,2880.000,-2880.000
63,.1~64,64,H2,01,10,01/10,2024-01-10T00:00:00,2,10,Goods Movement for Completion Confirm.,Goods Issue,GI for order,88,HH-R05,Wheat,Raw materials,R05,,Wheat,4900017979,Credit,KG,2320.000,-2320.000
64,.1~65,65,H2,01,10,01/10,2024-01-10T00:00:00,2,10,Goods Movement for Completion Confirm.,Goods Issue,GI for order,88,HH-R06,Oats,Raw materials,R06,,Oats,4900017979,Credit,KG,2800.000,-2800.000
65,.1~66,66,H2,01,10,01/10,2024-01-10T00:00:00,2,10,Goods Issue for Delivery,Goods Issue/Delivery,GD goods issue:delvy,02,HH-F01,500g Nut Muesli,Finished Product,F01,500g,Nut Muesli,4900017995,Credit,ST,774,-774
66,.1~67,67,H2,01,10,01/10,2024-01-10T00:00:00,2,10,Goods Issue for Delivery,Goods Issue/Delivery,GD goods issue:delvy,02,HH-F02,500g Blueberry Muesli,Finished Product,F02,500g,Blueberry Muesli,4900017984,Credit,ST,1002,-1002
67,.1~68,68,H2,01,10,01/10,2024-01-10T00:00:00,2,10,Goods Issue for Delivery,Goods Issue/Delivery,GD goods issue:delvy,02,HH-F02,500g Blueberry Muesli,Finished Product,F02,500g,Blueberry Muesli,4900017998,Credit,ST,785,-785
68,.1~69,69,H2,01,10,01/10,2024-01-10T00:00:00,2,10,Goods Issue for Delivery,Goods Issue/Delivery,GD goods issue:delvy,02,HH-F02,500g Blueberry Muesli,Finished Product,F02,500g,Blueberry Muesli,4900018000,Credit,ST,737,-737
69,.1~70,70,H2,01,10,01/10,2024-01-10T00:00:00,2,10,Goods Issue for Delivery,Goods Issue/Delivery,GD goods issue:delvy,02,HH-F02,500g Blueberry Muesli,Finished Product,F02,500g,Blueberry Muesli,4900017986,Credit,ST,2092,-2092
70,.1~71,71,H2,01,10,01/10,2024-01-10T00:00:00,2,10,Goods Issue for Delivery,Goods Issue/Delivery,GD goods issue:delvy,02,HH-F02,500g Blueberry Muesli,Finished Product,F02,500g,Blueberry Muesli,4900017996,Credit,ST,805,-805
71,.1~72,72,H2,01,10,01/10,2024-01-10T00:00:00,2,10,Goods Issue for Delivery,Goods Issue/Delivery,GD goods issue:delvy,02,HH-F02,500g Blueberry Muesli,Finished Product,F02,500g,Blueberry Muesli,4900017992,Credit,ST,750,-750
72,.1~73,73,H2,01,10,01/10,2024-01-10T00:00:00,2,10,Goods Issue for Delivery,Goods Issue/Delivery,GD goods issue:delvy,02,HH-F02,500g Blueberry Muesli,Finished Product,F02,500g,Blueberry Muesli,4900017990,Credit,ST,778,-778
73,.1~74,74,H2,01,11,01/11,2024-01-11T00:00:00,3,11,Goods Movement for Completion Confirm.,Goods Issue,GR for order,02,HH-F03,500g Strawberry Muesli,Finished Product,F03,500g,Strawberry Muesli,4900018005,Debit,ST,24000,24000
74,.1~75,75,H2,01,11,01/11,2024-01-11T00:00:00,3,11,Goods Movement for Completion Confirm.,Goods Issue,GI for order,88,HH-P03,Small Box (500g),Raw materials,P03,500g,Small Box,4900018009,Credit,ST,24000,-24000
75,.1~76,76,H2,01,11,01/11,2024-01-11T00:00:00,3,11,Goods Movement for Completion Confirm.,Goods Issue,GI for order,88,HH-P04,Small Bag (500g),Raw materials,P04,500g,Small Bag,4900018009,Credit,ST,24000,-24000
76,.1~77,77,H2,01,11,01/11,2024-01-11T00:00:00,3,11,Goods Movement for Completion Confirm.,Goods Issue,GI for order,88,HH-R03,Strawberries,Raw materials,R03,,Strawberries,4900018009,Credit,KG,4320.000,-4320.000
77,.1~78,78,H2,01,11,01/11,2024-01-11T00:00:00,3,11,Goods Movement for Completion Confirm.,Goods Issue,GI for order,88,HH-R05,Wheat,Raw materials,R05,,Wheat,4900018009,Credit,KG,3480.000,-3480.000
78,.1~79,79,H2,01,11,01/11,2024-01-11T00:00:00,3,11,Goods Movement for Completion Confirm.,Goods Issue,GI for order,88,HH-R06,Oats,Raw materials,R06,,Oats,4900018009,Credit,KG,4200.000,-4200.000
79,.1~80,80,H2,01,11,01/11,2024-01-11T00:00:00,3,11,Goods Issue for Delivery,Goods Issue/Delivery,GD goods issue:delvy,02,HH-F01,500g Nut Muesli,Finished Product,F01,500g,Nut Muesli,4900018013,Credit,ST,1186,-1186
80,.1~81,81,H2,01,11,01/11,2024-01-11T00:00:00,3,11,Goods Issue for Delivery,Goods Issue/Delivery,GD goods issue:delvy,02,HH-F01,500g Nut Muesli,Finished Product,F01,500g,Nut Muesli,4900018021,Credit,ST,801,-801
81,.1~82,82,H2,01,11,01/11,2024-01-11T00:00:00,3,11,Goods Issue for Delivery,Goods Issue/Delivery,GD goods issue:delvy,02,HH-F01,500g Nut Muesli,Finished Product,F01,500g,Nut Muesli,4900018025,Credit,ST,760,-760
82,.1~83,83,H2,01,11,01/11,2024-01-11T00:00:00,3,11,Goods Issue for Delivery,Goods Issue/Delivery,GD goods issue:delvy,02,HH-F01,500g Nut Muesli,Finished Product,F01,500g,Nut Muesli,4900018016,Credit,ST,941,-941
83,.1~84,84,H2,01,11,01/11,2024-01-11T00:00:00,3,11,Goods Issue for Delivery,Goods Issue/Delivery,GD goods issue:delvy,02,HH-F02,500g Blueberry Muesli,Finished Product,F02,500g,Blueberry Muesli,4900018031,Credit,ST,705,-705
84,.1~85,85,H2,01,11,01/11,2024-01-11T00:00:00,3,11,Goods Issue for Delivery,Goods Issue/Delivery,GD goods issue:delvy,02,HH-F02,500g Blueberry Muesli,Finished Product,F02,500g,Blueberry Muesli,4900018016,Credit,ST,1086,-1086
85,.1~86,86,H2,01,11,01/11,2024-01-11T00:00:00,3,11,Goods Issue for Delivery,Goods Issue/Delivery,GD goods issue:delvy,02,HH-F02,500g Blueberry Muesli,Finished Product,F02,500g,Blueberry Muesli,4900018011,Credit,ST,1943,-1943
86,.1~87,87,H2,01,11,01/11,2024-01-11T00:00:00,3,11,Goods Issue for Delivery,Goods Issue/Delivery,GD goods issue:delvy,02,HH-F02,500g Blueberry Muesli,Finished Product,F02,500g,Blueberry Muesli,4900018030,Credit,ST,827,-827
87,.1~88,88,H2,01,11,01/11,2024-01-11T00:00:00,3,11,Goods Issue for Delivery,Goods Issue/Delivery,GD goods issue:delvy,02,HH-F02,500g Blueberry Muesli,Finished Product,F02,500g,Blueberry Muesli,4900018023,Credit,ST,811,-811
88,.1~89,89,H2,01,11,01/11,2024-01-11T00:00:00,3,11,Goods Issue for Delivery,Goods Issue/Delivery,GD goods issue:delvy,02,HH-F02,500g Blueberry Muesli,Finished Product,F02,500g,Blueberry Muesli,4900018024,Credit,ST,658,-658
89,.1~90,90,H2,01,11,01/11,2024-01-11T00:00:00,3,11,Goods Issue for Delivery,Goods Issue/Delivery,GD goods issue:delvy,02,HH-F02,500g Blueberry Muesli,Finished Product,F02,500g,Blueberry Muesli,4900018029,Credit,ST,845,-845
90,.1~91,91,H2,01,11,01/11,2024-01-11T00:00:00,3,11,Goods Issue for Delivery,Goods Issue/Delivery,GD goods issue:delvy,02,HH-F02,500g Blueberry Muesli,Finished Product,F02,500g,Blueberry Muesli,4900018026,Credit,ST,767,-767
91,.1~92,92,H2,01,12,01/12,2024-01-12T00:00:00,3,12,Goods Movement for Completion Confirm.,Goods Issue,GR for order,02,HH-F03,500g Strawberry Muesli,Finished Product,F03,500g,Strawberry Muesli,4900018035,Debit,ST,24000,24000
92,.1~93,93,H2,01,12,01/12,2024-01-12T00:00:00,3,12,Goods Movement for Completion Confirm.,Goods Issue,GI for order,88,HH-P03,Small Box (500g),Raw materials,P03,500g,Small Box,4900018038,Credit,ST,24000,-24000
93,.1~94,94,H2,01,12,01/12,2024-01-12T00:00:00,3,12,Goods Movement for Completion Confirm.,Goods Issue,GI for order,88,HH-P04,Small Bag (500g),Raw materials,P04,500g,Small Bag,4900018038,Credit,ST,24000,-24000
94,.1~95,95,H2,01,12,01/12,2024-01-12T00:00:00,3,12,Goods Movement for Completion Confirm.,Goods Issue,GI for order,88,HH-R03,Strawberries,Raw materials,R03,,Strawberries,4900018038,Credit,KG,4320.000,-4320.000
95,.1~96,96,H2,01,12,01/12,2024-01-12T00:00:00,3,12,Goods Movement for Completion Confirm.,Goods Issue,GI for order,88,HH-R05,Wheat,Raw materials,R05,,Wheat,4900018038,Credit,KG,3480.000,-3480.000
96,.1~97,97,H2,01,12,01/12,2024-01-12T00:00:00,3,12,Goods Movement for Completion Confirm.,Goods Issue,GI for order,88,HH-R06,Oats,Raw materials,R06,,Oats,4900018038,Credit,KG,4200.000,-4200.000
97,.1~98,98,H2,01,12,01/12,2024-01-12T00:00:00,3,12,Goods Issue for Delivery,Goods Issue/Delivery,GD goods issue:delvy,02,HH-F01,500g Nut Muesli,Finished Product,F01,500g,Nut Muesli,4900018058,Credit,ST,782,-782
98,.1~99,99,H2,01,12,01/12,2024-01-12T00:00:00,3,12,Goods Issue for Delivery,Goods Issue/Delivery,GD goods issue:delvy,02,HH-F01,500g Nut Muesli,Finished Product,F01,500g,Nut Muesli,4900018046,Credit,ST,996,-996
99,.1~100,100,H2,01,12,01/12,2024-01-12T00:00:00,3,12,Goods Issue for Delivery,Goods Issue/Delivery,GD goods issue:delvy,02,HH-F02,500g Blueberry Muesli,Finished Product,F02,500g,Blueberry Muesli,4900018046,Credit,ST,1146,-1146
100,.1~101,101,H2,01,12,01/12,2024-01-12T00:00:00,3,12,Goods Issue for Delivery,Goods Issue/Delivery,GD goods issue:delvy,02,HH-F02,500g Blueberry Muesli,Finished Product,F02,500g,Blueberry Muesli,4900018061,Credit,ST,816,-816
101,.1~102,102,H2,01,12,01/12,2024-01-12T00:00:00,3,12,Goods Issue for Delivery,Goods Issue/Delivery,GD goods issue:delvy,02,HH-F02,500g Blueberry Muesli,Finished Product,F02,500g,Blueberry Muesli,4900018055,Credit,ST,809,-809
102,.1~103,103,H2,01,12,01/12,2024-01-12T00:00:00,3,12,Goods Issue for Delivery,Goods Issue/Delivery,GD goods issue:delvy,02,HH-F03,500g Strawberry Muesli,Finished Product,F03,500g,Strawberry Muesli,4900018046,Credit,ST,928,-928
103,.1~104,104,H2,01,12,01/12,2024-01-12T00:00:00,3,12,Goods Issue for Delivery,Goods Issue/Delivery,GD goods issue:delvy,02,HH-F03,500g Strawberry Muesli,Finished Product,F03,500g,Strawberry Muesli,4900018048,Credit,ST,871,-871
104,.1~105,105,H2,01,12,01/12,2024-01-12T00:00:00,3,12,Goods Issue for Delivery,Goods Issue/Delivery,GD goods issue:delvy,02,HH-F03,500g Strawberry Muesli,Finished Product,F03,500g,Strawberry Muesli,4900018057,Credit,ST,750,-750
105,.1~106,106,H2,01,12,01/12,2024-01-12T00:00:00,3,12,Goods Issue for Delivery,Goods Issue/Delivery,GD goods issue:delvy,02,HH-F03,500g Strawberry Muesli,Finished Product,F03,500g,Strawberry Muesli,4900018059,Credit,ST,687,-687
106,.1~107,107,H2,01,13,01/13,2024-01-13T00:00:00,3,13,Goods Movement for Completion Confirm.,Goods Issue,GR for order,02,HH-F03,500g Strawberry Muesli,Finished Product,F03,500g,Strawberry Muesli,4900018069,Debit,ST,16000,16000
107,.1~108,108,H2,01,13,01/13,2024-01-13T00:00:00,3,13,Goods Movement for Completion Confirm.,Goods Issue,GI for order,88,HH-P03,Small Box (500g),Raw materials,P03,500g,Small Box,4900018071,Credit,ST,16000,-16000
108,.1~109,109,H2,01,13,01/13,2024-01-13T00:00:00,3,13,Goods Movement for Completion Confirm.,Goods Issue,GI for order,88,HH-P04,Small Bag (500g),Raw materials,P04,500g,Small Bag,4900018071,Credit,ST,16000,-16000
109,.1~110,110,H2,01,13,01/13,2024-01-13T00:00:00,3,13,Goods Movement for Completion Confirm.,Goods Issue,GI for order,88,HH-R03,Strawberries,Raw materials,R03,,Strawberries,4900018071,Credit,KG,2880.000,-2880.000
110,.1~111,111,H2,01,13,01/13,2024-01-13T00:00:00,3,13,Goods Movement for Completion Confirm.,Goods Issue,GI for order,88,HH-R05,Wheat,Raw materials,R05,,Wheat,4900018071,Credit,KG,2320.000,-2320.000
111,.1~112,112,H2,01,13,01/13,2024-01-13T00:00:00,3,13,Goods Movement for Completion Confirm.,Goods Issue,GI for order,88,HH-R06,Oats,Raw materials,R06,,Oats,4900018071,Credit,KG,2800.000,-2800.000
112,.1~113,113,H2,01,13,01/13,2024-01-13T00:00:00,3,13,Goods Issue for Delivery,Goods Issue/Delivery,GD goods issue:delvy,02,HH-F02,500g Blueberry Muesli,Finished Product,F02,500g,Blueberry Muesli,4900018092,Credit,ST,762,-762
113,.1~114,114,H2,01,13,01/13,2024-01-13T00:00:00,3,13,Goods Issue for Delivery,Goods Issue/Delivery,GD goods issue:delvy,02,HH-F02,500g Blueberry Muesli,Finished Product,F02,500g,Blueberry Muesli,4900018093,Credit,ST,832,-832
114,.1~115,115,H2,01,13,01/13,2024-01-13T00:00:00,3,13,Goods Issue for Delivery,Goods Issue/Delivery,GD goods issue:delvy,02,HH-F02,500g Blueberry Muesli,Finished Product,F02,500g,Blueberry Muesli,4900018070,Credit,ST,1007,-1007
115,.1~116,116,H2,01,13,01/13,2024-01-13T00:00:00,3,13,Goods Issue for Delivery,Goods Issue/Delivery,GD goods issue:delvy,02,HH-F02,500g Blueberry Muesli,Finished Product,F02,500g,Blueberry Muesli,4900018078,Credit,ST,982,-982
116,.1~117,117,H2,01,13,01/13,2024-01-13T00:00:00,3,13,Goods Issue for Delivery,Goods Issue/Delivery,GD goods issue:delvy,02,HH-F02,500g Blueberry Muesli,Finished Product,F02,500g,Blueberry Muesli,4900018087,Credit,ST,759,-759
117,.1~118,118,H2,01,13,01/13,2024-01-13T00:00:00,3,13,Goods Issue for Delivery,Goods Issue/Delivery,GD goods issue:delvy,02,HH-F02,500g Blueberry Muesli,Finished Product,F02,500g,Blueberry Muesli,4900018090,Credit,ST,789,-789
118,.1~119,119,H2,01,13,01/13,2024-01-13T00:00:00,3,13,Goods Issue for Delivery,Goods Issue/Delivery,GD goods issue:delvy,02,HH-F03,500g Strawberry Muesli,Finished Product,F03,500g,Strawberry Muesli,4900018073,Credit,ST,2882,-2882
119,.1~120,120,H2,01,13,01/13,2024-01-13T00:00:00,3,13,Goods Issue for Delivery,Goods Issue/Delivery,GD goods issue:delvy,02,HH-F03,500g Strawberry Muesli,Finished Product,F03,500g,Strawberry Muesli,4900018070,Credit,ST,966,-966
120,.1~121,121,H2,01,13,01/13,2024-01-13T00:00:00,3,13,Goods Issue for Delivery,Goods Issue/Delivery,GD goods issue:delvy,02,HH-F03,500g Strawberry Muesli,Finished Product,F03,500g,Strawberry Muesli,4900018080,Credit,ST,1096,-1096
121,.1~122,122,H2,01,13,01/13,2024-01-13T00:00:00,3,13,Goods Issue for Delivery,Goods Issue/Delivery,GD goods issue:delvy,02,HH-F03,500g Strawberry Muesli,Finished Product,F03,500g,Strawberry Muesli,4900018091,Credit,ST,846,-846
122,.1~123,123,H2,01,14,01/14,2024-01-14T00:00:00,3,14,Goods Movement for Completion Confirm.,Goods Issue,GR for order,02,HH-F04,500g Raisin Muesli,Finished Product,F04,500g,Raisin Muesli,4900018102,Debit,ST,24000,24000
123,.1~124,124,H2,01,14,01/14,2024-01-14T00:00:00,3,14,Goods Movement for Completion Confirm.,Goods Issue,GI for order,88,HH-P03,Small Box (500g),Raw materials,P03,500g,Small Box,4900018103,Credit,ST,24000,-24000
124,.1~125,125,H2,01,14,01/14,2024-01-14T00:00:00,3,14,Goods Movement for Completion Confirm.,Goods Issue,GI for order,88,HH-P04,Small Bag (500g),Raw materials,P04,500g,Small Bag,4900018103,Credit,ST,24000,-24000
125,.1~126,126,H2,01,14,01/14,2024-01-14T00:00:00,3,14,Goods Movement for Completion Confirm.,Goods Issue,GI for order,88,HH-R04,Raisins,Raw materials,R04,,Raisins,4900018103,Credit,KG,4320.000,-4320.000
126,.1~127,127,H2,01,14,01/14,2024-01-14T00:00:00,3,14,Goods Movement for Completion Confirm.,Goods Issue,GI for order,88,HH-R05,Wheat,Raw materials,R05,,Wheat,4900018103,Credit,KG,3480.000,-3480.000
127,.1~128,128,H2,01,14,01/14,2024-01-14T00:00:00,3,14,Goods Movement for Completion Confirm.,Goods Issue,GI for order,88,HH-R06,Oats,Raw materials,R06,,Oats,4900018103,Credit,KG,4200.000,-4200.000
128,.1~129,129,H2,01,14,01/14,2024-01-14T00:00:00,3,14,Goods Issue for Delivery,Goods Issue/Delivery,GD goods issue:delvy,02,HH-F02,500g Blueberry Muesli,Finished Product,F02,500g,Blueberry Muesli,4900018109,Credit,ST,1096,-1096
129,.1~130,130,H2,01,14,01/14,2024-01-14T00:00:00,3,14,Goods Issue for Delivery,Goods Issue/Delivery,GD goods issue:delvy,02,HH-F03,500g Strawberry Muesli,Finished Product,F03,500g,Strawberry Muesli,4900018120,Credit,ST,697,-697
130,.1~131,131,H2,01,14,01/14,2024-01-14T00:00:00,3,14,Goods Issue for Delivery,Goods Issue/Delivery,GD goods issue:delvy,02,HH-F03,500g Strawberry Muesli,Finished Product,F03,500g,Strawberry Muesli,4900018125,Credit,ST,841,-841
131,.1~132,132,H2,01,15,01/15,2024-01-15T00:00:00,3,15,Goods Movement for Completion Confirm.,Goods Issue,GR for order,02,HH-F04,500g Raisin Muesli,Finished Product,F04,500g,Raisin Muesli,4900018128,Debit,ST,24000,24000
132,.1~133,133,H2,01,15,01/15,2024-01-15T00:00:00,3,15,Goods Movement for Completion Confirm.,Goods Issue,GI for order,88,HH-P03,Small Box (500g),Raw materials,P03,500g,Small Box,4900018132,Credit,ST,24000,-24000
133,.1~134,134,H2,01,15,01/15,2024-01-15T00:00:00,3,15,Goods Movement for Completion Confirm.,Goods Issue,GI for order,88,HH-P04,Small Bag (500g),Raw materials,P04,500g,Small Bag,4900018132,Credit,ST,24000,-24000
134,.1~135,135,H2,01,15,01/15,2024-01-15T00:00:00,3,15,Goods Movement for Completion Confirm.,Goods Issue,GI for order,88,HH-R04,Raisins,Raw materials,R04,,Raisins,4900018132,Credit,KG,4320.000,-4320.000
135,.1~136,136,H2,01,15,01/15,2024-01-15T00:00:00,3,15,Goods Movement for Completion Confirm.,Goods Issue,GI for order,88,HH-R05,Wheat,Raw materials,R05,,Wheat,4900018132,Credit,KG,3480.000,-3480.000
136,.1~137,137,H2,01,15,01/15,2024-01-15T00:00:00,3,15,Goods Movement for Completion Confirm.,Goods Issue,GI for order,88,HH-R06,Oats,Raw materials,R06,,Oats,4900018132,Credit,KG,4200.000,-4200.000
137,.1~138,138,H2,01,15,01/15,2024-01-15T00:00:00,3,15,Goods Issue for Delivery,Goods Issue/Delivery,GD goods issue:delvy,02,HH-F01,500g Nut Muesli,Finished Product,F01,500g,Nut Muesli,4900018140,Credit,ST,1037,-1037
138,.1~139,139,H2,01,15,01/15,2024-01-15T00:00:00,3,15,Goods Issue for Delivery,Goods Issue/Delivery,GD goods issue:delvy,02,HH-F02,500g Blueberry Muesli,Finished Product,F02,500g,Blueberry Muesli,4900018149,Credit,ST,775,-775
139,.1~140,140,H2,01,15,01/15,2024-01-15T00:00:00,3,15,Goods Issue for Delivery,Goods Issue/Delivery,GD goods issue:delvy,02,HH-F02,500g Blueberry Muesli,Finished Product,F02,500g,Blueberry Muesli,4900018136,Credit,ST,2184,-2184
140,.1~141,141,H2,01,15,01/15,2024-01-15T00:00:00,3,15,Goods Issue for Delivery,Goods Issue/Delivery,GD goods issue:delvy,02,HH-F02,500g Blueberry Muesli,Finished Product,F02,500g,Blueberry Muesli,4900018140,Credit,ST,902,-902
141,.1~142,142,H2,01,15,01/15,2024-01-15T00:00:00,3,15,Goods Issue for Delivery,Goods Issue/Delivery,GD goods issue:delvy,02,HH-F03,500g Strawberry Muesli,Finished Product,F03,500g,Strawberry Muesli,4900018151,Credit,ST,663,-663
142,.1~143,143,H2,01,15,01/15,2024-01-15T00:00:00,3,15,Goods Issue for Delivery,Goods Issue/Delivery,GD goods issue:delvy,02,HH-F03,500g Strawberry Muesli,Finished Product,F03,500g,Strawberry Muesli,4900018145,Credit,ST,736,-736
143,.1~144,144,H2,01,15,01/15,2024-01-15T00:00:00,3,15,Goods Issue for Delivery,Goods Issue/Delivery,GD goods issue:delvy,02,HH-F03,500g Strawberry Muesli,Finished Product,F03,500g,Strawberry Muesli,4900018141,Credit,ST,902,-902
144,.1~145,145,H2,01,15,01/15,2024-01-15T00:00:00,3,15,Goods Issue for Delivery,Goods Issue/Delivery,GD goods issue:delvy,02,HH-F04,500g Raisin Muesli,Finished Product,F04,500g,Raisin Muesli,4900018141,Credit,ST,1057,-1057
145,.1~146,146,H2,01,16,01/16,2024-01-16T00:00:00,4,16,Goods Movement for Completion Confirm.,Goods Issue,GR for order,02,HH-F04,500g Raisin Muesli,Finished Product,F04,500g,Raisin Muesli,4900018159,Debit,ST,16000,16000
146,.1~147,147,H2,01,16,01/16,2024-01-16T00:00:00,4,16,Goods Movement for Completion Confirm.,Goods Issue,GI for order,88,HH-P03,Small Box (500g),Raw materials,P03,500g,Small Box,4900018164,Credit,ST,16000,-16000
147,.1~148,148,H2,01,16,01/16,2024-01-16T00:00:00,4,16,Goods Movement for Completion Confirm.,Goods Issue,GI for order,88,HH-P04,Small Bag (500g),Raw materials,P04,500g,Small Bag,4900018164,Credit,ST,16000,-16000
148,.1~149,149,H2,01,16,01/16,2024-01-16T00:00:00,4,16,Goods Movement for Completion Confirm.,Goods Issue,GI for order,88,HH-R04,Raisins,Raw materials,R04,,Raisins,4900018164,Credit,KG,2880.000,-2880.000
149,.1~150,150,H2,01,16,01/16,2024-01-16T00:00:00,4,16,Goods Movement for Completion Confirm.,Goods Issue,GI for order,88,HH-R05,Wheat,Raw materials,R05,,Wheat,4900018164,Credit,KG,2320.000,-2320.000
150,.1~151,151,H2,01,16,01/16,2024-01-16T00:00:00,4,16,Goods Movement for Completion Confirm.,Goods Issue,GI for order,88,HH-R06,Oats,Raw materials,R06,,Oats,4900018164,Credit,KG,2800.000,-2800.000
151,.1~152,152,H2,01,16,01/16,2024-01-16T00:00:00,4,16,Goods Issue for Delivery,Goods Issue/Delivery,GD goods issue:delvy,02,HH-F01,500g Nut Muesli,Finished Product,F01,500g,Nut Muesli,4900018177,Credit,ST,773,-773
152,.1~153,153,H2,01,16,01/16,2024-01-16T00:00:00,4,16,Goods Issue for Delivery,Goods Issue/Delivery,GD goods issue:delvy,02,HH-F02,500g Blueberry Muesli,Finished Product,F02,500g,Blueberry Muesli,4900018161,Credit,ST,1096,-1096
153,.1~154,154,H2,01,16,01/16,2024-01-16T00:00:00,4,16,Goods Issue for Delivery,Goods Issue/Delivery,GD goods issue:delvy,02,HH-F02,500g Blueberry Muesli,Finished Product,F02,500g,Blueberry Muesli,4900018182,Credit,ST,699,-699
154,.1~155,155,H2,01,16,01/16,2024-01-16T00:00:00,4,16,Goods Issue for Delivery,Goods Issue/Delivery,GD goods issue:delvy,02,HH-F03,500g Strawberry Muesli,Finished Product,F03,500g,Strawberry Muesli,4900018184,Credit,ST,817,-817
155,.1~156,156,H2,01,16,01/16,2024-01-16T00:00:00,4,16,Goods Issue for Delivery,Goods Issue/Delivery,GD goods issue:delvy,02,HH-F04,500g Raisin Muesli,Finished Product,F04,500g,Raisin Muesli,4900018181,Credit,ST,747,-747
156,.1~157,157,H2,01,17,01/17,2024-01-17T00:00:00,4,17,Goods Movement for Completion Confirm.,Goods Issue,GR for order,02,HH-F06,500g Mixed Fruit Muesli,Finished Product,F06,500g,Mixed Fruit Muesli,4900018192,Debit,ST,24000,24000
157,.1~158,158,H2,01,17,01/17,2024-01-17T00:00:00,4,17,Goods Movement for Completion Confirm.,Goods Issue,GI for order,88,HH-P03,Small Box (500g),Raw materials,P03,500g,Small Box,4900018195,Credit,ST,24000,-24000
158,.1~159,159,H2,01,17,01/17,2024-01-17T00:00:00,4,17,Goods Movement for Completion Confirm.,Goods Issue,GI for order,88,HH-P04,Small Bag (500g),Raw materials,P04,500g,Small Bag,4900018195,Credit,ST,24000,-24000
159,.1~160,160,H2,01,17,01/17,2024-01-17T00:00:00,4,17,Goods Movement for Completion Confirm.,Goods Issue,GI for order,88,HH-R01,Nuts,Raw materials,R01,,Nuts,4900018195,Credit,KG,1200.000,-1200.000
160,.1~161,161,H2,01,17,01/17,2024-01-17T00:00:00,4,17,Goods Movement for Completion Confirm.,Goods Issue,GI for order,88,HH-R02,Blueberries,Raw materials,R02,,Blueberries,4900018195,Credit,KG,1200.000,-1200.000
161,.1~162,162,H2,01,17,01/17,2024-01-17T00:00:00,4,17,Goods Movement for Completion Confirm.,Goods Issue,GI for order,88,HH-R03,Strawberries,Raw materials,R03,,Strawberries,4900018195,Credit,KG,1200.000,-1200.000
162,.1~163,163,H2,01,17,01/17,2024-01-17T00:00:00,4,17,Goods Movement for Completion Confirm.,Goods Issue,GI for order,88,HH-R04,Raisins,Raw materials,R04,,Raisins,4900018195,Credit,KG,1200.000,-1200.000
163,.1~164,164,H2,01,17,01/17,2024-01-17T00:00:00,4,17,Goods Movement for Completion Confirm.,Goods Issue,GI for order,88,HH-R05,Wheat,Raw materials,R05,,Wheat,4900018195,Credit,KG,3600.000,-3600.000
164,.1~165,165,H2,01,17,01/17,2024-01-17T00:00:00,4,17,Goods Movement for Completion Confirm.,Goods Issue,GI for order,88,HH-R06,Oats,Raw materials,R06,,Oats,4900018195,Credit,KG,3600.000,-3600.000
165,.1~166,166,H2,01,17,01/17,2024-01-17T00:00:00,4,17,Goods Issue for Delivery,Goods Issue/Delivery,GD goods issue:delvy,02,HH-F01,500g Nut Muesli,Finished Product,F01,500g,Nut Muesli,4900018201,Credit,ST,1065,-1065
166,.1~167,167,H2,01,17,01/17,2024-01-17T00:00:00,4,17,Goods Issue for Delivery,Goods Issue/Delivery,GD goods issue:delvy,02,HH-F02,500g Blueberry Muesli,Finished Product,F02,500g,Blueberry Muesli,4900018213,Credit,ST,707,-707
167,.1~168,168,H2,01,17,01/17,2024-01-17T00:00:00,4,17,Goods Issue for Delivery,Goods Issue/Delivery,GD goods issue:delvy,02,HH-F02,500g Blueberry Muesli,Finished Product,F02,500g,Blueberry Muesli,4900018208,Credit,ST,798,-798
168,.1~169,169,H2,01,17,01/17,2024-01-17T00:00:00,4,17,Goods Issue for Delivery,Goods Issue/Delivery,GD goods issue:delvy,02,HH-F02,500g Blueberry Muesli,Finished Product,F02,500g,Blueberry Muesli,4900018219,Credit,ST,858,-858
169,.1~170,170,H2,01,17,01/17,2024-01-17T00:00:00,4,17,Goods Issue for Delivery,Goods Issue/Delivery,GD goods issue:delvy,02,HH-F02,500g Blueberry Muesli,Finished Product,F02,500g,Blueberry Muesli,4900018201,Credit,ST,996,-996
170,.1~171,171,H2,01,17,01/17,2024-01-17T00:00:00,4,17,Goods Issue for Delivery,Goods Issue/Delivery,GD goods issue:delvy,02,HH-F02,500g Blueberry Muesli,Finished Product,F02,500g,Blueberry Muesli,4900018202,Credit,ST,1097,-1097
171,.1~172,172,H2,01,17,01/17,2024-01-17T00:00:00,4,17,Goods Issue for Delivery,Goods Issue/Delivery,GD goods issue:delvy,02,HH-F02,500g Blueberry Muesli,Finished Product,F02,500g,Blueberry Muesli,4900018206,Credit,ST,694,-694
172,.1~173,173,H2,01,17,01/17,2024-01-17T00:00:00,4,17,Goods Issue for Delivery,Goods Issue/Delivery,GD goods issue:delvy,02,HH-F03,500g Strawberry Muesli,Finished Product,F03,500g,Strawberry Muesli,4900018216,Credit,ST,758,-758
173,.1~174,174,H2,01,17,01/17,2024-01-17T00:00:00,4,17,Goods Issue for Delivery,Goods Issue/Delivery,GD goods issue:delvy,02,HH-F03,500g Strawberry Muesli,Finished Product,F03,500g,Strawberry Muesli,4900018205,Credit,ST,1148,-1148
174,.1~175,175,H2,01,17,01/17,2024-01-17T00:00:00,4,17,Goods Issue for Delivery,Goods Issue/Delivery,GD goods issue:delvy,02,HH-F03,500g Strawberry Muesli,Finished Product,F03,500g,Strawberry Muesli,4900018201,Credit,ST,1116,-1116
175,.1~176,176,H2,01,17,01/17,2024-01-17T00:00:00,4,17,Goods Issue for Delivery,Goods Issue/Delivery,GD goods issue:delvy,02,HH-F04,500g Raisin Muesli,Finished Product,F04,500g,Raisin Muesli,4900018209,Credit,ST,867,-867
176,.1~177,177,H2,01,17,01/17,2024-01-17T00:00:00,4,17,Goods Issue for Delivery,Goods Issue/Delivery,GD goods issue:delvy,02,HH-F04,500g Raisin Muesli,Finished Product,F04,500g,Raisin Muesli,4900018205,Credit,ST,1223,-1223
177,.1~178,178,H2,01,17,01/17,2024-01-17T00:00:00,4,17,Goods Issue for Delivery,Goods Issue/Delivery,GD goods issue:delvy,02,HH-F04,500g Raisin Muesli,Finished Product,F04,500g,Raisin Muesli,4900018218,Credit,ST,904,-904
178,.1~179,179,H2,01,18,01/18,2024-01-18T00:00:00,4,18,Goods Movement for Completion Confirm.,Goods Issue,GR for order,02,HH-F06,500g Mixed Fruit Muesli,Finished Product,F06,500g,Mixed Fruit Muesli,4900018226,Debit,ST,24000,24000
179,.1~180,180,H2,01,18,01/18,2024-01-18T00:00:00,4,18,Goods Movement for Completion Confirm.,Goods Issue,GI for order,88,HH-P03,Small Box (500g),Raw materials,P03,500g,Small Box,4900018229,Credit,ST,24000,-24000
180,.1~181,181,H2,01,18,01/18,2024-01-18T00:00:00,4,18,Goods Movement for Completion Confirm.,Goods Issue,GI for order,88,HH-P04,Small Bag (500g),Raw materials,P04,500g,Small Bag,4900018229,Credit,ST,24000,-24000
181,.1~182,182,H2,01,18,01/18,2024-01-18T00:00:00,4,18,Goods Movement for Completion Confirm.,Goods Issue,GI for order,88,HH-R01,Nuts,Raw materials,R01,,Nuts,4900018229,Credit,KG,1200.000,-1200.000
182,.1~183,183,H2,01,18,01/18,2024-01-18T00:00:00,4,18,Goods Movement for Completion Confirm.,Goods Issue,GI for order,88,HH-R02,Blueberries,Raw materials,R02,,Blueberries,4900018229,Credit,KG,1200.000,-1200.000
183,.1~184,184,H2,01,18,01/18,2024-01-18T00:00:00,4,18,Goods Movement for Completion Confirm.,Goods Issue,GI for order,88,HH-R03,Strawberries,Raw materials,R03,,Strawberries,4900018229,Credit,KG,1200.000,-1200.000
184,.1~185,185,H2,01,18,01/18,2024-01-18T00:00:00,4,18,Goods Movement for Completion Confirm.,Goods Issue,GI for order,88,HH-R04,Raisins,Raw materials,R04,,Raisins,4900018229,Credit,KG,1200.000,-1200.000
185,.1~186,186,H2,01,18,01/18,2024-01-18T00:00:00,4,18,Goods Movement for Completion Confirm.,Goods Issue,GI for order,88,HH-R05,Wheat,Raw materials,R05,,Wheat,4900018229,Credit,KG,3600.000,-3600.000
186,.1~187,187,H2,01,18,01/18,2024-01-18T00:00:00,4,18,Goods Movement for Completion Confirm.,Goods Issue,GI for order,88,HH-R06,Oats,Raw materials,R06,,Oats,4900018229,Credit,KG,3600.000,-3600.000
187,.1~188,188,H2,01,18,01/18,2024-01-18T00:00:00,4,18,Goods Issue for Delivery,Goods Issue/Delivery,GD goods issue:delvy,02,HH-F03,500g Strawberry Muesli,Finished Product,F03,500g,Strawberry Muesli,4900018242,Credit,ST,721,-721
188,.1~189,189,H2,01,18,01/18,2024-01-18T00:00:00,4,18,Goods Issue for Delivery,Goods Issue/Delivery,GD goods issue:delvy,02,HH-F03,500g Strawberry Muesli,Finished Product,F03,500g,Strawberry Muesli,4900018232,Credit,ST,1065,-1065
189,.1~190,190,H2,01,18,01/18,2024-01-18T00:00:00,4,18,Goods Issue for Delivery,Goods Issue/Delivery,GD goods issue:delvy,02,HH-F03,500g Strawberry Muesli,Finished Product,F03,500g,Strawberry Muesli,4900018251,Credit,ST,738,-738
190,.1~191,191,H2,01,18,01/18,2024-01-18T00:00:00,4,18,Goods Issue for Delivery,Goods Issue/Delivery,GD goods issue:delvy,02,HH-F04,500g Raisin Muesli,Finished Product,F04,500g,Raisin Muesli,4900018245,Credit,ST,834,-834
191,.1~192,192,H2,01,18,01/18,2024-01-18T00:00:00,4,18,Goods Issue for Delivery,Goods Issue/Delivery,GD goods issue:delvy,02,HH-F04,500g Raisin Muesli,Finished Product,F04,500g,Raisin Muesli,4900018253,Credit,ST,818,-818
192,.1~193,193,H2,01,18,01/18,2024-01-18T00:00:00,4,18,Goods Issue for Delivery,Goods Issue/Delivery,GD goods issue:delvy,02,HH-F06,500g Mixed Fruit Muesli,Finished Product,F06,500g,Mixed Fruit Muesli,4900018224,Credit,ST,941,-941
193,.1~194,194,H2,01,18,01/18,2024-01-18T00:00:00,4,18,Goods Issue for Delivery,Goods Issue/Delivery,GD goods issue:delvy,02,HH-F06,500g Mixed Fruit Muesli,Finished Product,F06,500g,Mixed Fruit Muesli,4900018246,Credit,ST,824,-824
194,.1~195,195,H2,01,19,01/19,2024-01-19T00:00:00,4,19,Goods Movement for Completion Confirm.,Goods Issue,GR for order,02,HH-F06,500g Mixed Fruit Muesli,Finished Product,F06,500g,Mixed Fruit Muesli,4900018257,Debit,ST,16000,16000
195,.1~196,196,H2,01,19,01/19,2024-01-19T00:00:00,4,19,Goods Movement for Completion Confirm.,Goods Issue,GI for order,88,HH-P03,Small Box (500g),Raw materials,P03,500g,Small Box,4900018260,Credit,ST,16000,-16000
196,.1~197,197,H2,01,19,01/19,2024-01-19T00:00:00,4,19,Goods Movement for Completion Confirm.,Goods Issue,GI for order,88,HH-P04,Small Bag (500g),Raw materials,P04,500g,Small Bag,4900018260,Credit,ST,16000,-16000
197,.1~198,198,H2,01,19,01/19,2024-01-19T00:00:00,4,19,Goods Movement for Completion Confirm.,Goods Issue,GI for order,88,HH-R01,Nuts,Raw materials,R01,,Nuts,4900018260,Credit,KG,800.000,-800.000
198,.1~199,199,H2,01,19,01/19,2024-01-19T00:00:00,4,19,Goods Movement for Completion Confirm.,Goods Issue,GI for order,88,HH-R02,Blueberries,Raw materials,R02,,Blueberries,4900018260,Credit,KG,800.000,-800.000
199,.1~200,200,H2,01,19,01/19,2024-01-19T00:00:00,4,19,Goods Movement for Completion Confirm.,Goods Issue,GI for order,88,HH-R03,Strawberries,Raw materials,R03,,Strawberries,4900018260,Credit,KG,800.000,-800.000
200,.1~201,201,H2,01,19,01/19,2024-01-19T00:00:00,4,19,Goods Movement for Completion Confirm.,Goods Issue,GI for order,88,HH-R04,Raisins,Raw materials,R04,,Raisins,4900018260,Credit,KG,800.000,-800.000
201,.1~202,202,H2,01,19,01/19,2024-01-19T00:00:00,4,19,Goods Movement for Completion Confirm.,Goods Issue,GI for order,88,HH-R05,Wheat,Raw materials,R05,,Wheat,4900018260,Credit,KG,2400.000,-2400.000
202,.1~203,203,H2,01,19,01/19,2024-01-19T00:00:00,4,19,Goods Movement for Completion Confirm.,Goods Issue,GI for order,88,HH-R06,Oats,Raw materials,R06,,Oats,4900018260,Credit,KG,2400.000,-2400.000
203,.1~204,204,H2,01,19,01/19,2024-01-19T00:00:00,4,19,Goods Issue for Delivery,Goods Issue/Delivery,GD goods issue:delvy,02,HH-F01,500g Nut Muesli,Finished Product,F01,500g,Nut Muesli,4900018276,Credit,ST,769,-769
204,.1~205,205,H2,01,19,01/19,2024-01-19T00:00:00,4,19,Goods Issue for Delivery,Goods Issue/Delivery,GD goods issue:delvy,02,HH-F01,500g Nut Muesli,Finished Product,F01,500g,Nut Muesli,4900018274,Credit,ST,694,-694
205,.1~206,206,H2,01,19,01/19,2024-01-19T00:00:00,4,19,Goods Issue for Delivery,Goods Issue/Delivery,GD goods issue:delvy,02,HH-F01,500g Nut Muesli,Finished Product,F01,500g,Nut Muesli,4900018268,Credit,ST,1199,-1199
206,.1~207,207,H2,01,19,01/19,2024-01-19T00:00:00,4,19,Goods Issue for Delivery,Goods Issue/Delivery,GD goods issue:delvy,02,HH-F01,500g Nut Muesli,Finished Product,F01,500g,Nut Muesli,4900018262,Credit,ST,1054,-1054
207,.1~208,208,H2,01,19,01/19,2024-01-19T00:00:00,4,19,Goods Issue for Delivery,Goods Issue/Delivery,GD goods issue:delvy,02,HH-F02,500g Blueberry Muesli,Finished Product,F02,500g,Blueberry Muesli,4900018270,Credit,ST,810,-810
208,.1~209,209,H2,01,19,01/19,2024-01-19T00:00:00,4,19,Goods Issue for Delivery,Goods Issue/Delivery,GD goods issue:delvy,02,HH-F02,500g Blueberry Muesli,Finished Product,F02,500g,Blueberry Muesli,4900018283,Credit,ST,654,-654
209,.1~210,210,H2,01,19,01/19,2024-01-19T00:00:00,4,19,Goods Issue for Delivery,Goods Issue/Delivery,GD goods issue:delvy,02,HH-F02,500g Blueberry Muesli,Finished Product,F02,500g,Blueberry Muesli,4900018281,Credit,ST,833,-833
210,.1~211,211,H2,01,19,01/19,2024-01-19T00:00:00,4,19,Goods Issue for Delivery,Goods Issue/Delivery,GD goods issue:delvy,02,HH-F02,500g Blueberry Muesli,Finished Product,F02,500g,Blueberry Muesli,4900018264,Credit,ST,976,-976
211,.1~212,212,H2,01,19,01/19,2024-01-19T00:00:00,4,19,Goods Issue for Delivery,Goods Issue/Delivery,GD goods issue:delvy,02,HH-F02,500g Blueberry Muesli,Finished Product,F02,500g,Blueberry Muesli,4900018280,Credit,ST,807,-807
212,.1~213,213,H2,01,19,01/19,2024-01-19T00:00:00,4,19,Goods Issue for Delivery,Goods Issue/Delivery,GD goods issue:delvy,02,HH-F03,500g Strawberry Muesli,Finished Product,F03,500g,Strawberry Muesli,4900018262,Credit,ST,938,-938
213,.1~214,214,H2,01,19,01/19,2024-01-19T00:00:00,4,19,Goods Issue for Delivery,Goods Issue/Delivery,GD goods issue:delvy,02,HH-F06,500g Mixed Fruit Muesli,Finished Product,F06,500g,Mixed Fruit Muesli,4900018277,Credit,ST,797,-797
214,.1~215,215,H2,01,19,01/19,2024-01-19T00:00:00,4,19,Goods Issue for Delivery,Goods Issue/Delivery,GD goods issue:delvy,02,HH-F06,500g Mixed Fruit Muesli,Finished Product,F06,500g,Mixed Fruit Muesli,4900018266,Credit,ST,1992,-1992
215,.1~216,216,H2,01,19,01/19,2024-01-19T00:00:00,4,19,Goods Issue for Delivery,Goods Issue/Delivery,GD goods issue:delvy,02,HH-F06,500g Mixed Fruit Muesli,Finished Product,F06,500g,Mixed Fruit Muesli,4900018282,Credit,ST,795,-795
216,.1~217,217,H2,01,20,01/20,2024-01-20T00:00:00,4,20,Goods Issue for Delivery,Goods Issue/Delivery,GD goods issue:delvy,02,HH-F01,500g Nut Muesli,Finished Product,F01,500g,Nut Muesli,4900018297,Credit,ST,1186,-1186
217,.1~218,218,H2,01,20,01/20,2024-01-20T00:00:00,4,20,Goods Issue for Delivery,Goods Issue/Delivery,GD goods issue:delvy,02,HH-F02,500g Blueberry Muesli,Finished Product,F02,500g,Blueberry Muesli,4900018291,Credit,ST,1138,-1138
218,.1~219,219,H2,01,20,01/20,2024-01-20T00:00:00,4,20,Goods Issue for Delivery,Goods Issue/Delivery,GD goods issue:delvy,02,HH-F02,500g Blueberry Muesli,Finished Product,F02,500g,Blueberry Muesli,4900018294,Credit,ST,1056,-1056
219,.1~220,220,H2,01,20,01/20,2024-01-20T00:00:00,4,20,Goods Issue for Delivery,Goods Issue/Delivery,GD goods issue:delvy,02,HH-F02,500g Blueberry Muesli,Finished Product,F02,500g,Blueberry Muesli,4900018296,Credit,ST,3019,-3019
220,.1~221,221,H2,01,20,01/20,2024-01-20T00:00:00,4,20,Goods Issue for Delivery,Goods Issue/Delivery,GD goods issue:delvy,02,HH-F02,500g Blueberry Muesli,Finished Product,F02,500g,Blueberry Muesli,4900018306,Credit,ST,710,-710
221,.1~222,222,H2,01,20,01/20,2024-01-20T00:00:00,4,20,Goods Issue for Delivery,Goods Issue/Delivery,GD goods issue:delvy,02,HH-F03,500g Strawberry Muesli,Finished Product,F03,500g,Strawberry Muesli,4900018305,Credit,ST,771,-771
222,.1~223,223,H2,01,20,01/20,2024-01-20T00:00:00,4,20,Goods Issue for Delivery,Goods Issue/Delivery,GD goods issue:delvy,02,HH-F03,500g Strawberry Muesli,Finished Product,F03,500g,Strawberry Muesli,4900018298,Credit,ST,729,-729
223,.1~224,224,H2,01,20,01/20,2024-01-20T00:00:00,4,20,Goods Issue for Delivery,Goods Issue/Delivery,GD goods issue:delvy,02,HH-F06,500g Mixed Fruit Muesli,Finished Product,F06,500g,Mixed Fruit Muesli,4900018309,Credit,ST,772,-772
