,ID,ROW_ID,PLANT,SIM_ROUND,SIM_STEP,SIM_DATE,SIM_CALENDAR_DATE,SIM_PERIOD,SIM_ELAPSED_STEPS,STORAGE_LOCATION,MATERIAL_NUMBER,MATERIAL_DESCRIPTION,MATERIAL_TYPE,MATERIAL_CODE,MATERIAL_SIZE,MATERIAL_LABEL,INVENTORY_OPENING_BALANCE,UNIT
0,.1~404,404,H2,01,19,01/19,2024-01-19T00:00:00,4,19,02,HH-F12,1kg Blueberry Muesli,Finished Product,F12,1kg,Blueberry Muesli,0,ST
1,.1~184,184,H2,01,09,01/09,2024-01-09T00:00:00,2,9,02,HH-F12,1kg Blueberry Muesli,Finished Product,F12,1kg,Blueberry Muesli,0,ST
2,.1~448,448,H2,02,01,02/01,2024-01-21T00:00:00,5,21,02,HH-F12,1kg Blueberry Muesli,Finished Product,F12,1kg,Blueberry Muesli,0,ST
3,.1~162,162,H2,01,08,01/08,2024-01-08T00:00:00,2,8,02,HH-F12,1kg Blueberry Muesli,Finished Product,F12,1kg,Blueberry Muesli,0,ST
4,.1~206,206,H2,01,10,01/10,2024-01-10T00:00:00,2,10,02,HH-F12,1kg Blueberry Muesli,Finished Product,F12,1kg,Blueberry Muesli,0,ST
5,.1~294,294,H2,01,14,01/14,2024-01-14T00:00:00,3,14,02,HH-F12,1kg Blueberry Muesli,Finished Product,F12,1kg,Blueberry Muesli,0,ST
6,.1~74,74,H2,01,04,01/04,2024-01-04T00:00:00,1,4,02,HH-F12,1kg Blueberry Muesli,Finished Product,F12,1kg,Blueberry Muesli,0,ST
7,.1~426,426,H2,01,20,01/20,2024-01-20T00:00:00,4,20,02,HH-F12,1kg Blueberry Muesli,Finished Product,F12,1kg,Blueberry Muesli,0,ST
8,.1~30,30,H2,01,02,01/02,2024-01-02T00:00:00,1,2,02,HH-F12,1kg Blueberry Muesli,Finished Product,F12,1kg,Blueberry Muesli,0,ST
9,.1~338,338,H2,01,16,01/16,2024-01-16T00:00:00,4,16,02,HH-F12,1kg Blueberry Muesli,Finished Product,F12,1kg,Blueberry Muesli,0,ST
10,.1~382,382,H2,01,18,01/18,2024-01-18T00:00:00,4,18,02,HH-F12,1kg Blueberry Muesli,Finished Product,F12,1kg,Blueberry Muesli,0,ST
11,.1~118,118,H2,01,06,01/06,2024-01-06T00:00:00,2,6,02,HH-F12,1kg Blueberry Muesli,Finished Product,F12,1kg,Blueberry Muesli,0,ST
12,.1~140,140,H2,01,07,01/07,2024-01-07T00:00:00,2,7,02,HH-F12,1kg Blueberry Muesli,Finished Product,F12,1kg,Blueberry Muesli,0,ST
13,.1~96,96,H2,01,05,01/05,2024-01-05T00:00:00,1,5,02,HH-F12,1kg Blueberry Muesli,Finished Product,F12,1kg,Blueberry Muesli,0,ST
14,.1~250,250,H2,01,12,01/12,2024-01-12T00:00:00,3,12,02,HH-F12,1kg Blueberry Muesli,Finished Product,F12,1kg,Blueberry Muesli,0,ST
15,.1~360,360,H2,01,17,01/17,2024-01-17T00:00:00,4,17,02,HH-F12,1kg Blueberry Muesli,Finished Product,F12,1kg,Blueberry Muesli,0,ST
16,.1~272,272,H2,01,13,01/13,2024-01-13T00:00:00,3,13,02,HH-F12,1kg Blueberry Muesli,Finished Product,F12,1kg,Blueberry Muesli,0,ST
17,.1~228,228,H2,01,11,01/11,2024-01-11T00:00:00,3,11,02,HH-F12,1kg Blueberry Muesli,Finished Product,F12,1kg,Blueberry Muesli,0,ST
18,.1~52,52,H2,01,03,01/03,2024-01-03T00:00:00,1,3,02,HH-F12,1kg Blueberry Muesli,Finished Product,F12,1kg,Blueberry Muesli,0,ST
19,.1~316,316,H2,01,15,01/15,2024-01-15T00:00:00,3,15,02,HH-F12,1kg Blueberry Muesli,Finished Product,F12,1kg,Blueberry Muesli,0,ST
20,.1~8,8,H2,01,01,01/01,2024-01-01T00:00:00,1,1,02,HH-F12,1kg Blueberry Muesli,Finished Product,F12,1kg,Blueberry Muesli,0,ST
21,.1~410,410,H2,01,19,01/19,2024-01-19T00:00:00,4,19,88,HH-P02,Large Bag (1kg),Raw materials,P02,1kg,Large Bag,0,ST
22,.1~168,168,H2,01,08,01/08,2024-01-08T00:00:00,2,8,88,HH-P02,Large Bag (1kg),Raw materials,P02,1kg,Large Bag,0,ST
23,.1~190,190,H2,01,09,01/09,2024-01-09T00:00:00,2,9,88,HH-P02,Large Bag (1kg),Raw materials,P02,1kg,Large Bag,0,ST
24,.1~366,366,H2,01,17,01/17,2024-01-17T00:00:00,4,17,88,HH-P02,Large Bag (1kg),Raw materials,P02,1kg,Large Bag,0,ST
25,.1~300,300,H2,01,14,01/14,2024-01-14T00:00:00,3,14,88,HH-P02,Large Bag (1kg),Raw materials,P02,1kg,Large Bag,0,ST
26,.1~14,14,H2,01,01,01/01,2024-01-01T00:00:00,1,1,88,HH-P02,Large Bag (1kg),Raw materials,P02,1kg,Large Bag,0,ST
27,.1~102,102,H2,01,05,01/05,2024-01-05T00:00:00,1,5,88,HH-P02,Large Bag (1kg),Raw materials,P02,1kg,Large Bag,0,ST
28,.1~58,58,H2,01,03,01/03,2024-01-03T00:00:00,1,3,88,HH-P02,Large Bag (1kg),Raw materials,P02,1kg,Large Bag,0,ST
29,.1~234,234,H2,01,11,01/11,2024-01-11T00:00:00,3,11,88,HH-P02,Large Bag (1kg),Raw materials,P02,1kg,Large Bag,0,ST
30,.1~256,256,H2,01,12,01/12,2024-01-12T00:00:00,3,12,88,HH-P02,Large Bag (1kg),Raw materials,P02,1kg,Large Bag,0,ST
31,.1~146,146,H2,01,07,01/07,2024-01-07T00:00:00,2,7,88,HH-P02,Large Bag (1kg),Raw materials,P02,1kg,Large Bag,0,ST
32,.1~36,36,H2,01,02,01/02,2024-01-02T00:00:00,1,2,88,HH-P02,Large Bag (1kg),Raw materials,P02,1kg,Large Bag,0,ST
33,.1~80,80,H2,01,04,01/04,2024-01-04T00:00:00,1,4,88,HH-P02,Large Bag (1kg),Raw materials,P02,1kg,Large Bag,0,ST
34,.1~454,454,H2,02,01,02/01,2024-01-21T00:00:00,5,21,88,HH-P02,Large Bag (1kg),Raw materials,P02,1kg,Large Bag,0,ST
35,.1~432,432,H2,01,20,01/20,2024-01-20T00:00:00,4,20,88,HH-P02,Large Bag (1kg),Raw materials,P02,1kg,Large Bag,0,ST
36,.1~388,388,H2,01,18,01/18,2024-01-18T00:00:00,4,18,88,HH-P02,Large Bag (1kg),Raw materials,P02,1kg,Large Bag,0,ST
37,.1~124,124,H2,01,06,01/06,2024-01-06T00:00:00,2,6,88,HH-P02,Large Bag (1kg),Raw materials,P02,1kg,Large Bag,0,ST
38,.1~212,212,H2,01,10,01/10,2024-01-10T00:00:00,2,10,88,HH-P02,Large Bag (1kg),Raw materials,P02,1kg,Large Bag,0,ST
39,.1~322,322,H2,01,15,01/15,2024-01-15T00:00:00,3,15,88,HH-P02,Large Bag (1kg),Raw materials,P02,1kg,Large Bag,0,ST
40,.1~278,278,H2,01,13,01/13,2024-01-13T00:00:00,3,13,88,HH-P02,Large Bag (1kg),Raw materials,P02,1kg,Large Bag,0,ST
41,.1~344,344,H2,01,16,01/16,2024-01-16T00:00:00,4,16,88,HH-P02,Large Bag (1kg),Raw materials,P02,1kg,Large Bag,0,ST
42,.1~13,13,H2,01,01,01/01,2024-01-01T00:00:00,1,1,88,HH-P01,Large Box (1kg),Raw materials,P01,1kg,Large Box,0,ST
43,.1~123,123,H2,01,06,01/06,2024-01-06T00:00:00,2,6,88,HH-P01,Large Box (1kg),Raw materials,P01,1kg,Large Box,0,ST
44,.1~35,35,H2,01,02,01/02,2024-01-02T00:00:00,1,2,88,HH-P01,Large Box (1kg),Raw materials,P01,1kg,Large Box,0,ST
45,.1~409,409,H2,01,19,01/19,2024-01-19T00:00:00,4,19,88,HH-P01,Large Box (1kg),Raw materials,P01,1kg,Large Box,0,ST
46,.1~167,167,H2,01,08,01/08,2024-01-08T00:00:00,2,8,88,HH-P01,Large Box (1kg),Raw materials,P01,1kg,Large Box,0,ST
47,.1~365,365,H2,01,17,01/17,2024-01-17T00:00:00,4,17,88,HH-P01,Large Box (1kg),Raw materials,P01,1kg,Large Box,0,ST
48,.1~343,343,H2,01,16,01/16,2024-01-16T00:00:00,4,16,88,HH-P01,Large Box (1kg),Raw materials,P01,1kg,Large Box,0,ST
49,.1~211,211,H2,01,10,01/10,2024-01-10T00:00:00,2,10,88,HH-P01,Large Box (1kg),Raw materials,P01,1kg,Large Box,0,ST
50,.1~387,387,H2,01,18,01/18,2024-01-18T00:00:00,4,18,88,HH-P01,Large Box (1kg),Raw materials,P01,1kg,Large Box,0,ST
51,.1~189,189,H2,01,09,01/09,2024-01-09T00:00:00,2,9,88,HH-P01,Large Box (1kg),Raw materials,P01,1kg,Large Box,0,ST
52,.1~277,277,H2,01,13,01/13,2024-01-13T00:00:00,3,13,88,HH-P01,Large Box (1kg),Raw materials,P01,1kg,Large Box,0,ST
53,.1~101,101,H2,01,05,01/05,2024-01-05T00:00:00,1,5,88,HH-P01,Large Box (1kg),Raw materials,P01,1kg,Large Box,0,ST
54,.1~299,299,H2,01,14,01/14,2024-01-14T00:00:00,3,14,88,HH-P01,Large Box (1kg),Raw materials,P01,1kg,Large Box,0,ST
55,.1~255,255,H2,01,12,01/12,2024-01-12T00:00:00,3,12,88,HH-P01,Large Box (1kg),Raw materials,P01,1kg,Large Box,0,ST
56,.1~57,57,H2,01,03,01/03,2024-01-03T00:00:00,1,3,88,HH-P01,Large Box (1kg),Raw materials,P01,1kg,Large Box,0,ST
57,.1~233,233,H2,01,11,01/11,2024-01-11T00:00:00,3,11,88,HH-P01,Large Box (1kg),Raw materials,P01,1kg,Large Box,0,ST
58,.1~321,321,H2,01,15,01/15,2024-01-15T00:00:00,3,15,88,HH-P01,Large Box (1kg),Raw materials,P01,1kg,Large Box,0,ST
59,.1~145,145,H2,01,07,01/07,2024-01-07T00:00:00,2,7,88,HH-P01,Large Box (1kg),Raw materials,P01,1kg,Large Box,0,ST
60,.1~453,453,H2,02,01,02/01,2024-01-21T00:00:00,5,21,88,HH-P01,Large Box (1kg),Raw materials,P01,1kg,Large Box,0,ST
61,.1~79,79,H2,01,04,01/04,2024-01-04T00:00:00,1,4,88,HH-P01,Large Box (1kg),Raw materials,P01,1kg,Large Box,0,ST
62,.1~431,431,H2,01,20,01/20,2024-01-20T00:00:00,4,20,88,HH-P01,Large Box (1kg),Raw materials,P01,1kg,Large Box,0,ST
63,.1~127,127,H2,01,06,01/06,2024-01-06T00:00:00,2,6,88,HH-R01,Nuts,Raw materials,R01,,Nuts,10400.000,KG
64,.1~347,347,H2,01,16,01/16,2024-01-16T00:00:00,4,16,88,HH-R01,Nuts,Raw materials,R01,,Nuts,3200.000,KG
65,.1~105,105,H2,01,05,01/05,2024-01-05T00:00:00,1,5,88,HH-R01,Nuts,Raw materials,R01,,Nuts,14720.000,KG
66,.1~17,17,H2,01,01,01/01,2024-01-01T00:00:00,1,1,88,HH-R01,Nuts,Raw materials,R01,,Nuts,0.000,KG
67,.1~237,237,H2,01,11,01/11,2024-01-11T00:00:00,3,11,88,HH-R01,Nuts,Raw materials,R01,,Nuts,3200.000,KG
68,.1~259,259,H2,01,12,01/12,2024-01-12T00:00:00,3,12,88,HH-R01,Nuts,Raw materials,R01,,Nuts,3200.000,KG
69,.1~39,39,H2,01,02,01/02,2024-01-02T00:00:00,1,2,88,HH-R01,Nuts,Raw materials,R01,,Nuts,0.000,KG
70,.1~391,391,H2,01,18,01/18,2024-01-18T00:00:00,4,18,88,HH-R01,Nuts,Raw materials,R01,,Nuts,2000.000,KG
71,.1~215,215,H2,01,10,01/10,2024-01-10T00:00:00,2,10,88,HH-R01,Nuts,Raw materials,R01,,Nuts,3200.000,KG
72,.1~281,281,H2,01,13,01/13,2024-01-13T00:00:00,3,13,88,HH-R01,Nuts,Raw materials,R01,,Nuts,3200.000,KG
73,.1~83,83,H2,01,04,01/04,2024-01-04T00:00:00,1,4,88,HH-R01,Nuts,Raw materials,R01,,Nuts,0.000,KG
74,.1~413,413,H2,01,19,01/19,2024-01-19T00:00:00,4,19,88,HH-R01,Nuts,Raw materials,R01,,Nuts,800.000,KG
75,.1~193,193,H2,01,09,01/09,2024-01-09T00:00:00,2,9,88,HH-R01,Nuts,Raw materials,R01,,Nuts,3200.000,KG
76,.1~457,457,H2,02,01,02/01,2024-01-21T00:00:00,5,21,88,HH-R01,Nuts,Raw materials,R01,,Nuts,0.000,KG
77,.1~435,435,H2,01,20,01/20,2024-01-20T00:00:00,4,20,88,HH-R01,Nuts,Raw materials,R01,,Nuts,0.000,KG
78,.1~303,303,H2,01,14,01/14,2024-01-14T00:00:00,3,14,88,HH-R01,Nuts,Raw materials,R01,,Nuts,3200.000,KG
79,.1~171,171,H2,01,08,01/08,2024-01-08T00:00:00,2,8,88,HH-R01,Nuts,Raw materials,R01,,Nuts,3200.000,KG
80,.1~61,61,H2,01,03,01/03,2024-01-03T00:00:00,1,3,88,HH-R01,Nuts,Raw materials,R01,,Nuts,0.000,KG
81,.1~325,325,H2,01,15,01/15,2024-01-15T00:00:00,3,15,88,HH-R01,Nuts,Raw materials,R01,,Nuts,3200.000,KG
82,.1~369,369,H2,01,17,01/17,2024-01-17T00:00:00,4,17,88,HH-R01,Nuts,Raw materials,R01,,Nuts,3200.000,KG
83,.1~149,149,H2,01,07,01/07,2024-01-07T00:00:00,2,7,88,HH-R01,Nuts,Raw materials,R01,,Nuts,6080.000,KG
84,.1~462,462,H2,02,01,02/01,2024-01-21T00:00:00,5,21,88,HH-R06,Oats,Raw materials,R06,,Oats,0.000,KG
85,.1~242,242,H2,01,11,01/11,2024-01-11T00:00:00,3,11,88,HH-R06,Oats,Raw materials,R06,,Oats,32000.000,KG
86,.1~220,220,H2,01,10,01/10,2024-01-10T00:00:00,2,10,88,HH-R06,Oats,Raw materials,R06,,Oats,34800.000,KG
87,.1~264,264,H2,01,12,01/12,2024-01-12T00:00:00,3,12,88,HH-R06,Oats,Raw materials,R06,,Oats,27800.000,KG
88,.1~198,198,H2,01,09,01/09,2024-01-09T00:00:00,2,9,88,HH-R06,Oats,Raw materials,R06,,Oats,39000.000,KG
89,.1~286,286,H2,01,13,01/13,2024-01-13T00:00:00,3,13,88,HH-R06,Oats,Raw materials,R06,,Oats,23600.000,KG
90,.1~176,176,H2,01,08,01/08,2024-01-08T00:00:00,2,8,88,HH-R06,Oats,Raw materials,R06,,Oats,43200.000,KG
91,.1~308,308,H2,01,14,01/14,2024-01-14T00:00:00,3,14,88,HH-R06,Oats,Raw materials,R06,,Oats,20800.000,KG
92,.1~154,154,H2,01,07,01/07,2024-01-07T00:00:00,2,7,88,HH-R06,Oats,Raw materials,R06,,Oats,46000.000,KG
93,.1~330,330,H2,01,15,01/15,2024-01-15T00:00:00,3,15,88,HH-R06,Oats,Raw materials,R06,,Oats,16600.000,KG
94,.1~132,132,H2,01,06,01/06,2024-01-06T00:00:00,2,6,88,HH-R06,Oats,Raw materials,R06,,Oats,50200.000,KG
95,.1~352,352,H2,01,16,01/16,2024-01-16T00:00:00,4,16,88,HH-R06,Oats,Raw materials,R06,,Oats,12400.000,KG
96,.1~110,110,H2,01,05,01/05,2024-01-05T00:00:00,1,5,88,HH-R06,Oats,Raw materials,R06,,Oats,54400.000,KG
97,.1~374,374,H2,01,17,01/17,2024-01-17T00:00:00,4,17,88,HH-R06,Oats,Raw materials,R06,,Oats,9600.000,KG
98,.1~88,88,H2,01,04,01/04,2024-01-04T00:00:00,1,4,88,HH-R06,Oats,Raw materials,R06,,Oats,0.000,KG
99,.1~396,396,H2,01,18,01/18,2024-01-18T00:00:00,4,18,88,HH-R06,Oats,Raw materials,R06,,Oats,6000.000,KG
100,.1~66,66,H2,01,03,01/03,2024-01-03T00:00:00,1,3,88,HH-R06,Oats,Raw materials,R06,,Oats,0.000,KG
101,.1~418,418,H2,01,19,01/19,2024-01-19T00:00:00,4,19,88,HH-R06,Oats,Raw materials,R06,,Oats,2400.000,KG
102,.1~44,44,H2,01,02,01/02,2024-01-02T00:00:00,1,2,88,HH-R06,Oats,Raw materials,R06,,Oats,0.000,KG
103,.1~440,440,H2,01,20,01/20,2024-01-20T00:00:00,4,20,88,HH-R06,Oats,Raw materials,R06,,Oats,0.000,KG
104,.1~22,22,H2,01,01,01/01,2024-01-01T00:00:00,1,1,88,HH-R06,Oats,Raw materials,R06,,Oats,0.000,KG
105,.1~416,416,H2,01,19,01/19,2024-01-19T00:00:00,4,19,88,HH-R04,Raisins,Raw materials,R04,,Raisins,800.000,KG
106,.1~42,42,H2,01,02,01/02,2024-01-02T00:00:00,1,2,88,HH-R04,Raisins,Raw materials,R04,,Raisins,0.000,KG
107,.1~240,240,H2,01,11,01/11,2024-01-11T00:00:00,3,11,88,HH-R04,Raisins,Raw materials,R04,,Raisins,14720.000,KG
108,.1~20,20,H2,01,01,01/01,2024-01-01T00:00:00,1,1,88,HH-R04,Raisins,Raw materials,R04,,Raisins,0.000,KG
109,.1~262,262,H2,01,12,01/12,2024-01-12T00:00:00,3,12,88,HH-R04,Raisins,Raw materials,R04,,Raisins,14720.000,KG
110,.1~438,438,H2,01,20,01/20,2024-01-20T00:00:00,4,20,88,HH-R04,Raisins,Raw materials,R04,,Raisins,0.000,KG
111,.1~460,460,H2,02,01,02/01,2024-01-21T00:00:00,5,21,88,HH-R04,Raisins,Raw materials,R04,,Raisins,0.000,KG
112,.1~218,218,H2,01,10,01/10,2024-01-10T00:00:00,2,10,88,HH-R04,Raisins,Raw materials,R04,,Raisins,14720.000,KG
113,.1~196,196,H2,01,09,01/09,2024-01-09T00:00:00,2,9,88,HH-R04,Raisins,Raw materials,R04,,Raisins,14720.000,KG
114,.1~284,284,H2,01,13,01/13,2024-01-13T00:00:00,3,13,88,HH-R04,Raisins,Raw materials,R04,,Raisins,14720.000,KG
115,.1~174,174,H2,01,08,01/08,2024-01-08T00:00:00,2,8,88,HH-R04,Raisins,Raw materials,R04,,Raisins,14720.000,KG
116,.1~306,306,H2,01,14,01/14,2024-01-14T00:00:00,3,14,88,HH-R04,Raisins,Raw materials,R04,,Raisins,14720.000,KG
117,.1~152,152,H2,01,07,01/07,2024-01-07T00:00:00,2,7,88,HH-R04,Raisins,Raw materials,R04,,Raisins,14720.000,KG
118,.1~328,328,H2,01,15,01/15,2024-01-15T00:00:00,3,15,88,HH-R04,Raisins,Raw materials,R04,,Raisins,10400.000,KG
119,.1~130,130,H2,01,06,01/06,2024-01-06T00:00:00,2,6,88,HH-R04,Raisins,Raw materials,R04,,Raisins,14720.000,KG
120,.1~350,350,H2,01,16,01/16,2024-01-16T00:00:00,4,16,88,HH-R04,Raisins,Raw materials,R04,,Raisins,6080.000,KG
121,.1~108,108,H2,01,05,01/05,2024-01-05T00:00:00,1,5,88,HH-R04,Raisins,Raw materials,R04,,Raisins,14720.000,KG
122,.1~372,372,H2,01,17,01/17,2024-01-17T00:00:00,4,17,88,HH-R04,Raisins,Raw materials,R04,,Raisins,3200.000,KG
123,.1~86,86,H2,01,04,01/04,2024-01-04T00:00:00,1,4,88,HH-R04,Raisins,Raw materials,R04,,Raisins,0.000,KG
124,.1~394,394,H2,01,18,01/18,2024-01-18T00:00:00,4,18,88,HH-R04,Raisins,Raw materials,R04,,Raisins,2000.000,KG
125,.1~64,64,H2,01,03,01/03,2024-01-03T00:00:00,1,3,88,HH-R04,Raisins,Raw materials,R04,,Raisins,0.000,KG
126,.1~148,148,H2,01,07,01/07,2024-01-07T00:00:00,2,7,88,HH-P04,Small Bag (500g),Raw materials,P04,500g,Small Bag,272000,ST
127,.1~368,368,H2,01,17,01/17,2024-01-17T00:00:00,4,17,88,HH-P04,Small Bag (500g),Raw materials,P04,500g,Small Bag,64000,ST
128,.1~258,258,H2,01,12,01/12,2024-01-12T00:00:00,3,12,88,HH-P04,Small Bag (500g),Raw materials,P04,500g,Small Bag,168000,ST
129,.1~16,16,H2,01,01,01/01,2024-01-01T00:00:00,1,1,88,HH-P04,Small Bag (500g),Raw materials,P04,500g,Small Bag,0,ST
130,.1~390,390,H2,01,18,01/18,2024-01-18T00:00:00,4,18,88,HH-P04,Small Bag (500g),Raw materials,P04,500g,Small Bag,40000,ST
131,.1~236,236,H2,01,11,01/11,2024-01-11T00:00:00,3,11,88,HH-P04,Small Bag (500g),Raw materials,P04,500g,Small Bag,192000,ST
132,.1~214,214,H2,01,10,01/10,2024-01-10T00:00:00,2,10,88,HH-P04,Small Bag (500g),Raw materials,P04,500g,Small Bag,208000,ST
133,.1~60,60,H2,01,03,01/03,2024-01-03T00:00:00,1,3,88,HH-P04,Small Bag (500g),Raw materials,P04,500g,Small Bag,0,ST
134,.1~104,104,H2,01,05,01/05,2024-01-05T00:00:00,1,5,88,HH-P04,Small Bag (500g),Raw materials,P04,500g,Small Bag,320000,ST
135,.1~324,324,H2,01,15,01/15,2024-01-15T00:00:00,3,15,88,HH-P04,Small Bag (500g),Raw materials,P04,500g,Small Bag,104000,ST
136,.1~82,82,H2,01,04,01/04,2024-01-04T00:00:00,1,4,88,HH-P04,Small Bag (500g),Raw materials,P04,500g,Small Bag,0,ST
137,.1~280,280,H2,01,13,01/13,2024-01-13T00:00:00,3,13,88,HH-P04,Small Bag (500g),Raw materials,P04,500g,Small Bag,144000,ST
138,.1~126,126,H2,01,06,01/06,2024-01-06T00:00:00,2,6,88,HH-P04,Small Bag (500g),Raw materials,P04,500g,Small Bag,296000,ST
139,.1~38,38,H2,01,02,01/02,2024-01-02T00:00:00,1,2,88,HH-P04,Small Bag (500g),Raw materials,P04,500g,Small Bag,0,ST
140,.1~192,192,H2,01,09,01/09,2024-01-09T00:00:00,2,9,88,HH-P04,Small Bag (500g),Raw materials,P04,500g,Small Bag,232000,ST
141,.1~170,170,H2,01,08,01/08,2024-01-08T00:00:00,2,8,88,HH-P04,Small Bag (500g),Raw materials,P04,500g,Small Bag,256000,ST
142,.1~412,412,H2,01,19,01/19,2024-01-19T00:00:00,4,19,88,HH-P04,Small Bag (500g),Raw materials,P04,500g,Small Bag,16000,ST
143,.1~456,456,H2,02,01,02/01,2024-01-21T00:00:00,5,21,88,HH-P04,Small Bag (500g),Raw materials,P04,500g,Small Bag,0,ST
144,.1~434,434,H2,01,20,01/20,2024-01-20T00:00:00,4,20,88,HH-P04,Small Bag (500g),Raw materials,P04,500g,Small Bag,0,ST
145,.1~302,302,H2,01,14,01/14,2024-01-14T00:00:00,3,14,88,HH-P04,Small Bag (500g),Raw materials,P04,500g,Small Bag,128000,ST
146,.1~346,346,H2,01,16,01/16,2024-01-16T00:00:00,4,16,88,HH-P04,Small Bag (500g),Raw materials,P04,500g,Small Bag,80000,ST
147,.1~367,367,H2,01,17,01/17,2024-01-17T00:00:00,4,17,88,HH-P03,Small Box (500g),Raw materials,P03,500g,Small Box,64000,ST
148,.1~323,323,H2,01,15,01/15,2024-01-15T00:00:00,3,15,88,HH-P03,Small Box (500g),Raw materials,P03,500g,Small Box,104000,ST
149,.1~455,455,H2,02,01,02/01,2024-01-21T00:00:00,5,21,88,HH-P03,Small Box (500g),Raw materials,P03,500g,Small Box,0,ST
150,.1~433,433,H2,01,20,01/20,2024-01-20T00:00:00,4,20,88,HH-P03,Small Box (500g),Raw materials,P03,500g,Small Box,0,ST
151,.1~169,169,H2,01,08,01/08,2024-01-08T00:00:00,2,8,88,HH-P03,Small Box (500g),Raw materials,P03,500g,Small Box,256000,ST
152,.1~345,345,H2,01,16,01/16,2024-01-16T00:00:00,4,16,88,HH-P03,Small Box (500g),Raw materials,P03,500g,Small Box,80000,ST
153,.1~147,147,H2,01,07,01/07,2024-01-07T00:00:00,2,7,88,HH-P03,Small Box (500g),Raw materials,P03,500g,Small Box,272000,ST
154,.1~411,411,H2,01,19,01/19,2024-01-19T00:00:00,4,19,88,HH-P03,Small Box (500g),Raw materials,P03,500g,Small Box,16000,ST
155,.1~103,103,H2,01,05,01/05,2024-01-05T00:00:00,1,5,88,HH-P03,Small Box (500g),Raw materials,P03,500g,Small Box,320000,ST
156,.1~37,37,H2,01,02,01/02,2024-01-02T00:00:00,1,2,88,HH-P03,Small Box (500g),Raw materials,P03,500g,Small Box,0,ST
157,.1~213,213,H2,01,10,01/10,2024-01-10T00:00:00,2,10,88,HH-P03,Small Box (500g),Raw materials,P03,500g,Small Box,208000,ST
158,.1~81,81,H2,01,04,01/04,2024-01-04T00:00:00,1,4,88,HH-P03,Small Box (500g),Raw materials,P03,500g,Small Box,0,ST
159,.1~279,279,H2,01,13,01/13,2024-01-13T00:00:00,3,13,88,HH-P03,Small Box (500g),Raw materials,P03,500g,Small Box,144000,ST
160,.1~389,389,H2,01,18,01/18,2024-01-18T00:00:00,4,18,88,HH-P03,Small Box (500g),Raw materials,P03,500g,Small Box,40000,ST
161,.1~125,125,H2,01,06,01/06,2024-01-06T00:00:00,2,6,88,HH-P03,Small Box (500g),Raw materials,P03,500g,Small Box,296000,ST
162,.1~59,59,H2,01,03,01/03,2024-01-03T00:00:00,1,3,88,HH-P03,Small Box (500g),Raw materials,P03,500g,Small Box,0,ST
163,.1~15,15,H2,01,01,01/01,2024-01-01T00:00:00,1,1,88,HH-P03,Small Box (500g),Raw materials,P03,500g,Small Box,0,ST
164,.1~191,191,H2,01,09,01/09,2024-01-09T00:00:00,2,9,88,HH-P03,Small Box (500g),Raw materials,P03,500g,Small Box,232000,ST
165,.1~257,257,H2,01,12,01/12,2024-01-12T00:00:00,3,12,88,HH-P03,Small Box (500g),Raw materials,P03,500g,Small Box,168000,ST
166,.1~301,301,H2,01,14,01/14,2024-01-14T00:00:00,3,14,88,HH-P03,Small Box (500g),Raw materials,P03,500g,Small Box,128000,ST
167,.1~235,235,H2,01,11,01/11,2024-01-11T00:00:00,3,11,88,HH-P03,Small Box (500g),Raw materials,P03,500g,Small Box,192000,ST
168,.1~261,261,H2,01,12,01/12,2024-01-12T00:00:00,3,12,88,HH-R03,Strawberries,Raw materials,R03,,Strawberries,10400.000,KG
169,.1~63,63,H2,01,03,01/03,2024-01-03T00:00:00,1,3,88,HH-R03,Strawberries,Raw materials,R03,,Strawberries,0.000,KG
170,.1~393,393,H2,01,18,01/18,2024-01-18T00:00:00,4,18,88,HH-R03,Strawberries,Raw materials,R03,,Strawberries,2000.000,KG
171,.1~41,41,H2,01,02,01/02,2024-01-02T00:00:00,1,2,88,HH-R03,Strawberries,Raw materials,R03,,Strawberries,0.000,KG
172,.1~415,415,H2,01,19,01/19,2024-01-19T00:00:00,4,19,88,HH-R03,Strawberries,Raw materials,R03,,Strawberries,800.000,KG
173,.1~217,217,H2,01,10,01/10,2024-01-10T00:00:00,2,10,88,HH-R03,Strawberries,Raw materials,R03,,Strawberries,14720.000,KG
174,.1~239,239,H2,01,11,01/11,2024-01-11T00:00:00,3,11,88,HH-R03,Strawberries,Raw materials,R03,,Strawberries,14720.000,KG
175,.1~19,19,H2,01,01,01/01,2024-01-01T00:00:00,1,1,88,HH-R03,Strawberries,Raw materials,R03,,Strawberries,0.000,KG
176,.1~459,459,H2,02,01,02/01,2024-01-21T00:00:00,5,21,88,HH-R03,Strawberries,Raw materials,R03,,Strawberries,0.000,KG
177,.1~437,437,H2,01,20,01/20,2024-01-20T00:00:00,4,20,88,HH-R03,Strawberries,Raw materials,R03,,Strawberries,0.000,KG
178,.1~283,283,H2,01,13,01/13,2024-01-13T00:00:00,3,13,88,HH-R03,Strawberries,Raw materials,R03,,Strawberries,6080.000,KG
179,.1~85,85,H2,01,04,01/04,2024-01-04T00:00:00,1,4,88,HH-R03,Strawberries,Raw materials,R03,,Strawberries,0.000,KG
180,.1~195,195,H2,01,09,01/09,2024-01-09T00:00:00,2,9,88,HH-R03,Strawberries,Raw materials,R03,,Strawberries,14720.000,KG
181,.1~173,173,H2,01,08,01/08,2024-01-08T00:00:00,2,8,88,HH-R03,Strawberries,Raw materials,R03,,Strawberries,14720.000,KG
182,.1~305,305,H2,01,14,01/14,2024-01-14T00:00:00,3,14,88,HH-R03,Strawberries,Raw materials,R03,,Strawberries,3200.000,KG
183,.1~151,151,H2,01,07,01/07,2024-01-07T00:00:00,2,7,88,HH-R03,Strawberries,Raw materials,R03,,Strawberries,14720.000,KG
184,.1~371,371,H2,01,17,01/17,2024-01-17T00:00:00,4,17,88,HH-R03,Strawberries,Raw materials,R03,,Strawberries,3200.000,KG
185,.1~327,327,H2,01,15,01/15,2024-01-15T00:00:00,3,15,88,HH-R03,Strawberries,Raw materials,R03,,Strawberries,3200.000,KG
186,.1~129,129,H2,01,06,01/06,2024-01-06T00:00:00,2,6,88,HH-R03,Strawberries,Raw materials,R03,,Strawberries,14720.000,KG
187,.1~349,349,H2,01,16,01/16,2024-01-16T00:00:00,4,16,88,HH-R03,Strawberries,Raw materials,R03,,Strawberries,3200.000,KG
188,.1~107,107,H2,01,05,01/05,2024-01-05T00:00:00,1,5,88,HH-R03,Strawberries,Raw materials,R03,,Strawberries,14720.000,KG
189,.1~439,439,H2,01,20,01/20,2024-01-20T00:00:00,4,20,88,HH-R05,Wheat,Raw materials,R05,,Wheat,0.000,KG
190,.1~21,21,H2,01,01,01/01,2024-01-01T00:00:00,1,1,88,HH-R05,Wheat,Raw materials,R05,,Wheat,0.000,KG
191,.1~241,241,H2,01,11,01/11,2024-01-11T00:00:00,3,11,88,HH-R05,Wheat,Raw materials,R05,,Wheat,28160.000,KG
192,.1~461,461,H2,02,01,02/01,2024-01-21T00:00:00,5,21,88,HH-R05,Wheat,Raw materials,R05,,Wheat,0.000,KG
193,.1~219,219,H2,01,10,01/10,2024-01-10T00:00:00,2,10,88,HH-R05,Wheat,Raw materials,R05,,Wheat,30480.000,KG
194,.1~263,263,H2,01,12,01/12,2024-01-12T00:00:00,3,12,88,HH-R05,Wheat,Raw materials,R05,,Wheat,24680.000,KG
195,.1~197,197,H2,01,09,01/09,2024-01-09T00:00:00,2,9,88,HH-R05,Wheat,Raw materials,R05,,Wheat,33960.000,KG
196,.1~285,285,H2,01,13,01/13,2024-01-13T00:00:00,3,13,88,HH-R05,Wheat,Raw materials,R05,,Wheat,21200.000,KG
197,.1~175,175,H2,01,08,01/08,2024-01-08T00:00:00,2,8,88,HH-R05,Wheat,Raw materials,R05,,Wheat,37440.000,KG
198,.1~307,307,H2,01,14,01/14,2024-01-14T00:00:00,3,14,88,HH-R05,Wheat,Raw materials,R05,,Wheat,18880.000,KG
199,.1~153,153,H2,01,07,01/07,2024-01-07T00:00:00,2,7,88,HH-R05,Wheat,Raw materials,R05,,Wheat,39760.000,KG
200,.1~329,329,H2,01,15,01/15,2024-01-15T00:00:00,3,15,88,HH-R05,Wheat,Raw materials,R05,,Wheat,15400.000,KG
201,.1~131,131,H2,01,06,01/06,2024-01-06T00:00:00,2,6,88,HH-R05,Wheat,Raw materials,R05,,Wheat,43240.000,KG
202,.1~351,351,H2,01,16,01/16,2024-01-16T00:00:00,4,16,88,HH-R05,Wheat,Raw materials,R05,,Wheat,11920.000,KG
203,.1~109,109,H2,01,05,01/05,2024-01-05T00:00:00,1,5,88,HH-R05,Wheat,Raw materials,R05,,Wheat,46720.000,KG
204,.1~373,373,H2,01,17,01/17,2024-01-17T00:00:00,4,17,88,HH-R05,Wheat,Raw materials,R05,,Wheat,9600.000,KG
205,.1~87,87,H2,01,04,01/04,2024-01-04T00:00:00,1,4,88,HH-R05,Wheat,Raw materials,R05,,Wheat,0.000,KG
206,.1~395,395,H2,01,18,01/18,2024-01-18T00:00:00,4,18,88,HH-R05,Wheat,Raw materials,R05,,Wheat,6000.000,KG
207,.1~65,65,H2,01,03,01/03,2024-01-03T00:00:00,1,3,88,HH-R05,Wheat,Raw materials,R05,,Wheat,0.000,KG
208,.1~417,417,H2,01,19,01/19,2024-01-19T00:00:00,4,19,88,HH-R05,Wheat,Raw materials,R05,,Wheat,2400.000,KG
209,.1~43,43,H2,01,02,01/02,2024-01-02T00:00:00,1,2,88,HH-R05,Wheat,Raw materials,R05,,Wheat,0.000,KG
210,.1~320,320,H2,01,15,01/15,2024-01-15T00:00:00,3,15,02,HH-F16,1kg Mixed Fruit Muesli,Finished Product,F16,1kg,Mixed Fruit Muesli,0,ST
211,.1~364,364,H2,01,17,01/17,2024-01-17T00:00:00,4,17,02,HH-F16,1kg Mixed Fruit Muesli,Finished Product,F16,1kg,Mixed Fruit Muesli,0,ST
212,.1~298,298,H2,01,14,01/14,2024-01-14T00:00:00,3,14,02,HH-F16,1kg Mixed Fruit Muesli,Finished Product,F16,1kg,Mixed Fruit Muesli,0,ST
213,.1~342,342,H2,01,16,01/16,2024-01-16T00:00:00,4,16,02,HH-F16,1kg Mixed Fruit Muesli,Finished Product,F16,1kg,Mixed Fruit Muesli,0,ST
214,.1~452,452,H2,02,01,02/01,2024-01-21T00:00:00,5,21,02,HH-F16,1kg Mixed Fruit Muesli,Finished Product,F16,1kg,Mixed Fruit Muesli,0,ST
215,.1~386,386,H2,01,18,01/18,2024-01-18T00:00:00,4,18,02,HH-F16,1kg Mixed Fruit Muesli,Finished Product,F16,1kg,Mixed Fruit Muesli,0,ST
216,.1~254,254,H2,01,12,01/12,2024-01-12T00:00:00,3,12,02,HH-F16,1kg Mixed Fruit Muesli,Finished Product,F16,1kg,Mixed Fruit Muesli,0,ST
217,.1~408,408,H2,01,19,01/19,2024-01-19T00:00:00,4,19,02,HH-F16,1kg Mixed Fruit Muesli,Finished Product,F16,1kg,Mixed Fruit Muesli,0,ST
218,.1~276,276,H2,01,13,01/13,2024-01-13T00:00:00,3,13,02,HH-F16,1kg Mixed Fruit Muesli,Finished Product,F16,1kg,Mixed Fruit Muesli,0,ST
219,.1~430,430,H2,01,20,01/20,2024-01-20T00:00:00,4,20,02,HH-F16,1kg Mixed Fruit Muesli,Finished Product,F16,1kg,Mixed Fruit Muesli,0,ST
220,.1~34,34,H2,01,02,01/02,2024-01-02T00:00:00,1,2,02,HH-F16,1kg Mixed Fruit Muesli,Finished Product,F16,1kg,Mixed Fruit Muesli,0,ST
221,.1~210,210,H2,01,10,01/10,2024-01-10T00:00:00,2,10,02,HH-F16,1kg Mixed Fruit Muesli,Finished Product,F16,1kg,Mixed Fruit Muesli,0,ST
222,.1~78,78,H2,01,04,01/04,2024-01-04T00:00:00,1,4,02,HH-F16,1kg Mixed Fruit Muesli,Finished Product,F16,1kg,Mixed Fruit Muesli,0,ST
223,.1~188,188,H2,01,09,01/09,2024-01-09T00:00:00,2,9,02,HH-F16,1kg Mixed Fruit Muesli,Finished Product,F16,1kg,Mixed Fruit Muesli,0,ST
224,.1~100,100,H2,01,05,01/05,2024-01-05T00:00:00,1,5,02,HH-F16,1kg Mixed Fruit Muesli,Finished Product,F16,1kg,Mixed Fruit Muesli,0,ST
225,.1~144,144,H2,01,07,01/07,2024-01-07T00:00:00,2,7,02,HH-F16,1kg Mixed Fruit Muesli,Finished Product,F16,1kg,Mixed Fruit Muesli,0,ST
226,.1~122,122,H2,01,06,01/06,2024-01-06T00:00:00,2,6,02,HH-F16,1kg Mixed Fruit Muesli,Finished Product,F16,1kg,Mixed Fruit Muesli,0,ST
227,.1~232,232,H2,01,11,01/11,2024-01-11T00:00:00,3,11,02,HH-F16,1kg Mixed Fruit Muesli,Finished Product,F16,1kg,Mixed Fruit Muesli,0,ST
228,.1~56,56,H2,01,03,01/03,2024-01-03T00:00:00,1,3,02,HH-F16,1kg Mixed Fruit Muesli,Finished Product,F16,1kg,Mixed Fruit Muesli,0,ST
229,.1~166,166,H2,01,08,01/08,2024-01-08T00:00:00,2,8,02,HH-F16,1kg Mixed Fruit Muesli,Finished Product,F16,1kg,Mixed Fruit Muesli,0,ST
230,.1~12,12,H2,01,01,01/01,2024-01-01T00:00:00,1,1,02,HH-F16,1kg Mixed Fruit Muesli,Finished Product,F16,1kg,Mixed Fruit Muesli,0,ST
231,.1~293,293,H2,01,14,01/14,2024-01-14T00:00:00,3,14,02,HH-F11,1kg Nut Muesli,Finished Product,F11,1kg,Nut Muesli,0,ST
232,.1~139,139,H2,01,07,01/07,2024-01-07T00:00:00,2,7,02,HH-F11,1kg Nut Muesli,Finished Product,F11,1kg,Nut Muesli,0,ST
233,.1~271,271,H2,01,13,01/13,2024-01-13T00:00:00,3,13,02,HH-F11,1kg Nut Muesli,Finished Product,F11,1kg,Nut Muesli,0,ST
234,.1~403,403,H2,01,19,01/19,2024-01-19T00:00:00,4,19,02,HH-F11,1kg Nut Muesli,Finished Product,F11,1kg,Nut Muesli,0,ST
235,.1~315,315,H2,01,15,01/15,2024-01-15T00:00:00,3,15,02,HH-F11,1kg Nut Muesli,Finished Product,F11,1kg,Nut Muesli,0,ST
236,.1~249,249,H2,01,12,01/12,2024-01-12T00:00:00,3,12,02,HH-F11,1kg Nut Muesli,Finished Product,F11,1kg,Nut Muesli,0,ST
237,.1~161,161,H2,01,08,01/08,2024-01-08T00:00:00,2,8,02,HH-F11,1kg Nut Muesli,Finished Product,F11,1kg,Nut Muesli,0,ST
238,.1~227,227,H2,01,11,01/11,2024-01-11T00:00:00,3,11,02,HH-F11,1kg Nut Muesli,Finished Product,F11,1kg,Nut Muesli,0,ST
239,.1~51,51,H2,01,03,01/03,2024-01-03T00:00:00,1,3,02,HH-F11,1kg Nut Muesli,Finished Product,F11,1kg,Nut Muesli,0,ST
240,.1~447,447,H2,02,01,02/01,2024-01-21T00:00:00,5,21,02,HH-F11,1kg Nut Muesli,Finished Product,F11,1kg,Nut Muesli,0,ST
241,.1~425,425,H2,01,20,01/20,2024-01-20T00:00:00,4,20,02,HH-F11,1kg Nut Muesli,Finished Product,F11,1kg,Nut Muesli,0,ST
242,.1~7,7,H2,01,01,01/01,2024-01-01T00:00:00,1,1,02,HH-F11,1kg Nut Muesli,Finished Product,F11,1kg,Nut Muesli,0,ST
243,.1~183,183,H2,01,09,01/09,2024-01-09T00:00:00,2,9,02,HH-F11,1kg Nut Muesli,Finished Product,F11,1kg,Nut Muesli,0,ST
244,.1~205,205,H2,01,10,01/10,2024-01-10T00:00:00,2,10,02,HH-F11,1kg Nut Muesli,Finished Product,F11,1kg,Nut Muesli,0,ST
245,.1~359,359,H2,01,17,01/17,2024-01-17T00:00:00,4,17,02,HH-F11,1kg Nut Muesli,Finished Product,F11,1kg,Nut Muesli,0,ST
246,.1~381,381,H2,01,18,01/18,2024-01-18T00:00:00,4,18,02,HH-F11,1kg Nut Muesli,Finished Product,F11,1kg,Nut Muesli,0,ST
247,.1~337,337,H2,01,16,01/16,2024-01-16T00:00:00,4,16,02,HH-F11,1kg Nut Muesli,Finished Product,F11,1kg,Nut Muesli,0,ST
248,.1~73,73,H2,01,04,01/04,2024-01-04T00:00:00,1,4,02,HH-F11,1kg Nut Muesli,Finished Product,F11,1kg,Nut Muesli,0,ST
249,.1~117,117,H2,01,06,01/06,2024-01-06T00:00:00,2,6,02,HH-F11,1kg Nut Muesli,Finished Product,F11,1kg,Nut Muesli,0,ST
250,.1~95,95,H2,01,05,01/05,2024-01-05T00:00:00,1,5,02,HH-F11,1kg Nut Muesli,Finished Product,F11,1kg,Nut Muesli,0,ST
251,.1~29,29,H2,01,02,01/02,2024-01-02T00:00:00,1,2,02,HH-F11,1kg Nut Muesli,Finished Product,F11,1kg,Nut Muesli,0,ST
252,.1~231,231,H2,01,11,01/11,2024-01-11T00:00:00,3,11,02,HH-F15,1kg Original Muesli,Finished Product,F15,1kg,Original Muesli,0,ST
253,.1~385,385,H2,01,18,01/18,2024-01-18T00:00:00,4,18,02,HH-F15,1kg Original Muesli,Finished Product,F15,1kg,Original Muesli,0,ST
254,.1~55,55,H2,01,03,01/03,2024-01-03T00:00:00,1,3,02,HH-F15,1kg Original Muesli,Finished Product,F15,1kg,Original Muesli,0,ST
255,.1~99,99,H2,01,05,01/05,2024-01-05T00:00:00,1,5,02,HH-F15,1kg Original Muesli,Finished Product,F15,1kg,Original Muesli,0,ST
256,.1~451,451,H2,02,01,02/01,2024-01-21T00:00:00,5,21,02,HH-F15,1kg Original Muesli,Finished Product,F15,1kg,Original Muesli,0,ST
257,.1~77,77,H2,01,04,01/04,2024-01-04T00:00:00,1,4,02,HH-F15,1kg Original Muesli,Finished Product,F15,1kg,Original Muesli,0,ST
258,.1~363,363,H2,01,17,01/17,2024-01-17T00:00:00,4,17,02,HH-F15,1kg Original Muesli,Finished Product,F15,1kg,Original Muesli,0,ST
259,.1~407,407,H2,01,19,01/19,2024-01-19T00:00:00,4,19,02,HH-F15,1kg Original Muesli,Finished Product,F15,1kg,Original Muesli,0,ST
260,.1~121,121,H2,01,06,01/06,2024-01-06T00:00:00,2,6,02,HH-F15,1kg Original Muesli,Finished Product,F15,1kg,Original Muesli,0,ST
261,.1~275,275,H2,01,13,01/13,2024-01-13T00:00:00,3,13,02,HH-F15,1kg Original Muesli,Finished Product,F15,1kg,Original Muesli,0,ST
262,.1~187,187,H2,01,09,01/09,2024-01-09T00:00:00,2,9,02,HH-F15,1kg Original Muesli,Finished Product,F15,1kg,Original Muesli,0,ST
263,.1~33,33,H2,01,02,01/02,2024-01-02T00:00:00,1,2,02,HH-F15,1kg Original Muesli,Finished Product,F15,1kg,Original Muesli,0,ST
264,.1~429,429,H2,01,20,01/20,2024-01-20T00:00:00,4,20,02,HH-F15,1kg Original Muesli,Finished Product,F15,1kg,Original Muesli,0,ST
265,.1~297,297,H2,01,14,01/14,2024-01-14T00:00:00,3,14,02,HH-F15,1kg Original Muesli,Finished Product,F15,1kg,Original Muesli,0,ST
266,.1~165,165,H2,01,08,01/08,2024-01-08T00:00:00,2,8,02,HH-F15,1kg Original Muesli,Finished Product,F15,1kg,Original Muesli,0,ST
267,.1~209,209,H2,01,10,01/10,2024-01-10T00:00:00,2,10,02,HH-F15,1kg Original Muesli,Finished Product,F15,1kg,Original Muesli,0,ST
268,.1~319,319,H2,01,15,01/15,2024-01-15T00:00:00,3,15,02,HH-F15,1kg Original Muesli,Finished Product,F15,1kg,Original Muesli,0,ST
269,.1~143,143,H2,01,07,01/07,2024-01-07T00:00:00,2,7,02,HH-F15,1kg Original Muesli,Finished Product,F15,1kg,Original Muesli,0,ST
270,.1~341,341,H2,01,16,01/16,2024-01-16T00:00:00,4,16,02,HH-F15,1kg Original Muesli,Finished Product,F15,1kg,Original Muesli,0,ST
271,.1~11,11,H2,01,01,01/01,2024-01-01T00:00:00,1,1,02,HH-F15,1kg Original Muesli,Finished Product,F15,1kg,Original Muesli,0,ST
272,.1~253,253,H2,01,12,01/12,2024-01-12T00:00:00,3,12,02,HH-F15,1kg Original Muesli,Finished Product,F15,1kg,Original Muesli,0,ST
273,.1~274,274,H2,01,13,01/13,2024-01-13T00:00:00,3,13,02,HH-F14,1kg Raisin Muesli,Finished Product,F14,1kg,Raisin Muesli,0,ST
274,.1~230,230,H2,01,11,01/11,2024-01-11T00:00:00,3,11,02,HH-F14,1kg Raisin Muesli,Finished Product,F14,1kg,Raisin Muesli,0,ST
275,.1~252,252,H2,01,12,01/12,2024-01-12T00:00:00,3,12,02,HH-F14,1kg Raisin Muesli,Finished Product,F14,1kg,Raisin Muesli,0,ST
276,.1~32,32,H2,01,02,01/02,2024-01-02T00:00:00,1,2,02,HH-F14,1kg Raisin Muesli,Finished Product,F14,1kg,Raisin Muesli,0,ST
277,.1~208,208,H2,01,10,01/10,2024-01-10T00:00:00,2,10,02,HH-F14,1kg Raisin Muesli,Finished Product,F14,1kg,Raisin Muesli,0,ST
278,.1~120,120,H2,01,06,01/06,2024-01-06T00:00:00,2,6,02,HH-F14,1kg Raisin Muesli,Finished Product,F14,1kg,Raisin Muesli,0,ST
279,.1~362,362,H2,01,17,01/17,2024-01-17T00:00:00,4,17,02,HH-F14,1kg Raisin Muesli,Finished Product,F14,1kg,Raisin Muesli,0,ST
280,.1~340,340,H2,01,16,01/16,2024-01-16T00:00:00,4,16,02,HH-F14,1kg Raisin Muesli,Finished Product,F14,1kg,Raisin Muesli,0,ST
281,.1~10,10,H2,01,01,01/01,2024-01-01T00:00:00,1,1,02,HH-F14,1kg Raisin Muesli,Finished Product,F14,1kg,Raisin Muesli,0,ST
282,.1~142,142,H2,01,07,01/07,2024-01-07T00:00:00,2,7,02,HH-F14,1kg Raisin Muesli,Finished Product,F14,1kg,Raisin Muesli,0,ST
283,.1~98,98,H2,01,05,01/05,2024-01-05T00:00:00,1,5,02,HH-F14,1kg Raisin Muesli,Finished Product,F14,1kg,Raisin Muesli,0,ST
284,.1~54,54,H2,01,03,01/03,2024-01-03T00:00:00,1,3,02,HH-F14,1kg Raisin Muesli,Finished Product,F14,1kg,Raisin Muesli,0,ST
285,.1~318,318,H2,01,15,01/15,2024-01-15T00:00:00,3,15,02,HH-F14,1kg Raisin Muesli,Finished Product,F14,1kg,Raisin Muesli,0,ST
286,.1~164,164,H2,01,08,01/08,2024-01-08T00:00:00,2,8,02,HH-F14,1kg Raisin Muesli,Finished Product,F14,1kg,Raisin Muesli,0,ST
287,.1~450,450,H2,02,01,02/01,2024-01-21T00:00:00,5,21,02,HH-F14,1kg Raisin Muesli,Finished Product,F14,1kg,Raisin Muesli,0,ST
288,.1~384,384,H2,01,18,01/18,2024-01-18T00:00:00,4,18,02,HH-F14,1kg Raisin Muesli,Finished Product,F14,1kg,Raisin Muesli,0,ST
289,.1~296,296,H2,01,14,01/14,2024-01-14T00:00:00,3,14,02,HH-F14,1kg Raisin Muesli,Finished Product,F14,1kg,Raisin Muesli,0,ST
290,.1~428,428,H2,01,20,01/20,2024-01-20T00:00:00,4,20,02,HH-F14,1kg Raisin Muesli,Finished Product,F14,1kg,Raisin Muesli,0,ST
291,.1~186,186,H2,01,09,01/09,2024-01-09T00:00:00,2,9,02,HH-F14,1kg Raisin Muesli,Finished Product,F14,1kg,Raisin Muesli,0,ST
292,.1~76,76,H2,01,04,01/04,2024-01-04T00:00:00,1,4,02,HH-F14,1kg Raisin Muesli,Finished Product,F14,1kg,Raisin Muesli,0,ST
293,.1~406,406,H2,01,19,01/19,2024-01-19T00:00:00,4,19,02,HH-F14,1kg Raisin Muesli,Finished Product,F14,1kg,Raisin Muesli,0,ST
294,.1~361,361,H2,01,17,01/17,2024-01-17T00:00:00,4,17,02,HH-F13,1kg Strawberry Muesli,Finished Product,F13,1kg,Strawberry Muesli,0,ST
295,.1~97,97,H2,01,05,01/05,2024-01-05T00:00:00,1,5,02,HH-F13,1kg Strawberry Muesli,Finished Product,F13,1kg,Strawberry Muesli,0,ST
296,.1~229,229,H2,01,11,01/11,2024-01-11T00:00:00,3,11,02,HH-F13,1kg Strawberry Muesli,Finished Product,F13,1kg,Strawberry Muesli,0,ST
297,.1~185,185,H2,01,09,01/09,2024-01-09T00:00:00,2,9,02,HH-F13,1kg Strawberry Muesli,Finished Product,F13,1kg,Strawberry Muesli,0,ST
298,.1~119,119,H2,01,06,01/06,2024-01-06T00:00:00,2,6,02,HH-F13,1kg Strawberry Muesli,Finished Product,F13,1kg,Strawberry Muesli,0,ST
299,.1~53,53,H2,01,03,01/03,2024-01-03T00:00:00,1,3,02,HH-F13,1kg Strawberry Muesli,Finished Product,F13,1kg,Strawberry Muesli,0,ST
300,.1~405,405,H2,01,19,01/19,2024-01-19T00:00:00,4,19,02,HH-F13,1kg Strawberry Muesli,Finished Product,F13,1kg,Strawberry Muesli,0,ST
301,.1~31,31,H2,01,02,01/02,2024-01-02T00:00:00,1,2,02,HH-F13,1kg Strawberry Muesli,Finished Product,F13,1kg,Strawberry Muesli,0,ST
302,.1~317,317,H2,01,15,01/15,2024-01-15T00:00:00,3,15,02,HH-F13,1kg Strawberry Muesli,Finished Product,F13,1kg,Strawberry Muesli,0,ST
303,.1~273,273,H2,01,13,01/13,2024-01-13T00:00:00,3,13,02,HH-F13,1kg Strawberry Muesli,Finished Product,F13,1kg,Strawberry Muesli,0,ST
304,.1~9,9,H2,01,01,01/01,2024-01-01T00:00:00,1,1,02,HH-F13,1kg Strawberry Muesli,Finished Product,F13,1kg,Strawberry Muesli,0,ST
305,.1~163,163,H2,01,08,01/08,2024-01-08T00:00:00,2,8,02,HH-F13,1kg Strawberry Muesli,Finished Product,F13,1kg,Strawberry Muesli,0,ST
306,.1~207,207,H2,01,10,01/10,2024-01-10T00:00:00,2,10,02,HH-F13,1kg Strawberry Muesli,Finished Product,F13,1kg,Strawberry Muesli,0,ST
307,.1~449,449,H2,02,01,02/01,2024-01-21T00:00:00,5,21,02,HH-F13,1kg Strawberry Muesli,Finished Product,F13,1kg,Strawberry Muesli,0,ST
308,.1~141,141,H2,01,07,01/07,2024-01-07T00:00:00,2,7,02,HH-F13,1kg Strawberry Muesli,Finished Product,F13,1kg,Strawberry Muesli,0,ST
309,.1~75,75,H2,01,04,01/04,2024-01-04T00:00:00,1,4,02,HH-F13,1kg Strawberry Muesli,Finished Product,F13,1kg,Strawberry Muesli,0,ST
310,.1~251,251,H2,01,12,01/12,2024-01-12T00:00:00,3,12,02,HH-F13,1kg Strawberry Muesli,Finished Product,F13,1kg,Strawberry Muesli,0,ST
311,.1~427,427,H2,01,20,01/20,2024-01-20T00:00:00,4,20,02,HH-F13,1kg Strawberry Muesli,Finished Product,F13,1kg,Strawberry Muesli,0,ST
312,.1~383,383,H2,01,18,01/18,2024-01-18T00:00:00,4,18,02,HH-F13,1kg Strawberry Muesli,Finished Product,F13,1kg,Strawberry Muesli,0,ST
313,.1~339,339,H2,01,16,01/16,2024-01-16T00:00:00,4,16,02,HH-F13,1kg Strawberry Muesli,Finished Product,F13,1kg,Strawberry Muesli,0,ST
314,.1~295,295,H2,01,14,01/14,2024-01-14T00:00:00,3,14,02,HH-F13,1kg Strawberry Muesli,Finished Product,F13,1kg,Strawberry Muesli,0,ST
315,.1~68,68,H2,01,04,01/04,2024-01-04T00:00:00,1,4,02,HH-F02,500g Blueberry Muesli,Finished Product,F02,500g,Blueberry Muesli,0,ST
316,.1~420,420,H2,01,20,01/20,2024-01-20T00:00:00,4,20,02,HH-F02,500g Blueberry Muesli,Finished Product,F02,500g,Blueberry Muesli,23483,ST
317,.1~398,398,H2,01,19,01/19,2024-01-19T00:00:00,4,19,02,HH-F02,500g Blueberry Muesli,Finished Product,F02,500g,Blueberry Muesli,27563,ST
318,.1~90,90,H2,01,05,01/05,2024-01-05T00:00:00,1,5,02,HH-F02,500g Blueberry Muesli,Finished Product,F02,500g,Blueberry Muesli,0,ST
319,.1~376,376,H2,01,18,01/18,2024-01-18T00:00:00,4,18,02,HH-F02,500g Blueberry Muesli,Finished Product,F02,500g,Blueberry Muesli,27563,ST
320,.1~112,112,H2,01,06,01/06,2024-01-06T00:00:00,2,6,02,HH-F02,500g Blueberry Muesli,Finished Product,F02,500g,Blueberry Muesli,0,ST
321,.1~354,354,H2,01,17,01/17,2024-01-17T00:00:00,4,17,02,HH-F02,500g Blueberry Muesli,Finished Product,F02,500g,Blueberry Muesli,32713,ST
322,.1~46,46,H2,01,03,01/03,2024-01-03T00:00:00,1,3,02,HH-F02,500g Blueberry Muesli,Finished Product,F02,500g,Blueberry Muesli,0,ST
323,.1~134,134,H2,01,07,01/07,2024-01-07T00:00:00,2,7,02,HH-F02,500g Blueberry Muesli,Finished Product,F02,500g,Blueberry Muesli,0,ST
324,.1~332,332,H2,01,16,01/16,2024-01-16T00:00:00,4,16,02,HH-F02,500g Blueberry Muesli,Finished Product,F02,500g,Blueberry Muesli,34508,ST
325,.1~156,156,H2,01,08,01/08,2024-01-08T00:00:00,2,8,02,HH-F02,500g Blueberry Muesli,Finished Product,F02,500g,Blueberry Muesli,0,ST
326,.1~310,310,H2,01,15,01/15,2024-01-15T00:00:00,3,15,02,HH-F02,500g Blueberry Muesli,Finished Product,F02,500g,Blueberry Muesli,38369,ST
327,.1~178,178,H2,01,09,01/09,2024-01-09T00:00:00,2,9,02,HH-F02,500g Blueberry Muesli,Finished Product,F02,500g,Blueberry Muesli,24000,ST
328,.1~442,442,H2,02,01,02/01,2024-01-21T00:00:00,5,21,02,HH-F02,500g Blueberry Muesli,Finished Product,F02,500g,Blueberry Muesli,17560,ST
329,.1~244,244,H2,01,12,01/12,2024-01-12T00:00:00,3,12,02,HH-F02,500g Blueberry Muesli,Finished Product,F02,500g,Blueberry Muesli,47367,ST
330,.1~24,24,H2,01,02,01/02,2024-01-02T00:00:00,1,2,02,HH-F02,500g Blueberry Muesli,Finished Product,F02,500g,Blueberry Muesli,0,ST
331,.1~222,222,H2,01,11,01/11,2024-01-11T00:00:00,3,11,02,HH-F02,500g Blueberry Muesli,Finished Product,F02,500g,Blueberry Muesli,55009,ST
332,.1~2,2,H2,01,01,01/01,2024-01-01T00:00:00,1,1,02,HH-F02,500g Blueberry Muesli,Finished Product,F02,500g,Blueberry Muesli,0,ST
333,.1~266,266,H2,01,13,01/13,2024-01-13T00:00:00,3,13,02,HH-F02,500g Blueberry Muesli,Finished Product,F02,500g,Blueberry Muesli,44596,ST
334,.1~288,288,H2,01,14,01/14,2024-01-14T00:00:00,3,14,02,HH-F02,500g Blueberry Muesli,Finished Product,F02,500g,Blueberry Muesli,39465,ST
335,.1~200,200,H2,01,10,01/10,2024-01-10T00:00:00,2,10,02,HH-F02,500g Blueberry Muesli,Finished Product,F02,500g,Blueberry Muesli,45958,ST
336,.1~28,28,H2,01,02,01/02,2024-01-02T00:00:00,1,2,02,HH-F06,500g Mixed Fruit Muesli,Finished Product,F06,500g,Mixed Fruit Muesli,0,ST
337,.1~182,182,H2,01,09,01/09,2024-01-09T00:00:00,2,9,02,HH-F06,500g Mixed Fruit Muesli,Finished Product,F06,500g,Mixed Fruit Muesli,0,ST
338,.1~72,72,H2,01,04,01/04,2024-01-04T00:00:00,1,4,02,HH-F06,500g Mixed Fruit Muesli,Finished Product,F06,500g,Mixed Fruit Muesli,0,ST
339,.1~6,6,H2,01,01,01/01,2024-01-01T00:00:00,1,1,02,HH-F06,500g Mixed Fruit Muesli,Finished Product,F06,500g,Mixed Fruit Muesli,0,ST
340,.1~380,380,H2,01,18,01/18,2024-01-18T00:00:00,4,18,02,HH-F06,500g Mixed Fruit Muesli,Finished Product,F06,500g,Mixed Fruit Muesli,24000,ST
341,.1~204,204,H2,01,10,01/10,2024-01-10T00:00:00,2,10,02,HH-F06,500g Mixed Fruit Muesli,Finished Product,F06,500g,Mixed Fruit Muesli,0,ST
342,.1~446,446,H2,02,01,02/01,2024-01-21T00:00:00,5,21,02,HH-F06,500g Mixed Fruit Muesli,Finished Product,F06,500g,Mixed Fruit Muesli,57879,ST
343,.1~138,138,H2,01,07,01/07,2024-01-07T00:00:00,2,7,02,HH-F06,500g Mixed Fruit Muesli,Finished Product,F06,500g,Mixed Fruit Muesli,0,ST
344,.1~314,314,H2,01,15,01/15,2024-01-15T00:00:00,3,15,02,HH-F06,500g Mixed Fruit Muesli,Finished Product,F06,500g,Mixed Fruit Muesli,0,ST
345,.1~270,270,H2,01,13,01/13,2024-01-13T00:00:00,3,13,02,HH-F06,500g Mixed Fruit Muesli,Finished Product,F06,500g,Mixed Fruit Muesli,0,ST
346,.1~336,336,H2,01,16,01/16,2024-01-16T00:00:00,4,16,02,HH-F06,500g Mixed Fruit Muesli,Finished Product,F06,500g,Mixed Fruit Muesli,0,ST
347,.1~248,248,H2,01,12,01/12,2024-01-12T00:00:00,3,12,02,HH-F06,500g Mixed Fruit Muesli,Finished Product,F06,500g,Mixed Fruit Muesli,0,ST
348,.1~160,160,H2,01,08,01/08,2024-01-08T00:00:00,2,8,02,HH-F06,500g Mixed Fruit Muesli,Finished Product,F06,500g,Mixed Fruit Muesli,0,ST
349,.1~424,424,H2,01,20,01/20,2024-01-20T00:00:00,4,20,02,HH-F06,500g Mixed Fruit Muesli,Finished Product,F06,500g,Mixed Fruit Muesli,58651,ST
350,.1~292,292,H2,01,14,01/14,2024-01-14T00:00:00,3,14,02,HH-F06,500g Mixed Fruit Muesli,Finished Product,F06,500g,Mixed Fruit Muesli,0,ST
351,.1~402,402,H2,01,19,01/19,2024-01-19T00:00:00,4,19,02,HH-F06,500g Mixed Fruit Muesli,Finished Product,F06,500g,Mixed Fruit Muesli,46235,ST
352,.1~116,116,H2,01,06,01/06,2024-01-06T00:00:00,2,6,02,HH-F06,500g Mixed Fruit Muesli,Finished Product,F06,500g,Mixed Fruit Muesli,0,ST
353,.1~94,94,H2,01,05,01/05,2024-01-05T00:00:00,1,5,02,HH-F06,500g Mixed Fruit Muesli,Finished Product,F06,500g,Mixed Fruit Muesli,0,ST
354,.1~226,226,H2,01,11,01/11,2024-01-11T00:00:00,3,11,02,HH-F06,500g Mixed Fruit Muesli,Finished Product,F06,500g,Mixed Fruit Muesli,0,ST
355,.1~50,50,H2,01,03,01/03,2024-01-03T00:00:00,1,3,02,HH-F06,500g Mixed Fruit Muesli,Finished Product,F06,500g,Mixed Fruit Muesli,0,ST
356,.1~358,358,H2,01,17,01/17,2024-01-17T00:00:00,4,17,02,HH-F06,500g Mixed Fruit Muesli,Finished Product,F06,500g,Mixed Fruit Muesli,0,ST
357,.1~23,23,H2,01,02,01/02,2024-01-02T00:00:00,1,2,02,HH-F01,500g Nut Muesli,Finished Product,F01,500g,Nut Muesli,0,ST
358,.1~441,441,H2,02,01,02/01,2024-01-21T00:00:00,5,21,02,HH-F01,500g Nut Muesli,Finished Product,F01,500g,Nut Muesli,33591,ST
359,.1~45,45,H2,01,03,01/03,2024-01-03T00:00:00,1,3,02,HH-F01,500g Nut Muesli,Finished Product,F01,500g,Nut Muesli,0,ST
360,.1~419,419,H2,01,20,01/20,2024-01-20T00:00:00,4,20,02,HH-F01,500g Nut Muesli,Finished Product,F01,500g,Nut Muesli,34777,ST
361,.1~67,67,H2,01,04,01/04,2024-01-04T00:00:00,1,4,02,HH-F01,500g Nut Muesli,Finished Product,F01,500g,Nut Muesli,0,ST
362,.1~397,397,H2,01,19,01/19,2024-01-19T00:00:00,4,19,02,HH-F01,500g Nut Muesli,Finished Product,F01,500g,Nut Muesli,38493,ST
363,.1~89,89,H2,01,05,01/05,2024-01-05T00:00:00,1,5,02,HH-F01,500g Nut Muesli,Finished Product,F01,500g,Nut Muesli,0,ST
364,.1~375,375,H2,01,18,01/18,2024-01-18T00:00:00,4,18,02,HH-F01,500g Nut Muesli,Finished Product,F01,500g,Nut Muesli,38493,ST
365,.1~111,111,H2,01,06,01/06,2024-01-06T00:00:00,2,6,02,HH-F01,500g Nut Muesli,Finished Product,F01,500g,Nut Muesli,24000,ST
366,.1~353,353,H2,01,17,01/17,2024-01-17T00:00:00,4,17,02,HH-F01,500g Nut Muesli,Finished Product,F01,500g,Nut Muesli,39558,ST
367,.1~133,133,H2,01,07,01/07,2024-01-07T00:00:00,2,7,02,HH-F01,500g Nut Muesli,Finished Product,F01,500g,Nut Muesli,42030,ST
368,.1~331,331,H2,01,16,01/16,2024-01-16T00:00:00,4,16,02,HH-F01,500g Nut Muesli,Finished Product,F01,500g,Nut Muesli,40331,ST
369,.1~155,155,H2,01,08,01/08,2024-01-08T00:00:00,2,8,02,HH-F01,500g Nut Muesli,Finished Product,F01,500g,Nut Muesli,53142,ST
370,.1~309,309,H2,01,15,01/15,2024-01-15T00:00:00,3,15,02,HH-F01,500g Nut Muesli,Finished Product,F01,500g,Nut Muesli,41368,ST
371,.1~177,177,H2,01,09,01/09,2024-01-09T00:00:00,2,9,02,HH-F01,500g Nut Muesli,Finished Product,F01,500g,Nut Muesli,50528,ST
372,.1~287,287,H2,01,14,01/14,2024-01-14T00:00:00,3,14,02,HH-F01,500g Nut Muesli,Finished Product,F01,500g,Nut Muesli,41368,ST
373,.1~199,199,H2,01,10,01/10,2024-01-10T00:00:00,2,10,02,HH-F01,500g Nut Muesli,Finished Product,F01,500g,Nut Muesli,47608,ST
374,.1~265,265,H2,01,13,01/13,2024-01-13T00:00:00,3,13,02,HH-F01,500g Nut Muesli,Finished Product,F01,500g,Nut Muesli,41368,ST
375,.1~221,221,H2,01,11,01/11,2024-01-11T00:00:00,3,11,02,HH-F01,500g Nut Muesli,Finished Product,F01,500g,Nut Muesli,46834,ST
376,.1~243,243,H2,01,12,01/12,2024-01-12T00:00:00,3,12,02,HH-F01,500g Nut Muesli,Finished Product,F01,500g,Nut Muesli,43146,ST
377,.1~1,1,H2,01,01,01/01,2024-01-01T00:00:00,1,1,02,HH-F01,500g Nut Muesli,Finished Product,F01,500g,Nut Muesli,0,ST
378,.1~445,445,H2,02,01,02/01,2024-01-21T00:00:00,5,21,02,HH-F05,500g Original Muesli,Finished Product,F05,500g,Original Muesli,0,ST
379,.1~225,225,H2,01,11,01/11,2024-01-11T00:00:00,3,11,02,HH-F05,500g Original Muesli,Finished Product,F05,500g,Original Muesli,0,ST
380,.1~5,5,H2,01,01,01/01,2024-01-01T00:00:00,1,1,02,HH-F05,500g Original Muesli,Finished Product,F05,500g,Original Muesli,0,ST
381,.1~49,49,H2,01,03,01/03,2024-01-03T00:00:00,1,3,02,HH-F05,500g Original Muesli,Finished Product,F05,500g,Original Muesli,0,ST
382,.1~291,291,H2,01,14,01/14,2024-01-14T00:00:00,3,14,02,HH-F05,500g Original Muesli,Finished Product,F05,500g,Original Muesli,0,ST
383,.1~115,115,H2,01,06,01/06,2024-01-06T00:00:00,2,6,02,HH-F05,500g Original Muesli,Finished Product,F05,500g,Original Muesli,0,ST
384,.1~27,27,H2,01,02,01/02,2024-01-02T00:00:00,1,2,02,HH-F05,500g Original Muesli,Finished Product,F05,500g,Original Muesli,0,ST
385,.1~159,159,H2,01,08,01/08,2024-01-08T00:00:00,2,8,02,HH-F05,500g Original Muesli,Finished Product,F05,500g,Original Muesli,0,ST
386,.1~357,357,H2,01,17,01/17,2024-01-17T00:00:00,4,17,02,HH-F05,500g Original Muesli,Finished Product,F05,500g,Original Muesli,0,ST
387,.1~313,313,H2,01,15,01/15,2024-01-15T00:00:00,3,15,02,HH-F05,500g Original Muesli,Finished Product,F05,500g,Original Muesli,0,ST
388,.1~181,181,H2,01,09,01/09,2024-01-09T00:00:00,2,9,02,HH-F05,500g Original Muesli,Finished Product,F05,500g,Original Muesli,0,ST
389,.1~423,423,H2,01,20,01/20,2024-01-20T00:00:00,4,20,02,HH-F05,500g Original Muesli,Finished Product,F05,500g,Original Muesli,0,ST
390,.1~269,269,H2,01,13,01/13,2024-01-13T00:00:00,3,13,02,HH-F05,500g Original Muesli,Finished Product,F05,500g,Original Muesli,0,ST
391,.1~203,203,H2,01,10,01/10,2024-01-10T00:00:00,2,10,02,HH-F05,500g Original Muesli,Finished Product,F05,500g,Original Muesli,0,ST
392,.1~335,335,H2,01,16,01/16,2024-01-16T00:00:00,4,16,02,HH-F05,500g Original Muesli,Finished Product,F05,500g,Original Muesli,0,ST
393,.1~137,137,H2,01,07,01/07,2024-01-07T00:00:00,2,7,02,HH-F05,500g Original Muesli,Finished Product,F05,500g,Original Muesli,0,ST
394,.1~93,93,H2,01,05,01/05,2024-01-05T00:00:00,1,5,02,HH-F05,500g Original Muesli,Finished Product,F05,500g,Original Muesli,0,ST
395,.1~247,247,H2,01,12,01/12,2024-01-12T00:00:00,3,12,02,HH-F05,500g Original Muesli,Finished Product,F05,500g,Original Muesli,0,ST
396,.1~71,71,H2,01,04,01/04,2024-01-04T00:00:00,1,4,02,HH-F05,500g Original Muesli,Finished Product,F05,500g,Original Muesli,0,ST
397,.1~379,379,H2,01,18,01/18,2024-01-18T00:00:00,4,18,02,HH-F05,500g Original Muesli,Finished Product,F05,500g,Original Muesli,0,ST
398,.1~401,401,H2,01,19,01/19,2024-01-19T00:00:00,4,19,02,HH-F05,500g Original Muesli,Finished Product,F05,500g,Original Muesli,0,ST
399,.1~378,378,H2,01,18,01/18,2024-01-18T00:00:00,4,18,02,HH-F04,500g Raisin Muesli,Finished Product,F04,500g,Raisin Muesli,59202,ST
400,.1~224,224,H2,01,11,01/11,2024-01-11T00:00:00,3,11,02,HH-F04,500g Raisin Muesli,Finished Product,F04,500g,Raisin Muesli,0,ST
401,.1~26,26,H2,01,02,01/02,2024-01-02T00:00:00,1,2,02,HH-F04,500g Raisin Muesli,Finished Product,F04,500g,Raisin Muesli,0,ST
402,.1~114,114,H2,01,06,01/06,2024-01-06T00:00:00,2,6,02,HH-F04,500g Raisin Muesli,Finished Product,F04,500g,Raisin Muesli,0,ST
403,.1~92,92,H2,01,05,01/05,2024-01-05T00:00:00,1,5,02,HH-F04,500g Raisin Muesli,Finished Product,F04,500g,Raisin Muesli,0,ST
404,.1~356,356,H2,01,17,01/17,2024-01-17T00:00:00,4,17,02,HH-F04,500g Raisin Muesli,Finished Product,F04,500g,Raisin Muesli,62196,ST
405,.1~48,48,H2,01,03,01/03,2024-01-03T00:00:00,1,3,02,HH-F04,500g Raisin Muesli,Finished Product,F04,500g,Raisin Muesli,0,ST
406,.1~268,268,H2,01,13,01/13,2024-01-13T00:00:00,3,13,02,HH-F04,500g Raisin Muesli,Finished Product,F04,500g,Raisin Muesli,0,ST
407,.1~136,136,H2,01,07,01/07,2024-01-07T00:00:00,2,7,02,HH-F04,500g Raisin Muesli,Finished Product,F04,500g,Raisin Muesli,0,ST
408,.1~334,334,H2,01,16,01/16,2024-01-16T00:00:00,4,16,02,HH-F04,500g Raisin Muesli,Finished Product,F04,500g,Raisin Muesli,46943,ST
409,.1~422,422,H2,01,20,01/20,2024-01-20T00:00:00,4,20,02,HH-F04,500g Raisin Muesli,Finished Product,F04,500g,Raisin Muesli,57550,ST
410,.1~158,158,H2,01,08,01/08,2024-01-08T00:00:00,2,8,02,HH-F04,500g Raisin Muesli,Finished Product,F04,500g,Raisin Muesli,0,ST
411,.1~290,290,H2,01,14,01/14,2024-01-14T00:00:00,3,14,02,HH-F04,500g Raisin Muesli,Finished Product,F04,500g,Raisin Muesli,0,ST
412,.1~4,4,H2,01,01,01/01,2024-01-01T00:00:00,1,1,02,HH-F04,500g Raisin Muesli,Finished Product,F04,500g,Raisin Muesli,0,ST
413,.1~400,400,H2,01,19,01/19,2024-01-19T00:00:00,4,19,02,HH-F04,500g Raisin Muesli,Finished Product,F04,500g,Raisin Muesli,57550,ST
414,.1~444,444,H2,02,01,02/01,2024-01-21T00:00:00,5,21,02,HH-F04,500g Raisin Muesli,Finished Product,F04,500g,Raisin Muesli,57550,ST
415,.1~70,70,H2,01,04,01/04,2024-01-04T00:00:00,1,4,02,HH-F04,500g Raisin Muesli,Finished Product,F04,500g,Raisin Muesli,0,ST
416,.1~180,180,H2,01,09,01/09,2024-01-09T00:00:00,2,9,02,HH-F04,500g Raisin Muesli,Finished Product,F04,500g,Raisin Muesli,0,ST
417,.1~202,202,H2,01,10,01/10,2024-01-10T00:00:00,2,10,02,HH-F04,500g Raisin Muesli,Finished Product,F04,500g,Raisin Muesli,0,ST
418,.1~246,246,H2,01,12,01/12,2024-01-12T00:00:00,3,12,02,HH-F04,500g Raisin Muesli,Finished Product,F04,500g,Raisin Muesli,0,ST
419,.1~312,312,H2,01,15,01/15,2024-01-15T00:00:00,3,15,02,HH-F04,500g Raisin Muesli,Finished Product,F04,500g,Raisin Muesli,24000,ST
420,.1~289,289,H2,01,14,01/14,2024-01-14T00:00:00,3,14,02,HH-F03,500g Strawberry Muesli,Finished Product,F03,500g,Strawberry Muesli,54974,ST
421,.1~69,69,H2,01,04,01/04,2024-01-04T00:00:00,1,4,02,HH-F03,500g Strawberry Muesli,Finished Product,F03,500g,Strawberry Muesli,0,ST
422,.1~399,399,H2,01,19,01/19,2024-01-19T00:00:00,4,19,02,HH-F03,500g Strawberry Muesli,Finished Product,F03,500g,Strawberry Muesli,44772,ST
423,.1~179,179,H2,01,09,01/09,2024-01-09T00:00:00,2,9,02,HH-F03,500g Strawberry Muesli,Finished Product,F03,500g,Strawberry Muesli,0,ST
424,.1~245,245,H2,01,12,01/12,2024-01-12T00:00:00,3,12,02,HH-F03,500g Strawberry Muesli,Finished Product,F03,500g,Strawberry Muesli,24000,ST
425,.1~91,91,H2,01,05,01/05,2024-01-05T00:00:00,1,5,02,HH-F03,500g Strawberry Muesli,Finished Product,F03,500g,Strawberry Muesli,0,ST
426,.1~377,377,H2,01,18,01/18,2024-01-18T00:00:00,4,18,02,HH-F03,500g Strawberry Muesli,Finished Product,F03,500g,Strawberry Muesli,47296,ST
427,.1~223,223,H2,01,11,01/11,2024-01-11T00:00:00,3,11,02,HH-F03,500g Strawberry Muesli,Finished Product,F03,500g,Strawberry Muesli,0,ST
428,.1~113,113,H2,01,06,01/06,2024-01-06T00:00:00,2,6,02,HH-F03,500g Strawberry Muesli,Finished Product,F03,500g,Strawberry Muesli,0,ST
429,.1~355,355,H2,01,17,01/17,2024-01-17T00:00:00,4,17,02,HH-F03,500g Strawberry Muesli,Finished Product,F03,500g,Strawberry Muesli,50318,ST
430,.1~311,311,H2,01,15,01/15,2024-01-15T00:00:00,3,15,02,HH-F03,500g Strawberry Muesli,Finished Product,F03,500g,Strawberry Muesli,53436,ST
431,.1~3,3,H2,01,01,01/01,2024-01-01T00:00:00,1,1,02,HH-F03,500g Strawberry Muesli,Finished Product,F03,500g,Strawberry Muesli,0,ST
432,.1~157,157,H2,01,08,01/08,2024-01-08T00:00:00,2,8,02,HH-F03,500g Strawberry Muesli,Finished Product,F03,500g,Strawberry Muesli,0,ST
433,.1~135,135,H2,01,07,01/07,2024-01-07T00:00:00,2,7,02,HH-F03,500g Strawberry Muesli,Finished Product,F03,500g,Strawberry Muesli,0,ST
434,.1~333,333,H2,01,16,01/16,2024-01-16T00:00:00,4,16,02,HH-F03,500g Strawberry Muesli,Finished Product,F03,500g,Strawberry Muesli,51135,ST
435,.1~267,267,H2,01,13,01/13,2024-01-13T00:00:00,3,13,02,HH-F03,500g Strawberry Muesli,Finished Product,F03,500g,Strawberry Muesli,44764,ST
436,.1~201,201,H2,01,10,01/10,2024-01-10T00:00:00,2,10,02,HH-F03,500g Strawberry Muesli,Finished Product,F03,500g,Strawberry Muesli,0,ST
437,.1~443,443,H2,02,01,02/01,2024-01-21T00:00:00,5,21,02,HH-F03,500g Strawberry Muesli,Finished Product,F03,500g,Strawberry Muesli,42334,ST
438,.1~47,47,H2,01,03,01/03,2024-01-03T00:00:00,1,3,02,HH-F03,500g Strawberry Muesli,Finished Product,F03,500g,Strawberry Muesli,0,ST
439,.1~25,25,H2,01,02,01/02,2024-01-02T00:00:00,1,2,02,HH-F03,500g Strawberry Muesli,Finished Product,F03,500g,Strawberry Muesli,0,ST
440,.1~421,421,H2,01,20,01/20,2024-01-20T00:00:00,4,20,02,HH-F03,500g Strawberry Muesli,Finished Product,F03,500g,Strawberry Muesli,43834,ST
441,.1~62,62,H2,01,03,01/03,2024-01-03T00:00:00,1,3,88,HH-R02,Blueberries,Raw materials,R02,,Blueberries,0.000,KG
442,.1~84,84,H2,01,04,01/04,2024-01-04T00:00:00,1,4,88,HH-R02,Blueberries,Raw materials,R02,,Blueberries,0.000,KG
443,.1~392,392,H2,01,18,01/18,2024-01-18T00:00:00,4,18,88,HH-R02,Blueberries,Raw materials,R02,,Blueberries,2000.000,KG
444,.1~370,370,H2,01,17,01/17,2024-01-17T00:00:00,4,17,88,HH-R02,Blueberries,Raw materials,R02,,Blueberries,3200.000,KG
445,.1~40,40,H2,01,02,01/02,2024-01-02T00:00:00,1,2,88,HH-R02,Blueberries,Raw materials,R02,,Blueberries,0.000,KG
446,.1~216,216,H2,01,10,01/10,2024-01-10T00:00:00,2,10,88,HH-R02,Blueberries,Raw materials,R02,,Blueberries,6080.000,KG
447,.1~414,414,H2,01,19,01/19,2024-01-19T00:00:00,4,19,88,HH-R02,Blueberries,Raw materials,R02,,Blueberries,800.000,KG
448,.1~282,282,H2,01,13,01/13,2024-01-13T00:00:00,3,13,88,HH-R02,Blueberries,Raw materials,R02,,Blueberries,3200.000,KG
449,.1~436,436,H2,01,20,01/20,2024-01-20T00:00:00,4,20,88,HH-R02,Blueberries,Raw materials,R02,,Blueberries,0.000,KG
450,.1~458,458,H2,02,01,02/01,2024-01-21T00:00:00,5,21,88,HH-R02,Blueberries,Raw materials,R02,,Blueberries,0.000,KG
451,.1~194,194,H2,01,09,01/09,2024-01-09T00:00:00,2,9,88,HH-R02,Blueberries,Raw materials,R02,,Blueberries,10400.000,KG
452,.1~304,304,H2,01,14,01/14,2024-01-14T00:00:00,3,14,88,HH-R02,Blueberries,Raw materials,R02,,Blueberries,3200.000,KG
453,.1~172,172,H2,01,08,01/08,2024-01-08T00:00:00,2,8,88,HH-R02,Blueberries,Raw materials,R02,,Blueberries,14720.000,KG
454,.1~18,18,H2,01,01,01/01,2024-01-01T00:00:00,1,1,88,HH-R02,Blueberries,Raw materials,R02,,Blueberries,0.000,KG
455,.1~150,150,H2,01,07,01/07,2024-01-07T00:00:00,2,7,88,HH-R02,Blueberries,Raw materials,R02,,Blueberries,14720.000,KG
456,.1~326,326,H2,01,15,01/15,2024-01-15T00:00:00,3,15,88,HH-R02,Blueberries,Raw materials,R02,,Blueberries,3200.000,KG
457,.1~260,260,H2,01,12,01/12,2024-01-12T00:00:00,3,12,88,HH-R02,Blueberries,Raw materials,R02,,Blueberries,3200.000,KG
458,.1~238,238,H2,01,11,01/11,2024-01-11T00:00:00,3,11,88,HH-R02,Blueberries,Raw materials,R02,,Blueberries,3200.000,KG
459,.1~128,128,H2,01,06,01/06,2024-01-06T00:00:00,2,6,88,HH-R02,Blueberries,Raw materials,R02,,Blueberries,14720.000,KG
460,.1~348,348,H2,01,16,01/16,2024-01-16T00:00:00,4,16,88,HH-R02,Blueberries,Raw materials,R02,,Blueberries,3200.000,KG
461,.1~106,106,H2,01,05,01/05,2024-01-05T00:00:00,1,5,88,HH-R02,Blueberries,Raw materials,R02,,Blueberries,14720.000,KG
