,ID,ROW_ID,SALES_ORGANIZATION,SIM_ROUND,SIM_STEP,SIM_DATE,SIM_CALENDAR_DATE,SIM_PERIOD,SIM_ELAPSED_STEPS,MATERIAL_NUMBER,MATERIAL_DESCRIPTION,AREA,AMOUNT,CURRENCY
0,.1~1,1,H2,01,01,01/01,2024-01-01T00:00:00,1,1,HH-F01,500g Nut Muesli,North,0.00,EUR
1,.1~2,2,H2,01,01,01/01,2024-01-01T00:00:00,1,1,HH-F02,500g Blueberry Muesli,North,0.00,EUR
2,.1~3,3,H2,01,01,01/01,2024-01-01T00:00:00,1,1,HH-F03,500g Strawberry Muesli,North,0.00,EUR
3,.1~4,4,H2,01,01,01/01,2024-01-01T00:00:00,1,1,HH-F04,500g Raisin Muesli,North,0.00,EUR
4,.1~5,5,H2,01,01,01/01,2024-01-01T00:00:00,1,1,HH-F05,500g Original Muesli,North,0.00,EUR
5,.1~6,6,H2,01,01,01/01,2024-01-01T00:00:00,1,1,HH-F06,500g Mixed Fruit Muesli,North,0.00,EUR
6,.1~7,7,H2,01,01,01/01,2024-01-01T00:00:00,1,1,HH-F11,1kg Nut Muesli,North,0.00,EUR
7,.1~8,8,H2,01,01,01/01,2024-01-01T00:00:00,1,1,HH-F12,1kg Blueberry Muesli,North,0.00,EUR
8,.1~9,9,H2,01,01,01/01,2024-01-01T00:00:00,1,1,HH-F13,1kg Strawberry Muesli,North,0.00,EUR
9,.1~10,10,H2,01,01,01/01,2024-01-01T00:00:00,1,1,HH-F14,1kg Raisin Muesli,North,0.00,EUR
10,.1~11,11,H2,01,01,01/01,2024-01-01T00:00:00,1,1,HH-F15,1kg Original Muesli,North,0.00,EUR
11,.1~12,12,H2,01,01,01/01,2024-01-01T00:00:00,1,1,HH-F16,1kg Mixed Fruit Muesli,North,0.00,EUR
12,.1~13,13,H2,01,01,01/01,2024-01-01T00:00:00,1,1,HH-F01,500g Nut Muesli,South,0.00,EUR
13,.1~14,14,H2,01,01,01/01,2024-01-01T00:00:00,1,1,HH-F02,500g Blueberry Muesli,South,0.00,EUR
14,.1~15,15,H2,01,01,01/01,2024-01-01T00:00:00,1,1,HH-F03,500g Strawberry Muesli,South,0.00,EUR
15,.1~16,16,H2,01,01,01/01,2024-01-01T00:00:00,1,1,HH-F04,500g Raisin Muesli,South,0.00,EUR
16,.1~17,17,H2,01,01,01/01,2024-01-01T00:00:00,1,1,HH-F05,500g Original Muesli,South,0.00,EUR
17,.1~18,18,H2,01,01,01/01,2024-01-01T00:00:00,1,1,HH-F06,500g Mixed Fruit Muesli,South,0.00,EUR
18,.1~19,19,H2,01,01,01/01,2024-01-01T00:00:00,1,1,HH-F11,1kg Nut Muesli,South,0.00,EUR
19,.1~20,20,H2,01,01,01/01,2024-01-01T00:00:00,1,1,HH-F12,1kg Blueberry Muesli,South,0.00,EUR
20,.1~21,21,H2,01,01,01/01,2024-01-01T00:00:00,1,1,HH-F13,1kg Strawberry Muesli,South,0.00,EUR
21,.1~22,22,H2,01,01,01/01,2024-01-01T00:00:00,1,1,HH-F14,1kg Raisin Muesli,South,0.00,EUR
22,.1~23,23,H2,01,01,01/01,2024-01-01T00:00:00,1,1,HH-F15,1kg Original Muesli,South,0.00,EUR
23,.1~24,24,H2,01,01,01/01,2024-01-01T00:00:00,1,1,HH-F16,1kg Mixed Fruit Muesli,South,0.00,EUR
24,.1~25,25,H2,01,01,01/01,2024-01-01T00:00:00,1,1,HH-F01,500g Nut Muesli,West,0.00,EUR
25,.1~26,26,H2,01,01,01/01,2024-01-01T00:00:00,1,1,HH-F02,500g Blueberry Muesli,West,0.00,EUR
26,.1~27,27,H2,01,01,01/01,2024-01-01T00:00:00,1,1,HH-F03,500g Strawberry Muesli,West,0.00,EUR
27,.1~28,28,H2,01,01,01/01,2024-01-01T00:00:00,1,1,HH-F04,500g Raisin Muesli,West,0.00,EUR
28,.1~29,29,H2,01,01,01/01,2024-01-01T00:00:00,1,1,HH-F05,500g Original Muesli,West,0.00,EUR
29,.1~30,30,H2,01,01,01/01,2024-01-01T00:00:00,1,1,HH-F06,500g Mixed Fruit Muesli,West,0.00,EUR
30,.1~31,31,H2,01,01,01/01,2024-01-01T00:00:00,1,1,HH-F11,1kg Nut Muesli,West,0.00,EUR
31,.1~32,32,H2,01,01,01/01,2024-01-01T00:00:00,1,1,HH-F12,1kg Blueberry Muesli,West,0.00,EUR
32,.1~33,33,H2,01,01,01/01,2024-01-01T00:00:00,1,1,HH-F13,1kg Strawberry Muesli,West,0.00,EUR
33,.1~34,34,H2,01,01,01/01,2024-01-01T00:00:00,1,1,HH-F14,1kg Raisin Muesli,West,0.00,EUR
34,.1~35,35,H2,01,01,01/01,2024-01-01T00:00:00,1,1,HH-F15,1kg Original Muesli,West,0.00,EUR
35,.1~36,36,H2,01,01,01/01,2024-01-01T00:00:00,1,1,HH-F16,1kg Mixed Fruit Muesli,West,0.00,EUR
36,.1~37,37,H2,01,02,01/02,2024-01-02T00:00:00,1,2,HH-F01,500g Nut Muesli,North,0.00,EUR
37,.1~38,38,H2,01,02,01/02,2024-01-02T00:00:00,1,2,HH-F02,500g Blueberry Muesli,North,0.00,EUR
38,.1~39,39,H2,01,02,01/02,2024-01-02T00:00:00,1,2,HH-F03,500g Strawberry Muesli,North,0.00,EUR
39,.1~40,40,H2,01,02,01/02,2024-01-02T00:00:00,1,2,HH-F04,500g Raisin Muesli,North,0.00,EUR
40,.1~41,41,H2,01,02,01/02,2024-01-02T00:00:00,1,2,HH-F05,500g Original Muesli,North,0.00,EUR
41,.1~42,42,H2,01,02,01/02,2024-01-02T00:00:00,1,2,HH-F06,500g Mixed Fruit Muesli,North,0.00,EUR
42,.1~43,43,H2,01,02,01/02,2024-01-02T00:00:00,1,2,HH-F11,1kg Nut Muesli,North,0.00,EUR
43,.1~44,44,H2,01,02,01/02,2024-01-02T00:00:00,1,2,HH-F12,1kg Blueberry Muesli,North,0.00,EUR
44,.1~45,45,H2,01,02,01/02,2024-01-02T00:00:00,1,2,HH-F13,1kg Strawberry Muesli,North,0.00,EUR
45,.1~46,46,H2,01,02,01/02,2024-01-02T00:00:00,1,2,HH-F14,1kg Raisin Muesli,North,0.00,EUR
46,.1~47,47,H2,01,02,01/02,2024-01-02T00:00:00,1,2,HH-F15,1kg Original Muesli,North,0.00,EUR
47,.1~48,48,H2,01,02,01/02,2024-01-02T00:00:00,1,2,HH-F16,1kg Mixed Fruit Muesli,North,0.00,EUR
48,.1~49,49,H2,01,02,01/02,2024-01-02T00:00:00,1,2,HH-F01,500g Nut Muesli,South,0.00,EUR
49,.1~50,50,H2,01,02,01/02,2024-01-02T00:00:00,1,2,HH-F02,500g Blueberry Muesli,South,0.00,EUR
50,.1~51,51,H2,01,02,01/02,2024-01-02T00:00:00,1,2,HH-F03,500g Strawberry Muesli,South,0.00,EUR
51,.1~52,52,H2,01,02,01/02,2024-01-02T00:00:00,1,2,HH-F04,500g Raisin Muesli,South,0.00,EUR
52,.1~53,53,H2,01,02,01/02,2024-01-02T00:00:00,1,2,HH-F05,500g Original Muesli,South,0.00,EUR
53,.1~54,54,H2,01,02,01/02,2024-01-02T00:00:00,1,2,HH-F06,500g Mixed Fruit Muesli,South,0.00,EUR
54,.1~55,55,H2,01,02,01/02,2024-01-02T00:00:00,1,2,HH-F11,1kg Nut Muesli,South,0.00,EUR
55,.1~56,56,H2,01,02,01/02,2024-01-02T00:00:00,1,2,HH-F12,1kg Blueberry Muesli,South,0.00,EUR
56,.1~57,57,H2,01,02,01/02,2024-01-02T00:00:00,1,2,HH-F13,1kg Strawberry Muesli,South,0.00,EUR
57,.1~58,58,H2,01,02,01/02,2024-01-02T00:00:00,1,2,HH-F14,1kg Raisin Muesli,South,0.00,EUR
58,.1~59,59,H2,01,02,01/02,2024-01-02T00:00:00,1,2,HH-F15,1kg Original Muesli,South,0.00,EUR
59,.1~60,60,H2,01,02,01/02,2024-01-02T00:00:00,1,2,HH-F16,1kg Mixed Fruit Muesli,South,0.00,EUR
60,.1~61,61,H2,01,02,01/02,2024-01-02T00:00:00,1,2,HH-F01,500g Nut Muesli,West,0.00,EUR
61,.1~62,62,H2,01,02,01/02,2024-01-02T00:00:00,1,2,HH-F02,500g Blueberry Muesli,West,0.00,EUR
62,.1~63,63,H2,01,02,01/02,2024-01-02T00:00:00,1,2,HH-F03,500g Strawberry Muesli,West,0.00,EUR
63,.1~64,64,H2,01,02,01/02,2024-01-02T00:00:00,1,2,HH-F04,500g Raisin Muesli,West,0.00,EUR
64,.1~65,65,H2,01,02,01/02,2024-01-02T00:00:00,1,2,HH-F05,500g Original Muesli,West,0.00,EUR
65,.1~66,66,H2,01,02,01/02,2024-01-02T00:00:00,1,2,HH-F06,500g Mixed Fruit Muesli,West,0.00,EUR
66,.1~67,67,H2,01,02,01/02,2024-01-02T00:00:00,1,2,HH-F11,1kg Nut Muesli,West,0.00,EUR
67,.1~68,68,H2,01,02,01/02,2024-01-02T00:00:00,1,2,HH-F12,1kg Blueberry Muesli,West,0.00,EUR
68,.1~69,69,H2,01,02,01/02,2024-01-02T00:00:00,1,2,HH-F13,1kg Strawberry Muesli,West,0.00,EUR
69,.1~70,70,H2,01,02,01/02,2024-01-02T00:00:00,1,2,HH-F14,1kg Raisin Muesli,West,0.00,EUR
70,.1~71,71,H2,01,02,01/02,2024-01-02T00:00:00,1,2,HH-F15,1kg Original Muesli,West,0.00,EUR
71,.1~72,72,H2,01,02,01/02,2024-01-02T00:00:00,1,2,HH-F16,1kg Mixed Fruit Muesli,West,0.00,EUR
72,.1~73,73,H2,01,03,01/03,2024-01-03T00:00:00,1,3,HH-F01,500g Nut Muesli,North,0.00,EUR
73,.1~74,74,H2,01,03,01/03,2024-01-03T00:00:00,1,3,HH-F02,500g Blueberry Muesli,North,0.00,EUR
74,.1~75,75,H2,01,03,01/03,2024-01-03T00:00:00,1,3,HH-F03,500g Strawberry Muesli,North,0.00,EUR
75,.1~76,76,H2,01,03,01/03,2024-01-03T00:00:00,1,3,HH-F04,500g Raisin Muesli,North,0.00,EUR
76,.1~77,77,H2,01,03,01/03,2024-01-03T00:00:00,1,3,HH-F05,500g Original Muesli,North,0.00,EUR
77,.1~78,78,H2,01,03,01/03,2024-01-03T00:00:00,1,3,HH-F06,500g Mixed Fruit Muesli,North,0.00,EUR
78,.1~79,79,H2,01,03,01/03,2024-01-03T00:00:00,1,3,HH-F11,1kg Nut Muesli,North,0.00,EUR
79,.1~80,80,H2,01,03,01/03,2024-01-03T00:00:00,1,3,HH-F12,1kg Blueberry Muesli,North,0.00,EUR
80,.1~81,81,H2,01,03,01/03,2024-01-03T00:00:00,1,3,HH-F13,1kg Strawberry Muesli,North,0.00,EUR
81,.1~82,82,H2,01,03,01/03,2024-01-03T00:00:00,1,3,HH-F14,1kg Raisin Muesli,North,0.00,EUR
82,.1~83,83,H2,01,03,01/03,2024-01-03T00:00:00,1,3,HH-F15,1kg Original Muesli,North,0.00,EUR
83,.1~84,84,H2,01,03,01/03,2024-01-03T00:00:00,1,3,HH-F16,1kg Mixed Fruit Muesli,North,0.00,EUR
84,.1~85,85,H2,01,03,01/03,2024-01-03T00:00:00,1,3,HH-F01,500g Nut Muesli,South,0.00,EUR
85,.1~86,86,H2,01,03,01/03,2024-01-03T00:00:00,1,3,HH-F02,500g Blueberry Muesli,South,0.00,EUR
86,.1~87,87,H2,01,03,01/03,2024-01-03T00:00:00,1,3,HH-F03,500g Strawberry Muesli,South,0.00,EUR
87,.1~88,88,H2,01,03,01/03,2024-01-03T00:00:00,1,3,HH-F04,500g Raisin Muesli,South,0.00,EUR
88,.1~89,89,H2,01,03,01/03,2024-01-03T00:00:00,1,3,HH-F05,500g Original Muesli,South,0.00,EUR
89,.1~90,90,H2,01,03,01/03,2024-01-03T00:00:00,1,3,HH-F06,500g Mixed Fruit Muesli,South,0.00,EUR
90,.1~91,91,H2,01,03,01/03,2024-01-03T00:00:00,1,3,HH-F11,1kg Nut Muesli,South,0.00,EUR
91,.1~92,92,H2,01,03,01/03,2024-01-03T00:00:00,1,3,HH-F12,1kg Blueberry Muesli,South,0.00,EUR
92,.1~93,93,H2,01,03,01/03,2024-01-03T00:00:00,1,3,HH-F13,1kg Strawberry Muesli,South,0.00,EUR
93,.1~94,94,H2,01,03,01/03,2024-01-03T00:00:00,1,3,HH-F14,1kg Raisin Muesli,South,0.00,EUR
94,.1~95,95,H2,01,03,01/03,2024-01-03T00:00:00,1,3,HH-F15,1kg Original Muesli,South,0.00,EUR
95,.1~96,96,H2,01,03,01/03,2024-01-03T00:00:00,1,3,HH-F16,1kg Mixed Fruit Muesli,South,0.00,EUR
96,.1~97,97,H2,01,03,01/03,2024-01-03T00:00:00,1,3,HH-F01,500g Nut Muesli,West,0.00,EUR
97,.1~98,98,H2,01,03,01/03,2024-01-03T00:00:00,1,3,HH-F02,500g Blueberry Muesli,West,0.00,EUR
98,.1~99,99,H2,01,03,01/03,2024-01-03T00:00:00,1,3,HH-F03,500g Strawberry Muesli,West,0.00,EUR
99,.1~100,100,H2,01,03,01/03,2024-01-03T00:00:00,1,3,HH-F04,500g Raisin Muesli,West,0.00,EUR
100,.1~101,101,H2,01,03,01/03,2024-01-03T00:00:00,1,3,HH-F05,500g Original Muesli,West,0.00,EUR
101,.1~102,102,H2,01,03,01/03,2024-01-03T00:00:00,1,3,HH-F06,500g Mixed Fruit Muesli,West,0.00,EUR
102,.1~103,103,H2,01,03,01/03,2024-01-03T00:00:00,1,3,HH-F11,1kg Nut Muesli,West,0.00,EUR
103,.1~104,104,H2,01,03,01/03,2024-01-03T00:00:00,1,3,HH-F12,1kg Blueberry Muesli,West,0.00,EUR
104,.1~105,105,H2,01,03,01/03,2024-01-03T00:00:00,1,3,HH-F13,1kg Strawberry Muesli,West,0.00,EUR
105,.1~106,106,H2,01,03,01/03,2024-01-03T00:00:00,1,3,HH-F14,1kg Raisin Muesli,West,0.00,EUR
106,.1~107,107,H2,01,03,01/03,2024-01-03T00:00:00,1,3,HH-F15,1kg Original Muesli,West,0.00,EUR
107,.1~108,108,H2,01,03,01/03,2024-01-03T00:00:00,1,3,HH-F16,1kg Mixed Fruit Muesli,West,0.00,EUR
108,.1~109,109,H2,01,04,01/04,2024-01-04T00:00:00,1,4,HH-F01,500g Nut Muesli,North,0.00,EUR
109,.1~110,110,H2,01,04,01/04,2024-01-04T00:00:00,1,4,HH-F02,500g Blueberry Muesli,North,0.00,EUR
110,.1~111,111,H2,01,04,01/04,2024-01-04T00:00:00,1,4,HH-F03,500g Strawberry Muesli,North,0.00,EUR
111,.1~112,112,H2,01,04,01/04,2024-01-04T00:00:00,1,4,HH-F04,500g Raisin Muesli,North,0.00,EUR
112,.1~113,113,H2,01,04,01/04,2024-01-04T00:00:00,1,4,HH-F05,500g Original Muesli,North,0.00,EUR
113,.1~114,114,H2,01,04,01/04,2024-01-04T00:00:00,1,4,HH-F06,500g Mixed Fruit Muesli,North,0.00,EUR
114,.1~115,115,H2,01,04,01/04,2024-01-04T00:00:00,1,4,HH-F11,1kg Nut Muesli,North,0.00,EUR
115,.1~116,116,H2,01,04,01/04,2024-01-04T00:00:00,1,4,HH-F12,1kg Blueberry Muesli,North,0.00,EUR
116,.1~117,117,H2,01,04,01/04,2024-01-04T00:00:00,1,4,HH-F13,1kg Strawberry Muesli,North,0.00,EUR
117,.1~118,118,H2,01,04,01/04,2024-01-04T00:00:00,1,4,HH-F14,1kg Raisin Muesli,North,0.00,EUR
118,.1~119,119,H2,01,04,01/04,2024-01-04T00:00:00,1,4,HH-F15,1kg Original Muesli,North,0.00,EUR
119,.1~120,120,H2,01,04,01/04,2024-01-04T00:00:00,1,4,HH-F16,1kg Mixed Fruit Muesli,North,0.00,EUR
120,.1~121,121,H2,01,04,01/04,2024-01-04T00:00:00,1,4,HH-F01,500g Nut Muesli,South,0.00,EUR
121,.1~122,122,H2,01,04,01/04,2024-01-04T00:00:00,1,4,HH-F02,500g Blueberry Muesli,South,0.00,EUR
122,.1~123,123,H2,01,04,01/04,2024-01-04T00:00:00,1,4,HH-F03,500g Strawberry Muesli,South,0.00,EUR
123,.1~124,124,H2,01,04,01/04,2024-01-04T00:00:00,1,4,HH-F04,500g Raisin Muesli,South,0.00,EUR
124,.1~125,125,H2,01,04,01/04,2024-01-04T00:00:00,1,4,HH-F05,500g Original Muesli,South,0.00,EUR
125,.1~126,126,H2,01,04,01/04,2024-01-04T00:00:00,1,4,HH-F06,500g Mixed Fruit Muesli,South,0.00,EUR
126,.1~127,127,H2,01,04,01/04,2024-01-04T00:00:00,1,4,HH-F11,1kg Nut Muesli,South,0.00,EUR
127,.1~128,128,H2,01,04,01/04,2024-01-04T00:00:00,1,4,HH-F12,1kg Blueberry Muesli,South,0.00,EUR
128,.1~129,129,H2,01,04,01/04,2024-01-04T00:00:00,1,4,HH-F13,1kg Strawberry Muesli,South,0.00,EUR
129,.1~130,130,H2,01,04,01/04,2024-01-04T00:00:00,1,4,HH-F14,1kg Raisin Muesli,South,0.00,EUR
130,.1~131,131,H2,01,04,01/04,2024-01-04T00:00:00,1,4,HH-F15,1kg Original Muesli,South,0.00,EUR
131,.1~132,132,H2,01,04,01/04,2024-01-04T00:00:00,1,4,HH-F16,1kg Mixed Fruit Muesli,South,0.00,EUR
132,.1~133,133,H2,01,04,01/04,2024-01-04T00:00:00,1,4,HH-F01,500g Nut Muesli,West,0.00,EUR
133,.1~134,134,H2,01,04,01/04,2024-01-04T00:00:00,1,4,HH-F02,500g Blueberry Muesli,West,0.00,EUR
134,.1~135,135,H2,01,04,01/04,2024-01-04T00:00:00,1,4,HH-F03,500g Strawberry Muesli,West,0.00,EUR
135,.1~136,136,H2,01,04,01/04,2024-01-04T00:00:00,1,4,HH-F04,500g Raisin Muesli,West,0.00,EUR
136,.1~137,137,H2,01,04,01/04,2024-01-04T00:00:00,1,4,HH-F05,500g Original Muesli,West,0.00,EUR
137,.1~138,138,H2,01,04,01/04,2024-01-04T00:00:00,1,4,HH-F06,500g Mixed Fruit Muesli,West,0.00,EUR
138,.1~139,139,H2,01,04,01/04,2024-01-04T00:00:00,1,4,HH-F11,1kg Nut Muesli,West,0.00,EUR
139,.1~140,140,H2,01,04,01/04,2024-01-04T00:00:00,1,4,HH-F12,1kg Blueberry Muesli,West,0.00,EUR
140,.1~141,141,H2,01,04,01/04,2024-01-04T00:00:00,1,4,HH-F13,1kg Strawberry Muesli,West,0.00,EUR
141,.1~142,142,H2,01,04,01/04,2024-01-04T00:00:00,1,4,HH-F14,1kg Raisin Muesli,West,0.00,EUR
142,.1~143,143,H2,01,04,01/04,2024-01-04T00:00:00,1,4,HH-F15,1kg Original Muesli,West,0.00,EUR
143,.1~144,144,H2,01,04,01/04,2024-01-04T00:00:00,1,4,HH-F16,1kg Mixed Fruit Muesli,West,0.00,EUR
144,.1~145,145,H2,01,05,01/05,2024-01-05T00:00:00,1,5,HH-F01,500g Nut Muesli,North,0.00,EUR
145,.1~146,146,H2,01,05,01/05,2024-01-05T00:00:00,1,5,HH-F02,500g Blueberry Muesli,North,0.00,EUR
146,.1~147,147,H2,01,05,01/05,2024-01-05T00:00:00,1,5,HH-F03,500g Strawberry Muesli,North,0.00,EUR
147,.1~148,148,H2,01,05,01/05,2024-01-05T00:00:00,1,5,HH-F04,500g Raisin Muesli,North,0.00,EUR
148,.1~149,149,H2,01,05,01/05,2024-01-05T00:00:00,1,5,HH-F05,500g Original Muesli,North,0.00,EUR
149,.1~150,150,H2,01,05,01/05,2024-01-05T00:00:00,1,5,HH-F06,500g Mixed Fruit Muesli,North,0.00,EUR
150,.1~151,151,H2,01,05,01/05,2024-01-05T00:00:00,1,5,HH-F11,1kg Nut Muesli,North,0.00,EUR
151,.1~152,152,H2,01,05,01/05,2024-01-05T00:00:00,1,5,HH-F12,1kg Blueberry Muesli,North,0.00,EUR
152,.1~153,153,H2,01,05,01/05,2024-01-05T00:00:00,1,5,HH-F13,1kg Strawberry Muesli,North,0.00,EUR
153,.1~154,154,H2,01,05,01/05,2024-01-05T00:00:00,1,5,HH-F14,1kg Raisin Muesli,North,0.00,EUR
154,.1~155,155,H2,01,05,01/05,2024-01-05T00:00:00,1,5,HH-F15,1kg Original Muesli,North,0.00,EUR
155,.1~156,156,H2,01,05,01/05,2024-01-05T00:00:00,1,5,HH-F16,1kg Mixed Fruit Muesli,North,0.00,EUR
156,.1~157,157,H2,01,05,01/05,2024-01-05T00:00:00,1,5,HH-F01,500g Nut Muesli,South,0.00,EUR
157,.1~158,158,H2,01,05,01/05,2024-01-05T00:00:00,1,5,HH-F02,500g Blueberry Muesli,South,0.00,EUR
158,.1~159,159,H2,01,05,01/05,2024-01-05T00:00:00,1,5,HH-F03,500g Strawberry Muesli,South,0.00,EUR
159,.1~160,160,H2,01,05,01/05,2024-01-05T00:00:00,1,5,HH-F04,500g Raisin Muesli,South,0.00,EUR
160,.1~161,161,H2,01,05,01/05,2024-01-05T00:00:00,1,5,HH-F05,500g Original Muesli,South,0.00,EUR
161,.1~162,162,H2,01,05,01/05,2024-01-05T00:00:00,1,5,HH-F06,500g Mixed Fruit Muesli,South,0.00,EUR
162,.1~163,163,H2,01,05,01/05,2024-01-05T00:00:00,1,5,HH-F11,1kg Nut Muesli,South,0.00,EUR
163,.1~164,164,H2,01,05,01/05,2024-01-05T00:00:00,1,5,HH-F12,1kg Blueberry Muesli,South,0.00,EUR
164,.1~165,165,H2,01,05,01/05,2024-01-05T00:00:00,1,5,HH-F13,1kg Strawberry Muesli,South,0.00,EUR
165,.1~166,166,H2,01,05,01/05,2024-01-05T00:00:00,1,5,HH-F14,1kg Raisin Muesli,South,0.00,EUR
166,.1~167,167,H2,01,05,01/05,2024-01-05T00:00:00,1,5,HH-F15,1kg Original Muesli,South,0.00,EUR
167,.1~168,168,H2,01,05,01/05,2024-01-05T00:00:00,1,5,HH-F16,1kg Mixed Fruit Muesli,South,0.00,EUR
168,.1~169,169,H2,01,05,01/05,2024-01-05T00:00:00,1,5,HH-F01,500g Nut Muesli,West,0.00,EUR
169,.1~170,170,H2,01,05,01/05,2024-01-05T00:00:00,1,5,HH-F02,500g Blueberry Muesli,West,0.00,EUR
170,.1~171,171,H2,01,05,01/05,2024-01-05T00:00:00,1,5,HH-F03,500g Strawberry Muesli,West,0.00,EUR
171,.1~172,172,H2,01,05,01/05,2024-01-05T00:00:00,1,5,HH-F04,500g Raisin Muesli,West,0.00,EUR
172,.1~173,173,H2,01,05,01/05,2024-01-05T00:00:00,1,5,HH-F05,500g Original Muesli,West,0.00,EUR
173,.1~174,174,H2,01,05,01/05,2024-01-05T00:00:00,1,5,HH-F06,500g Mixed Fruit Muesli,West,0.00,EUR
174,.1~175,175,H2,01,05,01/05,2024-01-05T00:00:00,1,5,HH-F11,1kg Nut Muesli,West,0.00,EUR
175,.1~176,176,H2,01,05,01/05,2024-01-05T00:00:00,1,5,HH-F12,1kg Blueberry Muesli,West,0.00,EUR
176,.1~177,177,H2,01,05,01/05,2024-01-05T00:00:00,1,5,HH-F13,1kg Strawberry Muesli,West,0.00,EUR
177,.1~178,178,H2,01,05,01/05,2024-01-05T00:00:00,1,5,HH-F14,1kg Raisin Muesli,West,0.00,EUR
178,.1~179,179,H2,01,05,01/05,2024-01-05T00:00:00,1,5,HH-F15,1kg Original Muesli,West,0.00,EUR
179,.1~180,180,H2,01,05,01/05,2024-01-05T00:00:00,1,5,HH-F16,1kg Mixed Fruit Muesli,West,0.00,EUR
180,.1~181,181,H2,01,06,01/06,2024-01-06T00:00:00,2,6,HH-F01,500g Nut Muesli,North,0.00,EUR
181,.1~182,182,H2,01,06,01/06,2024-01-06T00:00:00,2,6,HH-F02,500g Blueberry Muesli,North,0.00,EUR
182,.1~183,183,H2,01,06,01/06,2024-01-06T00:00:00,2,6,HH-F03,500g Strawberry Muesli,North,0.00,EUR
183,.1~184,184,H2,01,06,01/06,2024-01-06T00:00:00,2,6,HH-F04,500g Raisin Muesli,North,0.00,EUR
184,.1~185,185,H2,01,06,01/06,2024-01-06T00:00:00,2,6,HH-F05,500g Original Muesli,North,0.00,EUR
185,.1~186,186,H2,01,06,01/06,2024-01-06T00:00:00,2,6,HH-F06,500g Mixed Fruit Muesli,North,0.00,EUR
186,.1~187,187,H2,01,06,01/06,2024-01-06T00:00:00,2,6,HH-F11,1kg Nut Muesli,North,0.00,EUR
187,.1~188,188,H2,01,06,01/06,2024-01-06T00:00:00,2,6,HH-F12,1kg Blueberry Muesli,North,0.00,EUR
188,.1~189,189,H2,01,06,01/06,2024-01-06T00:00:00,2,6,HH-F13,1kg Strawberry Muesli,North,0.00,EUR
189,.1~190,190,H2,01,06,01/06,2024-01-06T00:00:00,2,6,HH-F14,1kg Raisin Muesli,North,0.00,EUR
190,.1~191,191,H2,01,06,01/06,2024-01-06T00:00:00,2,6,HH-F15,1kg Original Muesli,North,0.00,EUR
191,.1~192,192,H2,01,06,01/06,2024-01-06T00:00:00,2,6,HH-F16,1kg Mixed Fruit Muesli,North,0.00,EUR
192,.1~193,193,H2,01,06,01/06,2024-01-06T00:00:00,2,6,HH-F01,500g Nut Muesli,South,0.00,EUR
193,.1~194,194,H2,01,06,01/06,2024-01-06T00:00:00,2,6,HH-F02,500g Blueberry Muesli,South,0.00,EUR
194,.1~195,195,H2,01,06,01/06,2024-01-06T00:00:00,2,6,HH-F03,500g Strawberry Muesli,South,0.00,EUR
195,.1~196,196,H2,01,06,01/06,2024-01-06T00:00:00,2,6,HH-F04,500g Raisin Muesli,South,0.00,EUR
196,.1~197,197,H2,01,06,01/06,2024-01-06T00:00:00,2,6,HH-F05,500g Original Muesli,South,0.00,EUR
197,.1~198,198,H2,01,06,01/06,2024-01-06T00:00:00,2,6,HH-F06,500g Mixed Fruit Muesli,South,0.00,EUR
198,.1~199,199,H2,01,06,01/06,2024-01-06T00:00:00,2,6,HH-F11,1kg Nut Muesli,South,0.00,EUR
199,.1~200,200,H2,01,06,01/06,2024-01-06T00:00:00,2,6,HH-F12,1kg Blueberry Muesli,South,0.00,EUR
200,.1~201,201,H2,01,06,01/06,2024-01-06T00:00:00,2,6,HH-F13,1kg Strawberry Muesli,South,0.00,EUR
201,.1~202,202,H2,01,06,01/06,2024-01-06T00:00:00,2,6,HH-F14,1kg Raisin Muesli,South,0.00,EUR
202,.1~203,203,H2,01,06,01/06,2024-01-06T00:00:00,2,6,HH-F15,1kg Original Muesli,South,0.00,EUR
203,.1~204,204,H2,01,06,01/06,2024-01-06T00:00:00,2,6,HH-F16,1kg Mixed Fruit Muesli,South,0.00,EUR
204,.1~205,205,H2,01,06,01/06,2024-01-06T00:00:00,2,6,HH-F01,500g Nut Muesli,West,0.00,EUR
205,.1~206,206,H2,01,06,01/06,2024-01-06T00:00:00,2,6,HH-F02,500g Blueberry Muesli,West,0.00,EUR
206,.1~207,207,H2,01,06,01/06,2024-01-06T00:00:00,2,6,HH-F03,500g Strawberry Muesli,West,0.00,EUR
207,.1~208,208,H2,01,06,01/06,2024-01-06T00:00:00,2,6,HH-F04,500g Raisin Muesli,West,0.00,EUR
208,.1~209,209,H2,01,06,01/06,2024-01-06T00:00:00,2,6,HH-F05,500g Original Muesli,West,0.00,EUR
209,.1~210,210,H2,01,06,01/06,2024-01-06T00:00:00,2,6,HH-F06,500g Mixed Fruit Muesli,West,0.00,EUR
210,.1~211,211,H2,01,06,01/06,2024-01-06T00:00:00,2,6,HH-F11,1kg Nut Muesli,West,0.00,EUR
211,.1~212,212,H2,01,06,01/06,2024-01-06T00:00:00,2,6,HH-F12,1kg Blueberry Muesli,West,0.00,EUR
212,.1~213,213,H2,01,06,01/06,2024-01-06T00:00:00,2,6,HH-F13,1kg Strawberry Muesli,West,0.00,EUR
213,.1~214,214,H2,01,06,01/06,2024-01-06T00:00:00,2,6,HH-F14,1kg Raisin Muesli,West,0.00,EUR
214,.1~215,215,H2,01,06,01/06,2024-01-06T00:00:00,2,6,HH-F15,1kg Original Muesli,West,0.00,EUR
215,.1~216,216,H2,01,06,01/06,2024-01-06T00:00:00,2,6,HH-F16,1kg Mixed Fruit Muesli,West,0.00,EUR
216,.1~217,217,H2,01,07,01/07,2024-01-07T00:00:00,2,7,HH-F01,500g Nut Muesli,North,0.00,EUR
217,.1~218,218,H2,01,07,01/07,2024-01-07T00:00:00,2,7,HH-F02,500g Blueberry Muesli,North,0.00,EUR
218,.1~219,219,H2,01,07,01/07,2024-01-07T00:00:00,2,7,HH-F03,500g Strawberry Muesli,North,0.00,EUR
219,.1~220,220,H2,01,07,01/07,2024-01-07T00:00:00,2,7,HH-F04,500g Raisin Muesli,North,0.00,EUR
220,.1~221,221,H2,01,07,01/07,2024-01-07T00:00:00,2,7,HH-F05,500g Original Muesli,North,0.00,EUR
221,.1~222,222,H2,01,07,01/07,2024-01-07T00:00:00,2,7,HH-F06,500g Mixed Fruit Muesli,North,0.00,EUR
222,.1~223,223,H2,01,07,01/07,2024-01-07T00:00:00,2,7,HH-F11,1kg Nut Muesli,North,0.00,EUR
223,.1~224,224,H2,01,07,01/07,2024-01-07T00:00:00,2,7,HH-F12,1kg Blueberry Muesli,North,0.00,EUR
224,.1~225,225,H2,01,07,01/07,2024-01-07T00:00:00,2,7,HH-F13,1kg Strawberry Muesli,North,0.00,EUR
225,.1~226,226,H2,01,07,01/07,2024-01-07T00:00:00,2,7,HH-F14,1kg Raisin Muesli,North,0.00,EUR
226,.1~227,227,H2,01,07,01/07,2024-01-07T00:00:00,2,7,HH-F15,1kg Original Muesli,North,0.00,EUR
227,.1~228,228,H2,01,07,01/07,2024-01-07T00:00:00,2,7,HH-F16,1kg Mixed Fruit Muesli,North,0.00,EUR
228,.1~229,229,H2,01,07,01/07,2024-01-07T00:00:00,2,7,HH-F01,500g Nut Muesli,South,0.00,EUR
229,.1~230,230,H2,01,07,01/07,2024-01-07T00:00:00,2,7,HH-F02,500g Blueberry Muesli,South,0.00,EUR
230,.1~231,231,H2,01,07,01/07,2024-01-07T00:00:00,2,7,HH-F03,500g Strawberry Muesli,South,0.00,EUR
231,.1~232,232,H2,01,07,01/07,2024-01-07T00:00:00,2,7,HH-F04,500g Raisin Muesli,South,0.00,EUR
232,.1~233,233,H2,01,07,01/07,2024-01-07T00:00:00,2,7,HH-F05,500g Original Muesli,South,0.00,EUR
233,.1~234,234,H2,01,07,01/07,2024-01-07T00:00:00,2,7,HH-F06,500g Mixed Fruit Muesli,South,0.00,EUR
234,.1~235,235,H2,01,07,01/07,2024-01-07T00:00:00,2,7,HH-F11,1kg Nut Muesli,South,0.00,EUR
235,.1~236,236,H2,01,07,01/07,2024-01-07T00:00:00,2,7,HH-F12,1kg Blueberry Muesli,South,0.00,EUR
236,.1~237,237,H2,01,07,01/07,2024-01-07T00:00:00,2,7,HH-F13,1kg Strawberry Muesli,South,0.00,EUR
237,.1~238,238,H2,01,07,01/07,2024-01-07T00:00:00,2,7,HH-F14,1kg Raisin Muesli,South,0.00,EUR
238,.1~239,239,H2,01,07,01/07,2024-01-07T00:00:00,2,7,HH-F15,1kg Original Muesli,South,0.00,EUR
239,.1~240,240,H2,01,07,01/07,2024-01-07T00:00:00,2,7,HH-F16,1kg Mixed Fruit Muesli,South,0.00,EUR
240,.1~241,241,H2,01,07,01/07,2024-01-07T00:00:00,2,7,HH-F01,500g Nut Muesli,West,0.00,EUR
241,.1~242,242,H2,01,07,01/07,2024-01-07T00:00:00,2,7,HH-F02,500g Blueberry Muesli,West,0.00,EUR
242,.1~243,243,H2,01,07,01/07,2024-01-07T00:00:00,2,7,HH-F03,500g Strawberry Muesli,West,0.00,EUR
243,.1~244,244,H2,01,07,01/07,2024-01-07T00:00:00,2,7,HH-F04,500g Raisin Muesli,West,0.00,EUR
244,.1~245,245,H2,01,07,01/07,2024-01-07T00:00:00,2,7,HH-F05,500g Original Muesli,West,0.00,EUR
245,.1~246,246,H2,01,07,01/07,2024-01-07T00:00:00,2,7,HH-F06,500g Mixed Fruit Muesli,West,0.00,EUR
246,.1~247,247,H2,01,07,01/07,2024-01-07T00:00:00,2,7,HH-F11,1kg Nut Muesli,West,0.00,EUR
247,.1~248,248,H2,01,07,01/07,2024-01-07T00:00:00,2,7,HH-F12,1kg Blueberry Muesli,West,0.00,EUR
248,.1~249,249,H2,01,07,01/07,2024-01-07T00:00:00,2,7,HH-F13,1kg Strawberry Muesli,West,0.00,EUR
249,.1~250,250,H2,01,07,01/07,2024-01-07T00:00:00,2,7,HH-F14,1kg Raisin Muesli,West,0.00,EUR
250,.1~251,251,H2,01,07,01/07,2024-01-07T00:00:00,2,7,HH-F15,1kg Original Muesli,West,0.00,EUR
251,.1~252,252,H2,01,07,01/07,2024-01-07T00:00:00,2,7,HH-F16,1kg Mixed Fruit Muesli,West,0.00,EUR
252,.1~253,253,H2,01,08,01/08,2024-01-08T00:00:00,2,8,HH-F01,500g Nut Muesli,North,0.00,EUR
253,.1~254,254,H2,01,08,01/08,2024-01-08T00:00:00,2,8,HH-F02,500g Blueberry Muesli,North,0.00,EUR
254,.1~255,255,H2,01,08,01/08,2024-01-08T00:00:00,2,8,HH-F03,500g Strawberry Muesli,North,0.00,EUR
255,.1~256,256,H2,01,08,01/08,2024-01-08T00:00:00,2,8,HH-F04,500g Raisin Muesli,North,0.00,EUR
256,.1~257,257,H2,01,08,01/08,2024-01-08T00:00:00,2,8,HH-F05,500g Original Muesli,North,0.00,EUR
257,.1~258,258,H2,01,08,01/08,2024-01-08T00:00:00,2,8,HH-F06,500g Mixed Fruit Muesli,North,0.00,EUR
258,.1~259,259,H2,01,08,01/08,2024-01-08T00:00:00,2,8,HH-F11,1kg Nut Muesli,North,0.00,EUR
259,.1~260,260,H2,01,08,01/08,2024-01-08T00:00:00,2,8,HH-F12,1kg Blueberry Muesli,North,0.00,EUR
260,.1~261,261,H2,01,08,01/08,2024-01-08T00:00:00,2,8,HH-F13,1kg Strawberry Muesli,North,0.00,EUR
261,.1~262,262,H2,01,08,01/08,2024-01-08T00:00:00,2,8,HH-F14,1kg Raisin Muesli,North,0.00,EUR
262,.1~263,263,H2,01,08,01/08,2024-01-08T00:00:00,2,8,HH-F15,1kg Original Muesli,North,0.00,EUR
263,.1~264,264,H2,01,08,01/08,2024-01-08T00:00:00,2,8,HH-F16,1kg Mixed Fruit Muesli,North,0.00,EUR
264,.1~265,265,H2,01,08,01/08,2024-01-08T00:00:00,2,8,HH-F01,500g Nut Muesli,South,0.00,EUR
265,.1~266,266,H2,01,08,01/08,2024-01-08T00:00:00,2,8,HH-F02,500g Blueberry Muesli,South,0.00,EUR
266,.1~267,267,H2,01,08,01/08,2024-01-08T00:00:00,2,8,HH-F03,500g Strawberry Muesli,South,0.00,EUR
267,.1~268,268,H2,01,08,01/08,2024-01-08T00:00:00,2,8,HH-F04,500g Raisin Muesli,South,0.00,EUR
268,.1~269,269,H2,01,08,01/08,2024-01-08T00:00:00,2,8,HH-F05,500g Original Muesli,South,0.00,EUR
269,.1~270,270,H2,01,08,01/08,2024-01-08T00:00:00,2,8,HH-F06,500g Mixed Fruit Muesli,South,0.00,EUR
270,.1~271,271,H2,01,08,01/08,2024-01-08T00:00:00,2,8,HH-F11,1kg Nut Muesli,South,0.00,EUR
271,.1~272,272,H2,01,08,01/08,2024-01-08T00:00:00,2,8,HH-F12,1kg Blueberry Muesli,South,0.00,EUR
272,.1~273,273,H2,01,08,01/08,2024-01-08T00:00:00,2,8,HH-F13,1kg Strawberry Muesli,South,0.00,EUR
273,.1~274,274,H2,01,08,01/08,2024-01-08T00:00:00,2,8,HH-F14,1kg Raisin Muesli,South,0.00,EUR
274,.1~275,275,H2,01,08,01/08,2024-01-08T00:00:00,2,8,HH-F15,1kg Original Muesli,South,0.00,EUR
275,.1~276,276,H2,01,08,01/08,2024-01-08T00:00:00,2,8,HH-F16,1kg Mixed Fruit Muesli,South,0.00,EUR
276,.1~277,277,H2,01,08,01/08,2024-01-08T00:00:00,2,8,HH-F01,500g Nut Muesli,West,0.00,EUR
277,.1~278,278,H2,01,08,01/08,2024-01-08T00:00:00,2,8,HH-F02,500g Blueberry Muesli,West,0.00,EUR
278,.1~279,279,H2,01,08,01/08,2024-01-08T00:00:00,2,8,HH-F03,500g Strawberry Muesli,West,0.00,EUR
279,.1~280,280,H2,01,08,01/08,2024-01-08T00:00:00,2,8,HH-F04,500g Raisin Muesli,West,0.00,EUR
280,.1~281,281,H2,01,08,01/08,2024-01-08T00:00:00,2,8,HH-F05,500g Original Muesli,West,0.00,EUR
281,.1~282,282,H2,01,08,01/08,2024-01-08T00:00:00,2,8,HH-F06,500g Mixed Fruit Muesli,West,0.00,EUR
282,.1~283,283,H2,01,08,01/08,2024-01-08T00:00:00,2,8,HH-F11,1kg Nut Muesli,West,0.00,EUR
283,.1~284,284,H2,01,08,01/08,2024-01-08T00:00:00,2,8,HH-F12,1kg Blueberry Muesli,West,0.00,EUR
284,.1~285,285,H2,01,08,01/08,2024-01-08T00:00:00,2,8,HH-F13,1kg Strawberry Muesli,West,0.00,EUR
285,.1~286,286,H2,01,08,01/08,2024-01-08T00:00:00,2,8,HH-F14,1kg Raisin Muesli,West,0.00,EUR
286,.1~287,287,H2,01,08,01/08,2024-01-08T00:00:00,2,8,HH-F15,1kg Original Muesli,West,0.00,EUR
287,.1~288,288,H2,01,08,01/08,2024-01-08T00:00:00,2,8,HH-F16,1kg Mixed Fruit Muesli,West,0.00,EUR
288,.1~289,289,H2,01,09,01/09,2024-01-09T00:00:00,2,9,HH-F01,500g Nut Muesli,North,0.00,EUR
289,.1~290,290,H2,01,09,01/09,2024-01-09T00:00:00,2,9,HH-F02,500g Blueberry Muesli,North,0.00,EUR
290,.1~291,291,H2,01,09,01/09,2024-01-09T00:00:00,2,9,HH-F03,500g Strawberry Muesli,North,0.00,EUR
291,.1~292,292,H2,01,09,01/09,2024-01-09T00:00:00,2,9,HH-F04,500g Raisin Muesli,North,0.00,EUR
292,.1~293,293,H2,01,09,01/09,2024-01-09T00:00:00,2,9,HH-F05,500g Original Muesli,North,0.00,EUR
293,.1~294,294,H2,01,09,01/09,2024-01-09T00:00:00,2,9,HH-F06,500g Mixed Fruit Muesli,North,0.00,EUR
294,.1~295,295,H2,01,09,01/09,2024-01-09T00:00:00,2,9,HH-F11,1kg Nut Muesli,North,0.00,EUR
295,.1~296,296,H2,01,09,01/09,2024-01-09T00:00:00,2,9,HH-F12,1kg Blueberry Muesli,North,0.00,EUR
296,.1~297,297,H2,01,09,01/09,2024-01-09T00:00:00,2,9,HH-F13,1kg Strawberry Muesli,North,0.00,EUR
297,.1~298,298,H2,01,09,01/09,2024-01-09T00:00:00,2,9,HH-F14,1kg Raisin Muesli,North,0.00,EUR
298,.1~299,299,H2,01,09,01/09,2024-01-09T00:00:00,2,9,HH-F15,1kg Original Muesli,North,0.00,EUR
299,.1~300,300,H2,01,09,01/09,2024-01-09T00:00:00,2,9,HH-F16,1kg Mixed Fruit Muesli,North,0.00,EUR
300,.1~301,301,H2,01,09,01/09,2024-01-09T00:00:00,2,9,HH-F01,500g Nut Muesli,South,0.00,EUR
301,.1~302,302,H2,01,09,01/09,2024-01-09T00:00:00,2,9,HH-F02,500g Blueberry Muesli,South,0.00,EUR
302,.1~303,303,H2,01,09,01/09,2024-01-09T00:00:00,2,9,HH-F03,500g Strawberry Muesli,South,0.00,EUR
303,.1~304,304,H2,01,09,01/09,2024-01-09T00:00:00,2,9,HH-F04,500g Raisin Muesli,South,0.00,EUR
304,.1~305,305,H2,01,09,01/09,2024-01-09T00:00:00,2,9,HH-F05,500g Original Muesli,South,0.00,EUR
305,.1~306,306,H2,01,09,01/09,2024-01-09T00:00:00,2,9,HH-F06,500g Mixed Fruit Muesli,South,0.00,EUR
306,.1~307,307,H2,01,09,01/09,2024-01-09T00:00:00,2,9,HH-F11,1kg Nut Muesli,South,0.00,EUR
307,.1~308,308,H2,01,09,01/09,2024-01-09T00:00:00,2,9,HH-F12,1kg Blueberry Muesli,South,0.00,EUR
308,.1~309,309,H2,01,09,01/09,2024-01-09T00:00:00,2,9,HH-F13,1kg Strawberry Muesli,South,0.00,EUR
309,.1~310,310,H2,01,09,01/09,2024-01-09T00:00:00,2,9,HH-F14,1kg Raisin Muesli,South,0.00,EUR
310,.1~311,311,H2,01,09,01/09,2024-01-09T00:00:00,2,9,HH-F15,1kg Original Muesli,South,0.00,EUR
311,.1~312,312,H2,01,09,01/09,2024-01-09T00:00:00,2,9,HH-F16,1kg Mixed Fruit Muesli,South,0.00,EUR
312,.1~313,313,H2,01,09,01/09,2024-01-09T00:00:00,2,9,HH-F01,500g Nut Muesli,West,0.00,EUR
313,.1~314,314,H2,01,09,01/09,2024-01-09T00:00:00,2,9,HH-F02,500g Blueberry Muesli,West,0.00,EUR
314,.1~315,315,H2,01,09,01/09,2024-01-09T00:00:00,2,9,HH-F03,500g Strawberry Muesli,West,0.00,EUR
315,.1~316,316,H2,01,09,01/09,2024-01-09T00:00:00,2,9,HH-F04,500g Raisin Muesli,West,0.00,EUR
316,.1~317,317,H2,01,09,01/09,2024-01-09T00:00:00,2,9,HH-F05,500g Original Muesli,West,0.00,EUR
317,.1~318,318,H2,01,09,01/09,2024-01-09T00:00:00,2,9,HH-F06,500g Mixed Fruit Muesli,West,0.00,EUR
318,.1~319,319,H2,01,09,01/09,2024-01-09T00:00:00,2,9,HH-F11,1kg Nut Muesli,West,0.00,EUR
319,.1~320,320,H2,01,09,01/09,2024-01-09T00:00:00,2,9,HH-F12,1kg Blueberry Muesli,West,0.00,EUR
320,.1~321,321,H2,01,09,01/09,2024-01-09T00:00:00,2,9,HH-F13,1kg Strawberry Muesli,West,0.00,EUR
321,.1~322,322,H2,01,09,01/09,2024-01-09T00:00:00,2,9,HH-F14,1kg Raisin Muesli,West,0.00,EUR
322,.1~323,323,H2,01,09,01/09,2024-01-09T00:00:00,2,9,HH-F15,1kg Original Muesli,West,0.00,EUR
323,.1~324,324,H2,01,09,01/09,2024-01-09T00:00:00,2,9,HH-F16,1kg Mixed Fruit Muesli,West,0.00,EUR
324,.1~325,325,H2,01,10,01/10,2024-01-10T00:00:00,2,10,HH-F01,500g Nut Muesli,North,0.00,EUR
325,.1~326,326,H2,01,10,01/10,2024-01-10T00:00:00,2,10,HH-F02,500g Blueberry Muesli,North,0.00,EUR
326,.1~327,327,H2,01,10,01/10,2024-01-10T00:00:00,2,10,HH-F03,500g Strawberry Muesli,North,0.00,EUR
327,.1~328,328,H2,01,10,01/10,2024-01-10T00:00:00,2,10,HH-F04,500g Raisin Muesli,North,0.00,EUR
328,.1~329,329,H2,01,10,01/10,2024-01-10T00:00:00,2,10,HH-F05,500g Original Muesli,North,0.00,EUR
329,.1~330,330,H2,01,10,01/10,2024-01-10T00:00:00,2,10,HH-F06,500g Mixed Fruit Muesli,North,0.00,EUR
330,.1~331,331,H2,01,10,01/10,2024-01-10T00:00:00,2,10,HH-F11,1kg Nut Muesli,North,0.00,EUR
331,.1~332,332,H2,01,10,01/10,2024-01-10T00:00:00,2,10,HH-F12,1kg Blueberry Muesli,North,0.00,EUR
332,.1~333,333,H2,01,10,01/10,2024-01-10T00:00:00,2,10,HH-F13,1kg Strawberry Muesli,North,0.00,EUR
333,.1~334,334,H2,01,10,01/10,2024-01-10T00:00:00,2,10,HH-F14,1kg Raisin Muesli,North,0.00,EUR
334,.1~335,335,H2,01,10,01/10,2024-01-10T00:00:00,2,10,HH-F15,1kg Original Muesli,North,0.00,EUR
335,.1~336,336,H2,01,10,01/10,2024-01-10T00:00:00,2,10,HH-F16,1kg Mixed Fruit Muesli,North,0.00,EUR
336,.1~337,337,H2,01,10,01/10,2024-01-10T00:00:00,2,10,HH-F01,500g Nut Muesli,South,0.00,EUR
337,.1~338,338,H2,01,10,01/10,2024-01-10T00:00:00,2,10,HH-F02,500g Blueberry Muesli,South,0.00,EUR
338,.1~339,339,H2,01,10,01/10,2024-01-10T00:00:00,2,10,HH-F03,500g Strawberry Muesli,South,0.00,EUR
339,.1~340,340,H2,01,10,01/10,2024-01-10T00:00:00,2,10,HH-F04,500g Raisin Muesli,South,0.00,EUR
340,.1~341,341,H2,01,10,01/10,2024-01-10T00:00:00,2,10,HH-F05,500g Original Muesli,South,0.00,EUR
341,.1~342,342,H2,01,10,01/10,2024-01-10T00:00:00,2,10,HH-F06,500g Mixed Fruit Muesli,South,0.00,EUR
342,.1~343,343,H2,01,10,01/10,2024-01-10T00:00:00,2,10,HH-F11,1kg Nut Muesli,South,0.00,EUR
343,.1~344,344,H2,01,10,01/10,2024-01-10T00:00:00,2,10,HH-F12,1kg Blueberry Muesli,South,0.00,EUR
344,.1~345,345,H2,01,10,01/10,2024-01-10T00:00:00,2,10,HH-F13,1kg Strawberry Muesli,South,0.00,EUR
345,.1~346,346,H2,01,10,01/10,2024-01-10T00:00:00,2,10,HH-F14,1kg Raisin Muesli,South,0.00,EUR
346,.1~347,347,H2,01,10,01/10,2024-01-10T00:00:00,2,10,HH-F15,1kg Original Muesli,South,0.00,EUR
347,.1~348,348,H2,01,10,01/10,2024-01-10T00:00:00,2,10,HH-F16,1kg Mixed Fruit Muesli,South,0.00,EUR
348,.1~349,349,H2,01,10,01/10,2024-01-10T00:00:00,2,10,HH-F01,500g Nut Muesli,West,0.00,EUR
349,.1~350,350,H2,01,10,01/10,2024-01-10T00:00:00,2,10,HH-F02,500g Blueberry Muesli,West,0.00,EUR
350,.1~351,351,H2,01,10,01/10,2024-01-10T00:00:00,2,10,HH-F03,500g Strawberry Muesli,West,0.00,EUR
351,.1~352,352,H2,01,10,01/10,2024-01-10T00:00:00,2,10,HH-F04,500g Raisin Muesli,West,0.00,EUR
352,.1~353,353,H2,01,10,01/10,2024-01-10T00:00:00,2,10,HH-F05,500g Original Muesli,West,0.00,EUR
353,.1~354,354,H2,01,10,01/10,2024-01-10T00:00:00,2,10,HH-F06,500g Mixed Fruit Muesli,West,0.00,EUR
354,.1~355,355,H2,01,10,01/10,2024-01-10T00:00:00,2,10,HH-F11,1kg Nut Muesli,West,0.00,EUR
355,.1~356,356,H2,01,10,01/10,2024-01-10T00:00:00,2,10,HH-F12,1kg Blueberry Muesli,West,0.00,EUR
356,.1~357,357,H2,01,10,01/10,2024-01-10T00:00:00,2,10,HH-F13,1kg Strawberry Muesli,West,0.00,EUR
357,.1~358,358,H2,01,10,01/10,2024-01-10T00:00:00,2,10,HH-F14,1kg Raisin Muesli,West,0.00,EUR
358,.1~359,359,H2,01,10,01/10,2024-01-10T00:00:00,2,10,HH-F15,1kg Original Muesli,West,0.00,EUR
359,.1~360,360,H2,01,10,01/10,2024-01-10T00:00:00,2,10,HH-F16,1kg Mixed Fruit Muesli,West,0.00,EUR
360,.1~361,361,H2,01,11,01/11,2024-01-11T00:00:00,3,11,HH-F01,500g Nut Muesli,North,0.00,EUR
361,.1~362,362,H2,01,11,01/11,2024-01-11T00:00:00,3,11,HH-F02,500g Blueberry Muesli,North,0.00,EUR
362,.1~363,363,H2,01,11,01/11,2024-01-11T00:00:00,3,11,HH-F03,500g Strawberry Muesli,North,0.00,EUR
363,.1~364,364,H2,01,11,01/11,2024-01-11T00:00:00,3,11,HH-F04,500g Raisin Muesli,North,0.00,EUR
364,.1~365,365,H2,01,11,01/11,2024-01-11T00:00:00,3,11,HH-F05,500g Original Muesli,North,0.00,EUR
365,.1~366,366,H2,01,11,01/11,2024-01-11T00:00:00,3,11,HH-F06,500g Mixed Fruit Muesli,North,0.00,EUR
366,.1~367,367,H2,01,11,01/11,2024-01-11T00:00:00,3,11,HH-F11,1kg Nut Muesli,North,0.00,EUR
367,.1~368,368,H2,01,11,01/11,2024-01-11T00:00:00,3,11,HH-F12,1kg Blueberry Muesli,North,0.00,EUR
368,.1~369,369,H2,01,11,01/11,2024-01-11T00:00:00,3,11,HH-F13,1kg Strawberry Muesli,North,0.00,EUR
369,.1~370,370,H2,01,11,01/11,2024-01-11T00:00:00,3,11,HH-F14,1kg Raisin Muesli,North,0.00,EUR
370,.1~371,371,H2,01,11,01/11,2024-01-11T00:00:00,3,11,HH-F15,1kg Original Muesli,North,0.00,EUR
371,.1~372,372,H2,01,11,01/11,2024-01-11T00:00:00,3,11,HH-F16,1kg Mixed Fruit Muesli,North,0.00,EUR
372,.1~373,373,H2,01,11,01/11,2024-01-11T00:00:00,3,11,HH-F01,500g Nut Muesli,South,0.00,EUR
373,.1~374,374,H2,01,11,01/11,2024-01-11T00:00:00,3,11,HH-F02,500g Blueberry Muesli,South,0.00,EUR
374,.1~375,375,H2,01,11,01/11,2024-01-11T00:00:00,3,11,HH-F03,500g Strawberry Muesli,South,0.00,EUR
375,.1~376,376,H2,01,11,01/11,2024-01-11T00:00:00,3,11,HH-F04,500g Raisin Muesli,South,0.00,EUR
376,.1~377,377,H2,01,11,01/11,2024-01-11T00:00:00,3,11,HH-F05,500g Original Muesli,South,0.00,EUR
377,.1~378,378,H2,01,11,01/11,2024-01-11T00:00:00,3,11,HH-F06,500g Mixed Fruit Muesli,South,0.00,EUR
378,.1~379,379,H2,01,11,01/11,2024-01-11T00:00:00,3,11,HH-F11,1kg Nut Muesli,South,0.00,EUR
379,.1~380,380,H2,01,11,01/11,2024-01-11T00:00:00,3,11,HH-F12,1kg Blueberry Muesli,South,0.00,EUR
380,.1~381,381,H2,01,11,01/11,2024-01-11T00:00:00,3,11,HH-F13,1kg Strawberry Muesli,South,0.00,EUR
381,.1~382,382,H2,01,11,01/11,2024-01-11T00:00:00,3,11,HH-F14,1kg Raisin Muesli,South,0.00,EUR
382,.1~383,383,H2,01,11,01/11,2024-01-11T00:00:00,3,11,HH-F15,1kg Original Muesli,South,0.00,EUR
383,.1~384,384,H2,01,11,01/11,2024-01-11T00:00:00,3,11,HH-F16,1kg Mixed Fruit Muesli,South,0.00,EUR
384,.1~385,385,H2,01,11,01/11,2024-01-11T00:00:00,3,11,HH-F01,500g Nut Muesli,West,0.00,EUR
385,.1~386,386,H2,01,11,01/11,2024-01-11T00:00:00,3,11,HH-F02,500g Blueberry Muesli,West,0.00,EUR
386,.1~387,387,H2,01,11,01/11,2024-01-11T00:00:00,3,11,HH-F03,500g Strawberry Muesli,West,0.00,EUR
387,.1~388,388,H2,01,11,01/11,2024-01-11T00:00:00,3,11,HH-F04,500g Raisin Muesli,West,0.00,EUR
388,.1~389,389,H2,01,11,01/11,2024-01-11T00:00:00,3,11,HH-F05,500g Original Muesli,West,0.00,EUR
389,.1~390,390,H2,01,11,01/11,2024-01-11T00:00:00,3,11,HH-F06,500g Mixed Fruit Muesli,West,0.00,EUR
390,.1~391,391,H2,01,11,01/11,2024-01-11T00:00:00,3,11,HH-F11,1kg Nut Muesli,West,0.00,EUR
391,.1~392,392,H2,01,11,01/11,2024-01-11T00:00:00,3,11,HH-F12,1kg Blueberry Muesli,West,0.00,EUR
392,.1~393,393,H2,01,11,01/11,2024-01-11T00:00:00,3,11,HH-F13,1kg Strawberry Muesli,West,0.00,EUR
393,.1~394,394,H2,01,11,01/11,2024-01-11T00:00:00,3,11,HH-F14,1kg Raisin Muesli,West,0.00,EUR
394,.1~395,395,H2,01,11,01/11,2024-01-11T00:00:00,3,11,HH-F15,1kg Original Muesli,West,0.00,EUR
395,.1~396,396,H2,01,11,01/11,2024-01-11T00:00:00,3,11,HH-F16,1kg Mixed Fruit Muesli,West,0.00,EUR
396,.1~397,397,H2,01,12,01/12,2024-01-12T00:00:00,3,12,HH-F01,500g Nut Muesli,North,0.00,EUR
397,.1~398,398,H2,01,12,01/12,2024-01-12T00:00:00,3,12,HH-F02,500g Blueberry Muesli,North,0.00,EUR
398,.1~399,399,H2,01,12,01/12,2024-01-12T00:00:00,3,12,HH-F03,500g Strawberry Muesli,North,0.00,EUR
399,.1~400,400,H2,01,12,01/12,2024-01-12T00:00:00,3,12,HH-F04,500g Raisin Muesli,North,0.00,EUR
400,.1~401,401,H2,01,12,01/12,2024-01-12T00:00:00,3,12,HH-F05,500g Original Muesli,North,0.00,EUR
401,.1~402,402,H2,01,12,01/12,2024-01-12T00:00:00,3,12,HH-F06,500g Mixed Fruit Muesli,North,0.00,EUR
402,.1~403,403,H2,01,12,01/12,2024-01-12T00:00:00,3,12,HH-F11,1kg Nut Muesli,North,0.00,EUR
403,.1~404,404,H2,01,12,01/12,2024-01-12T00:00:00,3,12,HH-F12,1kg Blueberry Muesli,North,0.00,EUR
404,.1~405,405,H2,01,12,01/12,2024-01-12T00:00:00,3,12,HH-F13,1kg Strawberry Muesli,North,0.00,EUR
405,.1~406,406,H2,01,12,01/12,2024-01-12T00:00:00,3,12,HH-F14,1kg Raisin Muesli,North,0.00,EUR
406,.1~407,407,H2,01,12,01/12,2024-01-12T00:00:00,3,12,HH-F15,1kg Original Muesli,North,0.00,EUR
407,.1~408,408,H2,01,12,01/12,2024-01-12T00:00:00,3,12,HH-F16,1kg Mixed Fruit Muesli,North,0.00,EUR
408,.1~409,409,H2,01,12,01/12,2024-01-12T00:00:00,3,12,HH-F01,500g Nut Muesli,South,0.00,EUR
409,.1~410,410,H2,01,12,01/12,2024-01-12T00:00:00,3,12,HH-F02,500g Blueberry Muesli,South,0.00,EUR
410,.1~411,411,H2,01,12,01/12,2024-01-12T00:00:00,3,12,HH-F03,500g Strawberry Muesli,South,0.00,EUR
411,.1~412,412,H2,01,12,01/12,2024-01-12T00:00:00,3,12,HH-F04,500g Raisin Muesli,South,0.00,EUR
412,.1~413,413,H2,01,12,01/12,2024-01-12T00:00:00,3,12,HH-F05,500g Original Muesli,South,0.00,EUR
413,.1~414,414,H2,01,12,01/12,2024-01-12T00:00:00,3,12,HH-F06,500g Mixed Fruit Muesli,South,0.00,EUR
414,.1~415,415,H2,01,12,01/12,2024-01-12T00:00:00,3,12,HH-F11,1kg Nut Muesli,South,0.00,EUR
415,.1~416,416,H2,01,12,01/12,2024-01-12T00:00:00,3,12,HH-F12,1kg Blueberry Muesli,South,0.00,EUR
416,.1~417,417,H2,01,12,01/12,2024-01-12T00:00:00,3,12,HH-F13,1kg Strawberry Muesli,South,0.00,EUR
417,.1~418,418,H2,01,12,01/12,2024-01-12T00:00:00,3,12,HH-F14,1kg Raisin Muesli,South,0.00,EUR
418,.1~419,419,H2,01,12,01/12,2024-01-12T00:00:00,3,12,HH-F15,1kg Original Muesli,South,0.00,EUR
419,.1~420,420,H2,01,12,01/12,2024-01-12T00:00:00,3,12,HH-F16,1kg Mixed Fruit Muesli,South,0.00,EUR
420,.1~421,421,H2,01,12,01/12,2024-01-12T00:00:00,3,12,HH-F01,500g Nut Muesli,West,0.00,EUR
421,.1~422,422,H2,01,12,01/12,2024-01-12T00:00:00,3,12,HH-F02,500g Blueberry Muesli,West,0.00,EUR
422,.1~423,423,H2,01,12,01/12,2024-01-12T00:00:00,3,12,HH-F03,500g Strawberry Muesli,West,0.00,EUR
423,.1~424,424,H2,01,12,01/12,2024-01-12T00:00:00,3,12,HH-F04,500g Raisin Muesli,West,0.00,EUR
424,.1~425,425,H2,01,12,01/12,2024-01-12T00:00:00,3,12,HH-F05,500g Original Muesli,West,0.00,EUR
425,.1~426,426,H2,01,12,01/12,2024-01-12T00:00:00,3,12,HH-F06,500g Mixed Fruit Muesli,West,0.00,EUR
426,.1~427,427,H2,01,12,01/12,2024-01-12T00:00:00,3,12,HH-F11,1kg Nut Muesli,West,0.00,EUR
427,.1~428,428,H2,01,12,01/12,2024-01-12T00:00:00,3,12,HH-F12,1kg Blueberry Muesli,West,0.00,EUR
428,.1~429,429,H2,01,12,01/12,2024-01-12T00:00:00,3,12,HH-F13,1kg Strawberry Muesli,West,0.00,EUR
429,.1~430,430,H2,01,12,01/12,2024-01-12T00:00:00,3,12,HH-F14,1kg Raisin Muesli,West,0.00,EUR
430,.1~431,431,H2,01,12,01/12,2024-01-12T00:00:00,3,12,HH-F15,1kg Original Muesli,West,0.00,EUR
431,.1~432,432,H2,01,12,01/12,2024-01-12T00:00:00,3,12,HH-F16,1kg Mixed Fruit Muesli,West,0.00,EUR
432,.1~433,433,H2,01,13,01/13,2024-01-13T00:00:00,3,13,HH-F01,500g Nut Muesli,North,0.00,EUR
433,.1~434,434,H2,01,13,01/13,2024-01-13T00:00:00,3,13,HH-F02,500g Blueberry Muesli,North,0.00,EUR
434,.1~435,435,H2,01,13,01/13,2024-01-13T00:00:00,3,13,HH-F03,500g Strawberry Muesli,North,0.00,EUR
435,.1~436,436,H2,01,13,01/13,2024-01-13T00:00:00,3,13,HH-F04,500g Raisin Muesli,North,0.00,EUR
436,.1~437,437,H2,01,13,01/13,2024-01-13T00:00:00,3,13,HH-F05,500g Original Muesli,North,0.00,EUR
437,.1~438,438,H2,01,13,01/13,2024-01-13T00:00:00,3,13,HH-F06,500g Mixed Fruit Muesli,North,0.00,EUR
438,.1~439,439,H2,01,13,01/13,2024-01-13T00:00:00,3,13,HH-F11,1kg Nut Muesli,North,0.00,EUR
439,.1~440,440,H2,01,13,01/13,2024-01-13T00:00:00,3,13,HH-F12,1kg Blueberry Muesli,North,0.00,EUR
440,.1~441,441,H2,01,13,01/13,2024-01-13T00:00:00,3,13,HH-F13,1kg Strawberry Muesli,North,0.00,EUR
441,.1~442,442,H2,01,13,01/13,2024-01-13T00:00:00,3,13,HH-F14,1kg Raisin Muesli,North,0.00,EUR
442,.1~443,443,H2,01,13,01/13,2024-01-13T00:00:00,3,13,HH-F15,1kg Original Muesli,North,0.00,EUR
443,.1~444,444,H2,01,13,01/13,2024-01-13T00:00:00,3,13,HH-F16,1kg Mixed Fruit Muesli,North,0.00,EUR
444,.1~445,445,H2,01,13,01/13,2024-01-13T00:00:00,3,13,HH-F01,500g Nut Muesli,South,0.00,EUR
445,.1~446,446,H2,01,13,01/13,2024-01-13T00:00:00,3,13,HH-F02,500g Blueberry Muesli,South,0.00,EUR
446,.1~447,447,H2,01,13,01/13,2024-01-13T00:00:00,3,13,HH-F03,500g Strawberry Muesli,South,0.00,EUR
447,.1~448,448,H2,01,13,01/13,2024-01-13T00:00:00,3,13,HH-F04,500g Raisin Muesli,South,0.00,EUR
448,.1~449,449,H2,01,13,01/13,2024-01-13T00:00:00,3,13,HH-F05,500g Original Muesli,South,0.00,EUR
449,.1~450,450,H2,01,13,01/13,2024-01-13T00:00:00,3,13,HH-F06,500g Mixed Fruit Muesli,South,0.00,EUR
450,.1~451,451,H2,01,13,01/13,2024-01-13T00:00:00,3,13,HH-F11,1kg Nut Muesli,South,0.00,EUR
451,.1~452,452,H2,01,13,01/13,2024-01-13T00:00:00,3,13,HH-F12,1kg Blueberry Muesli,South,0.00,EUR
452,.1~453,453,H2,01,13,01/13,2024-01-13T00:00:00,3,13,HH-F13,1kg Strawberry Muesli,South,0.00,EUR
453,.1~454,454,H2,01,13,01/13,2024-01-13T00:00:00,3,13,HH-F14,1kg Raisin Muesli,South,0.00,EUR
454,.1~455,455,H2,01,13,01/13,2024-01-13T00:00:00,3,13,HH-F15,1kg Original Muesli,South,0.00,EUR
455,.1~456,456,H2,01,13,01/13,2024-01-13T00:00:00,3,13,HH-F16,1kg Mixed Fruit Muesli,South,0.00,EUR
456,.1~457,457,H2,01,13,01/13,2024-01-13T00:00:00,3,13,HH-F01,500g Nut Muesli,West,0.00,EUR
457,.1~458,458,H2,01,13,01/13,2024-01-13T00:00:00,3,13,HH-F02,500g Blueberry Muesli,West,0.00,EUR
458,.1~459,459,H2,01,13,01/13,2024-01-13T00:00:00,3,13,HH-F03,500g Strawberry Muesli,West,0.00,EUR
459,.1~460,460,H2,01,13,01/13,2024-01-13T00:00:00,3,13,HH-F04,500g Raisin Muesli,West,0.00,EUR
460,.1~461,461,H2,01,13,01/13,2024-01-13T00:00:00,3,13,HH-F05,500g Original Muesli,West,0.00,EUR
461,.1~462,462,H2,01,13,01/13,2024-01-13T00:00:00,3,13,HH-F06,500g Mixed Fruit Muesli,West,0.00,EUR
462,.1~463,463,H2,01,13,01/13,2024-01-13T00:00:00,3,13,HH-F11,1kg Nut Muesli,West,0.00,EUR
463,.1~464,464,H2,01,13,01/13,2024-01-13T00:00:00,3,13,HH-F12,1kg Blueberry Muesli,West,0.00,EUR
464,.1~465,465,H2,01,13,01/13,2024-01-13T00:00:00,3,13,HH-F13,1kg Strawberry Muesli,West,0.00,EUR
465,.1~466,466,H2,01,13,01/13,2024-01-13T00:00:00,3,13,HH-F14,1kg Raisin Muesli,West,0.00,EUR
466,.1~467,467,H2,01,13,01/13,2024-01-13T00:00:00,3,13,HH-F15,1kg Original Muesli,West,0.00,EUR
467,.1~468,468,H2,01,13,01/13,2024-01-13T00:00:00,3,13,HH-F16,1kg Mixed Fruit Muesli,West,0.00,EUR
468,.1~469,469,H2,01,14,01/14,2024-01-14T00:00:00,3,14,HH-F01,500g Nut Muesli,North,0.00,EUR
469,.1~470,470,H2,01,14,01/14,2024-01-14T00:00:00,3,14,HH-F02,500g Blueberry Muesli,North,0.00,EUR
470,.1~471,471,H2,01,14,01/14,2024-01-14T00:00:00,3,14,HH-F03,500g Strawberry Muesli,North,0.00,EUR
471,.1~472,472,H2,01,14,01/14,2024-01-14T00:00:00,3,14,HH-F04,500g Raisin Muesli,North,0.00,EUR
472,.1~473,473,H2,01,14,01/14,2024-01-14T00:00:00,3,14,HH-F05,500g Original Muesli,North,0.00,EUR
473,.1~474,474,H2,01,14,01/14,2024-01-14T00:00:00,3,14,HH-F06,500g Mixed Fruit Muesli,North,0.00,EUR
474,.1~475,475,H2,01,14,01/14,2024-01-14T00:00:00,3,14,HH-F11,1kg Nut Muesli,North,0.00,EUR
475,.1~476,476,H2,01,14,01/14,2024-01-14T00:00:00,3,14,HH-F12,1kg Blueberry Muesli,North,0.00,EUR
476,.1~477,477,H2,01,14,01/14,2024-01-14T00:00:00,3,14,HH-F13,1kg Strawberry Muesli,North,0.00,EUR
477,.1~478,478,H2,01,14,01/14,2024-01-14T00:00:00,3,14,HH-F14,1kg Raisin Muesli,North,0.00,EUR
478,.1~479,479,H2,01,14,01/14,2024-01-14T00:00:00,3,14,HH-F15,1kg Original Muesli,North,0.00,EUR
479,.1~480,480,H2,01,14,01/14,2024-01-14T00:00:00,3,14,HH-F16,1kg Mixed Fruit Muesli,North,0.00,EUR
480,.1~481,481,H2,01,14,01/14,2024-01-14T00:00:00,3,14,HH-F01,500g Nut Muesli,South,0.00,EUR
481,.1~482,482,H2,01,14,01/14,2024-01-14T00:00:00,3,14,HH-F02,500g Blueberry Muesli,South,0.00,EUR
482,.1~483,483,H2,01,14,01/14,2024-01-14T00:00:00,3,14,HH-F03,500g Strawberry Muesli,South,0.00,EUR
483,.1~484,484,H2,01,14,01/14,2024-01-14T00:00:00,3,14,HH-F04,500g Raisin Muesli,South,0.00,EUR
484,.1~485,485,H2,01,14,01/14,2024-01-14T00:00:00,3,14,HH-F05,500g Original Muesli,South,0.00,EUR
485,.1~486,486,H2,01,14,01/14,2024-01-14T00:00:00,3,14,HH-F06,500g Mixed Fruit Muesli,South,0.00,EUR
486,.1~487,487,H2,01,14,01/14,2024-01-14T00:00:00,3,14,HH-F11,1kg Nut Muesli,South,0.00,EUR
487,.1~488,488,H2,01,14,01/14,2024-01-14T00:00:00,3,14,HH-F12,1kg Blueberry Muesli,South,0.00,EUR
488,.1~489,489,H2,01,14,01/14,2024-01-14T00:00:00,3,14,HH-F13,1kg Strawberry Muesli,South,0.00,EUR
489,.1~490,490,H2,01,14,01/14,2024-01-14T00:00:00,3,14,HH-F14,1kg Raisin Muesli,South,0.00,EUR
490,.1~491,491,H2,01,14,01/14,2024-01-14T00:00:00,3,14,HH-F15,1kg Original Muesli,South,0.00,EUR
491,.1~492,492,H2,01,14,01/14,2024-01-14T00:00:00,3,14,HH-F16,1kg Mixed Fruit Muesli,South,0.00,EUR
492,.1~493,493,H2,01,14,01/14,2024-01-14T00:00:00,3,14,HH-F01,500g Nut Muesli,West,0.00,EUR
493,.1~494,494,H2,01,14,01/14,2024-01-14T00:00:00,3,14,HH-F02,500g Blueberry Muesli,West,0.00,EUR
494,.1~495,495,H2,01,14,01/14,2024-01-14T00:00:00,3,14,HH-F03,500g Strawberry Muesli,West,0.00,EUR
495,.1~496,496,H2,01,14,01/14,2024-01-14T00:00:00,3,14,HH-F04,500g Raisin Muesli,West,0.00,EUR
496,.1~497,497,H2,01,14,01/14,2024-01-14T00:00:00,3,14,HH-F05,500g Original Muesli,West,0.00,EUR
497,.1~498,498,H2,01,14,01/14,2024-01-14T00:00:00,3,14,HH-F06,500g Mixed Fruit Muesli,West,0.00,EUR
498,.1~499,499,H2,01,14,01/14,2024-01-14T00:00:00,3,14,HH-F11,1kg Nut Muesli,West,0.00,EUR
499,.1~500,500,H2,01,14,01/14,2024-01-14T00:00:00,3,14,HH-F12,1kg Blueberry Muesli,West,0.00,EUR
500,.1~501,501,H2,01,14,01/14,2024-01-14T00:00:00,3,14,HH-F13,1kg Strawberry Muesli,West,0.00,EUR
501,.1~502,502,H2,01,14,01/14,2024-01-14T00:00:00,3,14,HH-F14,1kg Raisin Muesli,West,0.00,EUR
502,.1~503,503,H2,01,14,01/14,2024-01-14T00:00:00,3,14,HH-F15,1kg Original Muesli,West,0.00,EUR
503,.1~504,504,H2,01,14,01/14,2024-01-14T00:00:00,3,14,HH-F16,1kg Mixed Fruit Muesli,West,0.00,EUR
504,.1~505,505,H2,01,15,01/15,2024-01-15T00:00:00,3,15,HH-F01,500g Nut Muesli,North,0.00,EUR
505,.1~506,506,H2,01,15,01/15,2024-01-15T00:00:00,3,15,HH-F02,500g Blueberry Muesli,North,0.00,EUR
506,.1~507,507,H2,01,15,01/15,2024-01-15T00:00:00,3,15,HH-F03,500g Strawberry Muesli,North,0.00,EUR
507,.1~508,508,H2,01,15,01/15,2024-01-15T00:00:00,3,15,HH-F04,500g Raisin Muesli,North,0.00,EUR
508,.1~509,509,H2,01,15,01/15,2024-01-15T00:00:00,3,15,HH-F05,500g Original Muesli,North,0.00,EUR
509,.1~510,510,H2,01,15,01/15,2024-01-15T00:00:00,3,15,HH-F06,500g Mixed Fruit Muesli,North,0.00,EUR
510,.1~511,511,H2,01,15,01/15,2024-01-15T00:00:00,3,15,HH-F11,1kg Nut Muesli,North,0.00,EUR
511,.1~512,512,H2,01,15,01/15,2024-01-15T00:00:00,3,15,HH-F12,1kg Blueberry Muesli,North,0.00,EUR
512,.1~513,513,H2,01,15,01/15,2024-01-15T00:00:00,3,15,HH-F13,1kg Strawberry Muesli,North,0.00,EUR
513,.1~514,514,H2,01,15,01/15,2024-01-15T00:00:00,3,15,HH-F14,1kg Raisin Muesli,North,0.00,EUR
514,.1~515,515,H2,01,15,01/15,2024-01-15T00:00:00,3,15,HH-F15,1kg Original Muesli,North,0.00,EUR
515,.1~516,516,H2,01,15,01/15,2024-01-15T00:00:00,3,15,HH-F16,1kg Mixed Fruit Muesli,North,0.00,EUR
516,.1~517,517,H2,01,15,01/15,2024-01-15T00:00:00,3,15,HH-F01,500g Nut Muesli,South,0.00,EUR
517,.1~518,518,H2,01,15,01/15,2024-01-15T00:00:00,3,15,HH-F02,500g Blueberry Muesli,South,0.00,EUR
518,.1~519,519,H2,01,15,01/15,2024-01-15T00:00:00,3,15,HH-F03,500g Strawberry Muesli,South,0.00,EUR
519,.1~520,520,H2,01,15,01/15,2024-01-15T00:00:00,3,15,HH-F04,500g Raisin Muesli,South,0.00,EUR
520,.1~521,521,H2,01,15,01/15,2024-01-15T00:00:00,3,15,HH-F05,500g Original Muesli,South,0.00,EUR
521,.1~522,522,H2,01,15,01/15,2024-01-15T00:00:00,3,15,HH-F06,500g Mixed Fruit Muesli,South,0.00,EUR
522,.1~523,523,H2,01,15,01/15,2024-01-15T00:00:00,3,15,HH-F11,1kg Nut Muesli,South,0.00,EUR
523,.1~524,524,H2,01,15,01/15,2024-01-15T00:00:00,3,15,HH-F12,1kg Blueberry Muesli,South,0.00,EUR
524,.1~525,525,H2,01,15,01/15,2024-01-15T00:00:00,3,15,HH-F13,1kg Strawberry Muesli,South,0.00,EUR
525,.1~526,526,H2,01,15,01/15,2024-01-15T00:00:00,3,15,HH-F14,1kg Raisin Muesli,South,0.00,EUR
526,.1~527,527,H2,01,15,01/15,2024-01-15T00:00:00,3,15,HH-F15,1kg Original Muesli,South,0.00,EUR
527,.1~528,528,H2,01,15,01/15,2024-01-15T00:00:00,3,15,HH-F16,1kg Mixed Fruit Muesli,South,0.00,EUR
528,.1~529,529,H2,01,15,01/15,2024-01-15T00:00:00,3,15,HH-F01,500g Nut Muesli,West,0.00,EUR
529,.1~530,530,H2,01,15,01/15,2024-01-15T00:00:00,3,15,HH-F02,500g Blueberry Muesli,West,0.00,EUR
530,.1~531,531,H2,01,15,01/15,2024-01-15T00:00:00,3,15,HH-F03,500g Strawberry Muesli,West,0.00,EUR
531,.1~532,532,H2,01,15,01/15,2024-01-15T00:00:00,3,15,HH-F04,500g Raisin Muesli,West,0.00,EUR
532,.1~533,533,H2,01,15,01/15,2024-01-15T00:00:00,3,15,HH-F05,500g Original Muesli,West,0.00,EUR
533,.1~534,534,H2,01,15,01/15,2024-01-15T00:00:00,3,15,HH-F06,500g Mixed Fruit Muesli,West,0.00,EUR
534,.1~535,535,H2,01,15,01/15,2024-01-15T00:00:00,3,15,HH-F11,1kg Nut Muesli,West,0.00,EUR
535,.1~536,536,H2,01,15,01/15,2024-01-15T00:00:00,3,15,HH-F12,1kg Blueberry Muesli,West,0.00,EUR
536,.1~537,537,H2,01,15,01/15,2024-01-15T00:00:00,3,15,HH-F13,1kg Strawberry Muesli,West,0.00,EUR
537,.1~538,538,H2,01,15,01/15,2024-01-15T00:00:00,3,15,HH-F14,1kg Raisin Muesli,West,0.00,EUR
538,.1~539,539,H2,01,15,01/15,2024-01-15T00:00:00,3,15,HH-F15,1kg Original Muesli,West,0.00,EUR
539,.1~540,540,H2,01,15,01/15,2024-01-15T00:00:00,3,15,HH-F16,1kg Mixed Fruit Muesli,West,0.00,EUR
540,.1~541,541,H2,01,16,01/16,2024-01-16T00:00:00,4,16,HH-F01,500g Nut Muesli,North,0.00,EUR
541,.1~542,542,H2,01,16,01/16,2024-01-16T00:00:00,4,16,HH-F02,500g Blueberry Muesli,North,0.00,EUR
542,.1~543,543,H2,01,16,01/16,2024-01-16T00:00:00,4,16,HH-F03,500g Strawberry Muesli,North,0.00,EUR
543,.1~544,544,H2,01,16,01/16,2024-01-16T00:00:00,4,16,HH-F04,500g Raisin Muesli,North,0.00,EUR
544,.1~545,545,H2,01,16,01/16,2024-01-16T00:00:00,4,16,HH-F05,500g Original Muesli,North,0.00,EUR
545,.1~546,546,H2,01,16,01/16,2024-01-16T00:00:00,4,16,HH-F06,500g Mixed Fruit Muesli,North,0.00,EUR
546,.1~547,547,H2,01,16,01/16,2024-01-16T00:00:00,4,16,HH-F11,1kg Nut Muesli,North,0.00,EUR
547,.1~548,548,H2,01,16,01/16,2024-01-16T00:00:00,4,16,HH-F12,1kg Blueberry Muesli,North,0.00,EUR
548,.1~549,549,H2,01,16,01/16,2024-01-16T00:00:00,4,16,HH-F13,1kg Strawberry Muesli,North,0.00,EUR
549,.1~550,550,H2,01,16,01/16,2024-01-16T00:00:00,4,16,HH-F14,1kg Raisin Muesli,North,0.00,EUR
550,.1~551,551,H2,01,16,01/16,2024-01-16T00:00:00,4,16,HH-F15,1kg Original Muesli,North,0.00,EUR
551,.1~552,552,H2,01,16,01/16,2024-01-16T00:00:00,4,16,HH-F16,1kg Mixed Fruit Muesli,North,0.00,EUR
552,.1~553,553,H2,01,16,01/16,2024-01-16T00:00:00,4,16,HH-F01,500g Nut Muesli,South,0.00,EUR
553,.1~554,554,H2,01,16,01/16,2024-01-16T00:00:00,4,16,HH-F02,500g Blueberry Muesli,South,0.00,EUR
554,.1~555,555,H2,01,16,01/16,2024-01-16T00:00:00,4,16,HH-F03,500g Strawberry Muesli,South,0.00,EUR
555,.1~556,556,H2,01,16,01/16,2024-01-16T00:00:00,4,16,HH-F04,500g Raisin Muesli,South,0.00,EUR
556,.1~557,557,H2,01,16,01/16,2024-01-16T00:00:00,4,16,HH-F05,500g Original Muesli,South,0.00,EUR
557,.1~558,558,H2,01,16,01/16,2024-01-16T00:00:00,4,16,HH-F06,500g Mixed Fruit Muesli,South,0.00,EUR
558,.1~559,559,H2,01,16,01/16,2024-01-16T00:00:00,4,16,HH-F11,1kg Nut Muesli,South,0.00,EUR
559,.1~560,560,H2,01,16,01/16,2024-01-16T00:00:00,4,16,HH-F12,1kg Blueberry Muesli,South,0.00,EUR
560,.1~561,561,H2,01,16,01/16,2024-01-16T00:00:00,4,16,HH-F13,1kg Strawberry Muesli,South,0.00,EUR
561,.1~562,562,H2,01,16,01/16,2024-01-16T00:00:00,4,16,HH-F14,1kg Raisin Muesli,South,0.00,EUR
562,.1~563,563,H2,01,16,01/16,2024-01-16T00:00:00,4,16,HH-F15,1kg Original Muesli,South,0.00,EUR
563,.1~564,564,H2,01,16,01/16,2024-01-16T00:00:00,4,16,HH-F16,1kg Mixed Fruit Muesli,South,0.00,EUR
564,.1~565,565,H2,01,16,01/16,2024-01-16T00:00:00,4,16,HH-F01,500g Nut Muesli,West,0.00,EUR
565,.1~566,566,H2,01,16,01/16,2024-01-16T00:00:00,4,16,HH-F02,500g Blueberry Muesli,West,0.00,EUR
566,.1~567,567,H2,01,16,01/16,2024-01-16T00:00:00,4,16,HH-F03,500g Strawberry Muesli,West,0.00,EUR
567,.1~568,568,H2,01,16,01/16,2024-01-16T00:00:00,4,16,HH-F04,500g Raisin Muesli,West,0.00,EUR
568,.1~569,569,H2,01,16,01/16,2024-01-16T00:00:00,4,16,HH-F05,500g Original Muesli,West,0.00,EUR
569,.1~570,570,H2,01,16,01/16,2024-01-16T00:00:00,4,16,HH-F06,500g Mixed Fruit Muesli,West,0.00,EUR
570,.1~571,571,H2,01,16,01/16,2024-01-16T00:00:00,4,16,HH-F11,1kg Nut Muesli,West,0.00,EUR
571,.1~572,572,H2,01,16,01/16,2024-01-16T00:00:00,4,16,HH-F12,1kg Blueberry Muesli,West,0.00,EUR
572,.1~573,573,H2,01,16,01/16,2024-01-16T00:00:00,4,16,HH-F13,1kg Strawberry Muesli,West,0.00,EUR
573,.1~574,574,H2,01,16,01/16,2024-01-16T00:00:00,4,16,HH-F14,1kg Raisin Muesli,West,0.00,EUR
574,.1~575,575,H2,01,16,01/16,2024-01-16T00:00:00,4,16,HH-F15,1kg Original Muesli,West,0.00,EUR
575,.1~576,576,H2,01,16,01/16,2024-01-16T00:00:00,4,16,HH-F16,1kg Mixed Fruit Muesli,West,0.00,EUR
576,.1~577,577,H2,01,17,01/17,2024-01-17T00:00:00,4,17,HH-F01,500g Nut Muesli,North,0.00,EUR
577,.1~578,578,H2,01,17,01/17,2024-01-17T00:00:00,4,17,HH-F02,500g Blueberry Muesli,North,0.00,EUR
578,.1~579,579,H2,01,17,01/17,2024-01-17T00:00:00,4,17,HH-F03,500g Strawberry Muesli,North,0.00,EUR
579,.1~580,580,H2,01,17,01/17,2024-01-17T00:00:00,4,17,HH-F04,500g Raisin Muesli,North,0.00,EUR
580,.1~581,581,H2,01,17,01/17,2024-01-17T00:00:00,4,17,HH-F05,500g Original Muesli,North,0.00,EUR
581,.1~582,582,H2,01,17,01/17,2024-01-17T00:00:00,4,17,HH-F06,500g Mixed Fruit Muesli,North,0.00,EUR
582,.1~583,583,H2,01,17,01/17,2024-01-17T00:00:00,4,17,HH-F11,1kg Nut Muesli,North,0.00,EUR
583,.1~584,584,H2,01,17,01/17,2024-01-17T00:00:00,4,17,HH-F12,1kg Blueberry Muesli,North,0.00,EUR
584,.1~585,585,H2,01,17,01/17,2024-01-17T00:00:00,4,17,HH-F13,1kg Strawberry Muesli,North,0.00,EUR
585,.1~586,586,H2,01,17,01/17,2024-01-17T00:00:00,4,17,HH-F14,1kg Raisin Muesli,North,0.00,EUR
586,.1~587,587,H2,01,17,01/17,2024-01-17T00:00:00,4,17,HH-F15,1kg Original Muesli,North,0.00,EUR
587,.1~588,588,H2,01,17,01/17,2024-01-17T00:00:00,4,17,HH-F16,1kg Mixed Fruit Muesli,North,0.00,EUR
588,.1~589,589,H2,01,17,01/17,2024-01-17T00:00:00,4,17,HH-F01,500g Nut Muesli,South,0.00,EUR
589,.1~590,590,H2,01,17,01/17,2024-01-17T00:00:00,4,17,HH-F02,500g Blueberry Muesli,South,0.00,EUR
590,.1~591,591,H2,01,17,01/17,2024-01-17T00:00:00,4,17,HH-F03,500g Strawberry Muesli,South,0.00,EUR
591,.1~592,592,H2,01,17,01/17,2024-01-17T00:00:00,4,17,HH-F04,500g Raisin Muesli,South,0.00,EUR
592,.1~593,593,H2,01,17,01/17,2024-01-17T00:00:00,4,17,HH-F05,500g Original Muesli,South,0.00,EUR
593,.1~594,594,H2,01,17,01/17,2024-01-17T00:00:00,4,17,HH-F06,500g Mixed Fruit Muesli,South,0.00,EUR
594,.1~595,595,H2,01,17,01/17,2024-01-17T00:00:00,4,17,HH-F11,1kg Nut Muesli,South,0.00,EUR
595,.1~596,596,H2,01,17,01/17,2024-01-17T00:00:00,4,17,HH-F12,1kg Blueberry Muesli,South,0.00,EUR
596,.1~597,597,H2,01,17,01/17,2024-01-17T00:00:00,4,17,HH-F13,1kg Strawberry Muesli,South,0.00,EUR
597,.1~598,598,H2,01,17,01/17,2024-01-17T00:00:00,4,17,HH-F14,1kg Raisin Muesli,South,0.00,EUR
598,.1~599,599,H2,01,17,01/17,2024-01-17T00:00:00,4,17,HH-F15,1kg Original Muesli,South,0.00,EUR
599,.1~600,600,H2,01,17,01/17,2024-01-17T00:00:00,4,17,HH-F16,1kg Mixed Fruit Muesli,South,0.00,EUR
600,.1~601,601,H2,01,17,01/17,2024-01-17T00:00:00,4,17,HH-F01,500g Nut Muesli,West,0.00,EUR
601,.1~602,602,H2,01,17,01/17,2024-01-17T00:00:00,4,17,HH-F02,500g Blueberry Muesli,West,0.00,EUR
602,.1~603,603,H2,01,17,01/17,2024-01-17T00:00:00,4,17,HH-F03,500g Strawberry Muesli,West,0.00,EUR
603,.1~604,604,H2,01,17,01/17,2024-01-17T00:00:00,4,17,HH-F04,500g Raisin Muesli,West,0.00,EUR
604,.1~605,605,H2,01,17,01/17,2024-01-17T00:00:00,4,17,HH-F05,500g Original Muesli,West,0.00,EUR
605,.1~606,606,H2,01,17,01/17,2024-01-17T00:00:00,4,17,HH-F06,500g Mixed Fruit Muesli,West,0.00,EUR
606,.1~607,607,H2,01,17,01/17,2024-01-17T00:00:00,4,17,HH-F11,1kg Nut Muesli,West,0.00,EUR
607,.1~608,608,H2,01,17,01/17,2024-01-17T00:00:00,4,17,HH-F12,1kg Blueberry Muesli,West,0.00,EUR
608,.1~609,609,H2,01,17,01/17,2024-01-17T00:00:00,4,17,HH-F13,1kg Strawberry Muesli,West,0.00,EUR
609,.1~610,610,H2,01,17,01/17,2024-01-17T00:00:00,4,17,HH-F14,1kg Raisin Muesli,West,0.00,EUR
610,.1~611,611,H2,01,17,01/17,2024-01-17T00:00:00,4,17,HH-F15,1kg Original Muesli,West,0.00,EUR
611,.1~612,612,H2,01,17,01/17,2024-01-17T00:00:00,4,17,HH-F16,1kg Mixed Fruit Muesli,West,0.00,EUR
612,.1~613,613,H2,01,18,01/18,2024-01-18T00:00:00,4,18,HH-F01,500g Nut Muesli,North,0.00,EUR
613,.1~614,614,H2,01,18,01/18,2024-01-18T00:00:00,4,18,HH-F02,500g Blueberry Muesli,North,0.00,EUR
614,.1~615,615,H2,01,18,01/18,2024-01-18T00:00:00,4,18,HH-F03,500g Strawberry Muesli,North,0.00,EUR
615,.1~616,616,H2,01,18,01/18,2024-01-18T00:00:00,4,18,HH-F04,500g Raisin Muesli,North,0.00,EUR
616,.1~617,617,H2,01,18,01/18,2024-01-18T00:00:00,4,18,HH-F05,500g Original Muesli,North,0.00,EUR
617,.1~618,618,H2,01,18,01/18,2024-01-18T00:00:00,4,18,HH-F06,500g Mixed Fruit Muesli,North,0.00,EUR
618,.1~619,619,H2,01,18,01/18,2024-01-18T00:00:00,4,18,HH-F11,1kg Nut Muesli,North,0.00,EUR
619,.1~620,620,H2,01,18,01/18,2024-01-18T00:00:00,4,18,HH-F12,1kg Blueberry Muesli,North,0.00,EUR
620,.1~621,621,H2,01,18,01/18,2024-01-18T00:00:00,4,18,HH-F13,1kg Strawberry Muesli,North,0.00,EUR
621,.1~622,622,H2,01,18,01/18,2024-01-18T00:00:00,4,18,HH-F14,1kg Raisin Muesli,North,0.00,EUR
622,.1~623,623,H2,01,18,01/18,2024-01-18T00:00:00,4,18,HH-F15,1kg Original Muesli,North,0.00,EUR
623,.1~624,624,H2,01,18,01/18,2024-01-18T00:00:00,4,18,HH-F16,1kg Mixed Fruit Muesli,North,0.00,EUR
624,.1~625,625,H2,01,18,01/18,2024-01-18T00:00:00,4,18,HH-F01,500g Nut Muesli,South,0.00,EUR
625,.1~626,626,H2,01,18,01/18,2024-01-18T00:00:00,4,18,HH-F02,500g Blueberry Muesli,South,0.00,EUR
626,.1~627,627,H2,01,18,01/18,2024-01-18T00:00:00,4,18,HH-F03,500g Strawberry Muesli,South,0.00,EUR
627,.1~628,628,H2,01,18,01/18,2024-01-18T00:00:00,4,18,HH-F04,500g Raisin Muesli,South,0.00,EUR
628,.1~629,629,H2,01,18,01/18,2024-01-18T00:00:00,4,18,HH-F05,500g Original Muesli,South,0.00,EUR
629,.1~630,630,H2,01,18,01/18,2024-01-18T00:00:00,4,18,HH-F06,500g Mixed Fruit Muesli,South,0.00,EUR
630,.1~631,631,H2,01,18,01/18,2024-01-18T00:00:00,4,18,HH-F11,1kg Nut Muesli,South,0.00,EUR
631,.1~632,632,H2,01,18,01/18,2024-01-18T00:00:00,4,18,HH-F12,1kg Blueberry Muesli,South,0.00,EUR
632,.1~633,633,H2,01,18,01/18,2024-01-18T00:00:00,4,18,HH-F13,1kg Strawberry Muesli,South,0.00,EUR
633,.1~634,634,H2,01,18,01/18,2024-01-18T00:00:00,4,18,HH-F14,1kg Raisin Muesli,South,0.00,EUR
634,.1~635,635,H2,01,18,01/18,2024-01-18T00:00:00,4,18,HH-F15,1kg Original Muesli,South,0.00,EUR
635,.1~636,636,H2,01,18,01/18,2024-01-18T00:00:00,4,18,HH-F16,1kg Mixed Fruit Muesli,South,0.00,EUR
636,.1~637,637,H2,01,18,01/18,2024-01-18T00:00:00,4,18,HH-F01,500g Nut Muesli,West,0.00,EUR
637,.1~638,638,H2,01,18,01/18,2024-01-18T00:00:00,4,18,HH-F02,500g Blueberry Muesli,West,0.00,EUR
638,.1~639,639,H2,01,18,01/18,2024-01-18T00:00:00,4,18,HH-F03,500g Strawberry Muesli,West,0.00,EUR
639,.1~640,640,H2,01,18,01/18,2024-01-18T00:00:00,4,18,HH-F04,500g Raisin Muesli,West,0.00,EUR
640,.1~641,641,H2,01,18,01/18,2024-01-18T00:00:00,4,18,HH-F05,500g Original Muesli,West,0.00,EUR
641,.1~642,642,H2,01,18,01/18,2024-01-18T00:00:00,4,18,HH-F06,500g Mixed Fruit Muesli,West,0.00,EUR
642,.1~643,643,H2,01,18,01/18,2024-01-18T00:00:00,4,18,HH-F11,1kg Nut Muesli,West,0.00,EUR
643,.1~644,644,H2,01,18,01/18,2024-01-18T00:00:00,4,18,HH-F12,1kg Blueberry Muesli,West,0.00,EUR
644,.1~645,645,H2,01,18,01/18,2024-01-18T00:00:00,4,18,HH-F13,1kg Strawberry Muesli,West,0.00,EUR
645,.1~646,646,H2,01,18,01/18,2024-01-18T00:00:00,4,18,HH-F14,1kg Raisin Muesli,West,0.00,EUR
646,.1~647,647,H2,01,18,01/18,2024-01-18T00:00:00,4,18,HH-F15,1kg Original Muesli,West,0.00,EUR
647,.1~648,648,H2,01,18,01/18,2024-01-18T00:00:00,4,18,HH-F16,1kg Mixed Fruit Muesli,West,0.00,EUR
648,.1~649,649,H2,01,19,01/19,2024-01-19T00:00:00,4,19,HH-F01,500g Nut Muesli,North,0.00,EUR
649,.1~650,650,H2,01,19,01/19,2024-01-19T00:00:00,4,19,HH-F02,500g Blueberry Muesli,North,0.00,EUR
650,.1~651,651,H2,01,19,01/19,2024-01-19T00:00:00,4,19,HH-F03,500g Strawberry Muesli,North,0.00,EUR
651,.1~652,652,H2,01,19,01/19,2024-01-19T00:00:00,4,19,HH-F04,500g Raisin Muesli,North,0.00,EUR
652,.1~653,653,H2,01,19,01/19,2024-01-19T00:00:00,4,19,HH-F05,500g Original Muesli,North,0.00,EUR
653,.1~654,654,H2,01,19,01/19,2024-01-19T00:00:00,4,19,HH-F06,500g Mixed Fruit Muesli,North,0.00,EUR
654,.1~655,655,H2,01,19,01/19,2024-01-19T00:00:00,4,19,HH-F11,1kg Nut Muesli,North,0.00,EUR
655,.1~656,656,H2,01,19,01/19,2024-01-19T00:00:00,4,19,HH-F12,1kg Blueberry Muesli,North,0.00,EUR
656,.1~657,657,H2,01,19,01/19,2024-01-19T00:00:00,4,19,HH-F13,1kg Strawberry Muesli,North,0.00,EUR
657,.1~658,658,H2,01,19,01/19,2024-01-19T00:00:00,4,19,HH-F14,1kg Raisin Muesli,North,0.00,EUR
658,.1~659,659,H2,01,19,01/19,2024-01-19T00:00:00,4,19,HH-F15,1kg Original Muesli,North,0.00,EUR
659,.1~660,660,H2,01,19,01/19,2024-01-19T00:00:00,4,19,HH-F16,1kg Mixed Fruit Muesli,North,0.00,EUR
660,.1~661,661,H2,01,19,01/19,2024-01-19T00:00:00,4,19,HH-F01,500g Nut Muesli,South,0.00,EUR
661,.1~662,662,H2,01,19,01/19,2024-01-19T00:00:00,4,19,HH-F02,500g Blueberry Muesli,South,0.00,EUR
662,.1~663,663,H2,01,19,01/19,2024-01-19T00:00:00,4,19,HH-F03,500g Strawberry Muesli,South,0.00,EUR
663,.1~664,664,H2,01,19,01/19,2024-01-19T00:00:00,4,19,HH-F04,500g Raisin Muesli,South,0.00,EUR
664,.1~665,665,H2,01,19,01/19,2024-01-19T00:00:00,4,19,HH-F05,500g Original Muesli,South,0.00,EUR
665,.1~666,666,H2,01,19,01/19,2024-01-19T00:00:00,4,19,HH-F06,500g Mixed Fruit Muesli,South,0.00,EUR
666,.1~667,667,H2,01,19,01/19,2024-01-19T00:00:00,4,19,HH-F11,1kg Nut Muesli,South,0.00,EUR
667,.1~668,668,H2,01,19,01/19,2024-01-19T00:00:00,4,19,HH-F12,1kg Blueberry Muesli,South,0.00,EUR
668,.1~669,669,H2,01,19,01/19,2024-01-19T00:00:00,4,19,HH-F13,1kg Strawberry Muesli,South,0.00,EUR
669,.1~670,670,H2,01,19,01/19,2024-01-19T00:00:00,4,19,HH-F14,1kg Raisin Muesli,South,0.00,EUR
670,.1~671,671,H2,01,19,01/19,2024-01-19T00:00:00,4,19,HH-F15,1kg Original Muesli,South,0.00,EUR
671,.1~672,672,H2,01,19,01/19,2024-01-19T00:00:00,4,19,HH-F16,1kg Mixed Fruit Muesli,South,0.00,EUR
672,.1~673,673,H2,01,19,01/19,2024-01-19T00:00:00,4,19,HH-F01,500g Nut Muesli,West,0.00,EUR
673,.1~674,674,H2,01,19,01/19,2024-01-19T00:00:00,4,19,HH-F02,500g Blueberry Muesli,West,0.00,EUR
674,.1~675,675,H2,01,19,01/19,2024-01-19T00:00:00,4,19,HH-F03,500g Strawberry Muesli,West,0.00,EUR
675,.1~676,676,H2,01,19,01/19,2024-01-19T00:00:00,4,19,HH-F04,500g Raisin Muesli,West,0.00,EUR
676,.1~677,677,H2,01,19,01/19,2024-01-19T00:00:00,4,19,HH-F05,500g Original Muesli,West,0.00,EUR
677,.1~678,678,H2,01,19,01/19,2024-01-19T00:00:00,4,19,HH-F06,500g Mixed Fruit Muesli,West,0.00,EUR
678,.1~679,679,H2,01,19,01/19,2024-01-19T00:00:00,4,19,HH-F11,1kg Nut Muesli,West,0.00,EUR
679,.1~680,680,H2,01,19,01/19,2024-01-19T00:00:00,4,19,HH-F12,1kg Blueberry Muesli,West,0.00,EUR
680,.1~681,681,H2,01,19,01/19,2024-01-19T00:00:00,4,19,HH-F13,1kg Strawberry Muesli,West,0.00,EUR
681,.1~682,682,H2,01,19,01/19,2024-01-19T00:00:00,4,19,HH-F14,1kg Raisin Muesli,West,0.00,EUR
682,.1~683,683,H2,01,19,01/19,2024-01-19T00:00:00,4,19,HH-F15,1kg Original Muesli,West,0.00,EUR
683,.1~684,684,H2,01,19,01/19,2024-01-19T00:00:00,4,19,HH-F16,1kg Mixed Fruit Muesli,West,0.00,EUR
684,.1~685,685,H2,01,20,01/20,2024-01-20T00:00:00,4,20,HH-F01,500g Nut Muesli,North,0.00,EUR
685,.1~686,686,H2,01,20,01/20,2024-01-20T00:00:00,4,20,HH-F02,500g Blueberry Muesli,North,0.00,EUR
686,.1~687,687,H2,01,20,01/20,2024-01-20T00:00:00,4,20,HH-F03,500g Strawberry Muesli,North,0.00,EUR
687,.1~688,688,H2,01,20,01/20,2024-01-20T00:00:00,4,20,HH-F04,500g Raisin Muesli,North,0.00,EUR
688,.1~689,689,H2,01,20,01/20,2024-01-20T00:00:00,4,20,HH-F05,500g Original Muesli,North,0.00,EUR
689,.1~690,690,H2,01,20,01/20,2024-01-20T00:00:00,4,20,HH-F06,500g Mixed Fruit Muesli,North,0.00,EUR
690,.1~691,691,H2,01,20,01/20,2024-01-20T00:00:00,4,20,HH-F11,1kg Nut Muesli,North,0.00,EUR
691,.1~692,692,H2,01,20,01/20,2024-01-20T00:00:00,4,20,HH-F12,1kg Blueberry Muesli,North,0.00,EUR
692,.1~693,693,H2,01,20,01/20,2024-01-20T00:00:00,4,20,HH-F13,1kg Strawberry Muesli,North,0.00,EUR
693,.1~694,694,H2,01,20,01/20,2024-01-20T00:00:00,4,20,HH-F14,1kg Raisin Muesli,North,0.00,EUR
694,.1~695,695,H2,01,20,01/20,2024-01-20T00:00:00,4,20,HH-F15,1kg Original Muesli,North,0.00,EUR
695,.1~696,696,H2,01,20,01/20,2024-01-20T00:00:00,4,20,HH-F16,1kg Mixed Fruit Muesli,North,0.00,EUR
696,.1~697,697,H2,01,20,01/20,2024-01-20T00:00:00,4,20,HH-F01,500g Nut Muesli,South,0.00,EUR
697,.1~698,698,H2,01,20,01/20,2024-01-20T00:00:00,4,20,HH-F02,500g Blueberry Muesli,South,0.00,EUR
698,.1~699,699,H2,01,20,01/20,2024-01-20T00:00:00,4,20,HH-F03,500g Strawberry Muesli,South,0.00,EUR
699,.1~700,700,H2,01,20,01/20,2024-01-20T00:00:00,4,20,HH-F04,500g Raisin Muesli,South,0.00,EUR
700,.1~701,701,H2,01,20,01/20,2024-01-20T00:00:00,4,20,HH-F05,500g Original Muesli,South,0.00,EUR
701,.1~702,702,H2,01,20,01/20,2024-01-20T00:00:00,4,20,HH-F06,500g Mixed Fruit Muesli,South,0.00,EUR
702,.1~703,703,H2,01,20,01/20,2024-01-20T00:00:00,4,20,HH-F11,1kg Nut Muesli,South,0.00,EUR
703,.1~704,704,H2,01,20,01/20,2024-01-20T00:00:00,4,20,HH-F12,1kg Blueberry Muesli,South,0.00,EUR
704,.1~705,705,H2,01,20,01/20,2024-01-20T00:00:00,4,20,HH-F13,1kg Strawberry Muesli,South,0.00,EUR
705,.1~706,706,H2,01,20,01/20,2024-01-20T00:00:00,4,20,HH-F14,1kg Raisin Muesli,South,0.00,EUR
706,.1~707,707,H2,01,20,01/20,2024-01-20T00:00:00,4,20,HH-F15,1kg Original Muesli,South,0.00,EUR
707,.1~708,708,H2,01,20,01/20,2024-01-20T00:00:00,4,20,HH-F16,1kg Mixed Fruit Muesli,South,0.00,EUR
708,.1~709,709,H2,01,20,01/20,2024-01-20T00:00:00,4,20,HH-F01,500g Nut Muesli,West,0.00,EUR
709,.1~710,710,H2,01,20,01/20,2024-01-20T00:00:00,4,20,HH-F02,500g Blueberry Muesli,West,0.00,EUR
710,.1~711,711,H2,01,20,01/20,2024-01-20T00:00:00,4,20,HH-F03,500g Strawberry Muesli,West,0.00,EUR
711,.1~712,712,H2,01,20,01/20,2024-01-20T00:00:00,4,20,HH-F04,500g Raisin Muesli,West,0.00,EUR
712,.1~713,713,H2,01,20,01/20,2024-01-20T00:00:00,4,20,HH-F05,500g Original Muesli,West,0.00,EUR
713,.1~714,714,H2,01,20,01/20,2024-01-20T00:00:00,4,20,HH-F06,500g Mixed Fruit Muesli,West,0.00,EUR
714,.1~715,715,H2,01,20,01/20,2024-01-20T00:00:00,4,20,HH-F11,1kg Nut Muesli,West,0.00,EUR
715,.1~716,716,H2,01,20,01/20,2024-01-20T00:00:00,4,20,HH-F12,1kg Blueberry Muesli,West,0.00,EUR
716,.1~717,717,H2,01,20,01/20,2024-01-20T00:00:00,4,20,HH-F13,1kg Strawberry Muesli,West,0.00,EUR
717,.1~718,718,H2,01,20,01/20,2024-01-20T00:00:00,4,20,HH-F14,1kg Raisin Muesli,West,0.00,EUR
718,.1~719,719,H2,01,20,01/20,2024-01-20T00:00:00,4,20,HH-F15,1kg Original Muesli,West,0.00,EUR
719,.1~720,720,H2,01,20,01/20,2024-01-20T00:00:00,4,20,HH-F16,1kg Mixed Fruit Muesli,West,0.00,EUR
720,.1~721,721,H2,02,01,02/01,2024-01-21T00:00:00,5,21,HH-F01,500g Nut Muesli,North,0.00,EUR
721,.1~722,722,H2,02,01,02/01,2024-01-21T00:00:00,5,21,HH-F02,500g Blueberry Muesli,North,0.00,EUR
722,.1~723,723,H2,02,01,02/01,2024-01-21T00:00:00,5,21,HH-F03,500g Strawberry Muesli,North,0.00,EUR
723,.1~724,724,H2,02,01,02/01,2024-01-21T00:00:00,5,21,HH-F04,500g Raisin Muesli,North,0.00,EUR
724,.1~725,725,H2,02,01,02/01,2024-01-21T00:00:00,5,21,HH-F05,500g Original Muesli,North,0.00,EUR
725,.1~726,726,H2,02,01,02/01,2024-01-21T00:00:00,5,21,HH-F06,500g Mixed Fruit Muesli,North,0.00,EUR
726,.1~727,727,H2,02,01,02/01,2024-01-21T00:00:00,5,21,HH-F11,1kg Nut Muesli,North,0.00,EUR
727,.1~728,728,H2,02,01,02/01,2024-01-21T00:00:00,5,21,HH-F12,1kg Blueberry Muesli,North,0.00,EUR
728,.1~729,729,H2,02,01,02/01,2024-01-21T00:00:00,5,21,HH-F13,1kg Strawberry Muesli,North,0.00,EUR
729,.1~730,730,H2,02,01,02/01,2024-01-21T00:00:00,5,21,HH-F14,1kg Raisin Muesli,North,0.00,EUR
730,.1~731,731,H2,02,01,02/01,2024-01-21T00:00:00,5,21,HH-F15,1kg Original Muesli,North,0.00,EUR
731,.1~732,732,H2,02,01,02/01,2024-01-21T00:00:00,5,21,HH-F16,1kg Mixed Fruit Muesli,North,0.00,EUR
732,.1~733,733,H2,02,01,02/01,2024-01-21T00:00:00,5,21,HH-F01,500g Nut Muesli,South,0.00,EUR
733,.1~734,734,H2,02,01,02/01,2024-01-21T00:00:00,5,21,HH-F02,500g Blueberry Muesli,South,0.00,EUR
734,.1~735,735,H2,02,01,02/01,2024-01-21T00:00:00,5,21,HH-F03,500g Strawberry Muesli,South,0.00,EUR
735,.1~736,736,H2,02,01,02/01,2024-01-21T00:00:00,5,21,HH-F04,500g Raisin Muesli,South,0.00,EUR
736,.1~737,737,H2,02,01,02/01,2024-01-21T00:00:00,5,21,HH-F05,500g Original Muesli,South,0.00,EUR
737,.1~738,738,H2,02,01,02/01,2024-01-21T00:00:00,5,21,HH-F06,500g Mixed Fruit Muesli,South,0.00,EUR
738,.1~739,739,H2,02,01,02/01,2024-01-21T00:00:00,5,21,HH-F11,1kg Nut Muesli,South,0.00,EUR
739,.1~740,740,H2,02,01,02/01,2024-01-21T00:00:00,5,21,HH-F12,1kg Blueberry Muesli,South,0.00,EUR
740,.1~741,741,H2,02,01,02/01,2024-01-21T00:00:00,5,21,HH-F13,1kg Strawberry Muesli,South,0.00,EUR
741,.1~742,742,H2,02,01,02/01,2024-01-21T00:00:00,5,21,HH-F14,1kg Raisin Muesli,South,0.00,EUR
742,.1~743,743,H2,02,01,02/01,2024-01-21T00:00:00,5,21,HH-F15,1kg Original Muesli,South,0.00,EUR
743,.1~744,744,H2,02,01,02/01,2024-01-21T00:00:00,5,21,HH-F16,1kg Mixed Fruit Muesli,South,0.00,EUR
744,.1~745,745,H2,02,01,02/01,2024-01-21T00:00:00,5,21,HH-F01,500g Nut Muesli,West,0.00,EUR
745,.1~746,746,H2,02,01,02/01,2024-01-21T00:00:00,5,21,HH-F02,500g Blueberry Muesli,West,0.00,EUR
746,.1~747,747,H2,02,01,02/01,2024-01-21T00:00:00,5,21,HH-F03,500g Strawberry Muesli,West,0.00,EUR
747,.1~748,748,H2,02,01,02/01,2024-01-21T00:00:00,5,21,HH-F04,500g Raisin Muesli,West,0.00,EUR
748,.1~749,749,H2,02,01,02/01,2024-01-21T00:00:00,5,21,HH-F05,500g Original Muesli,West,0.00,EUR
749,.1~750,750,H2,02,01,02/01,2024-01-21T00:00:00,5,21,HH-F06,500g Mixed Fruit Muesli,West,0.00,EUR
750,.1~751,751,H2,02,01,02/01,2024-01-21T00:00:00,5,21,HH-F11,1kg Nut Muesli,West,0.00,EUR
751,.1~752,752,H2,02,01,02/01,2024-01-21T00:00:00,5,21,HH-F12,1kg Blueberry Muesli,West,0.00,EUR
752,.1~753,753,H2,02,01,02/01,2024-01-21T00:00:00,5,21,HH-F13,1kg Strawberry Muesli,West,0.00,EUR
753,.1~754,754,H2,02,01,02/01,2024-01-21T00:00:00,5,21,HH-F14,1kg Raisin Muesli,West,0.00,EUR
754,.1~755,755,H2,02,01,02/01,2024-01-21T00:00:00,5,21,HH-F15,1kg Original Muesli,West,0.00,EUR
755,.1~756,756,H2,02,01,02/01,2024-01-21T00:00:00,5,21,HH-F16,1kg Mixed Fruit Muesli,West,0.00,EUR
