,ID,ROW_ID,COMPANY_CODE,SALES_ORGANIZATION,SIM_ROUND,SIM_PERIOD,MATERIAL_DESCRIPTION,DISTRIBUTION_CHANNEL,AREA,QUANTITY,UNIT,AVERAGE_PRICE,NET_VALUE,CURRENCY
0,.1~2,2,H2,Company,01,2,500g Blueberry Muesli,12,North,0.000,,0.00,0.00,
1,.1~4,4,H2,Company,01,2,500g Blueberry Muesli,12,South,2042,ST,6.23,12721.66,EUR
2,.1~6,6,H2,Company,01,2,500g Blueberry Muesli,12,West,3094,ST,6.23,19275.62,EUR
3,.1~8,8,H2,Company,01,2,500g Blueberry Muesli,14,North,1528,ST,6.23,9519.44,EUR
4,.1~10,10,H2,Company,01,2,500g Blueberry Muesli,14,South,737,ST,6.23,4591.51,EUR
5,.1~12,12,H2,Company,01,2,500g Blueberry Muesli,14,West,1590,ST,6.23,9905.70,EUR
6,.1~14,14,H2,Company,01,2,500g Nut Muesli,12,North,3210,ST,5.90,18939.00,EUR
7,.1~16,16,H2,Company,01,2,500g Nut Muesli,12,South,3214,ST,5.90,18962.60,EUR
8,.1~18,18,H2,Company,01,2,500g Nut Muesli,12,West,4174,ST,5.90,24626.60,EUR
9,.1~20,20,H2,Company,01,2,500g Nut Muesli,14,North,4226,ST,5.90,24933.40,EUR
10,.1~22,22,H2,Company,01,2,500g Nut Muesli,14,South,1619,ST,5.90,9552.10,EUR
11,.1~24,24,H2,Company,01,2,500g Nut Muesli,14,West,723,ST,5.90,4265.70,EUR
12,.1~26,26,H2,Company,01,3,500g Blueberry Muesli,12,North,4973,ST,6.23,30981.79,EUR
13,.1~28,28,H2,Company,01,3,500g Blueberry Muesli,12,South,3191,ST,6.23,19879.93,EUR
14,.1~30,30,H2,Company,01,3,500g Blueberry Muesli,12,West,2182,ST,6.23,13593.86,EUR
15,.1~32,32,H2,Company,01,3,500g Blueberry Muesli,14,North,2278,ST,6.23,14191.94,EUR
16,.1~34,34,H2,Company,01,3,500g Blueberry Muesli,14,South,3971,ST,6.23,24739.33,EUR
17,.1~36,36,H2,Company,01,3,500g Blueberry Muesli,14,West,3906,ST,6.23,24334.38,EUR
18,.1~38,38,H2,Company,01,3,500g Nut Muesli,12,North,3219,ST,5.90,18992.10,EUR
19,.1~40,40,H2,Company,01,3,500g Nut Muesli,12,South,0.000,,0.00,0.00,
20,.1~42,42,H2,Company,01,3,500g Nut Muesli,12,West,941,ST,5.90,5551.90,EUR
21,.1~44,44,H2,Company,01,3,500g Nut Muesli,14,North,801,ST,5.90,4725.90,EUR
22,.1~46,46,H2,Company,01,3,500g Nut Muesli,14,South,0.000,,0.00,0.00,
23,.1~48,48,H2,Company,01,3,500g Nut Muesli,14,West,1542,ST,5.90,9097.80,EUR
24,.1~50,50,H2,Company,01,3,500g Raisin Muesli,12,North,1057,ST,5.79,6120.03,EUR
25,.1~52,52,H2,Company,01,3,500g Raisin Muesli,12,South,0.000,,0.00,0.00,
26,.1~54,54,H2,Company,01,3,500g Raisin Muesli,14,North,0.000,,0.00,0.00,
27,.1~56,56,H2,Company,01,3,500g Strawberry Muesli,12,North,3797,ST,6.23,23655.31,EUR
28,.1~58,58,H2,Company,01,3,500g Strawberry Muesli,12,South,3848,ST,6.23,23973.04,EUR
29,.1~60,60,H2,Company,01,3,500g Strawberry Muesli,12,West,0.000,,0.00,0.00,
30,.1~62,62,H2,Company,01,3,500g Strawberry Muesli,14,North,736,ST,6.23,4585.28,EUR
31,.1~64,64,H2,Company,01,3,500g Strawberry Muesli,14,South,2225,ST,6.23,13861.75,EUR
32,.1~66,66,H2,Company,01,3,500g Strawberry Muesli,14,West,2259,ST,6.23,14073.57,EUR
33,.1~68,68,H2,Company,01,4,500g Blueberry Muesli,12,North,5263,ST,6.23,32788.49,EUR
34,.1~70,70,H2,Company,01,4,500g Blueberry Muesli,12,South,1096,ST,6.23,6828.08,EUR
35,.1~72,72,H2,Company,01,4,500g Blueberry Muesli,12,West,3019,ST,6.23,18808.37,EUR
36,.1~74,74,H2,Company,01,4,500g Blueberry Muesli,14,North,2302,ST,6.23,14341.46,EUR
37,.1~76,76,H2,Company,01,4,500g Blueberry Muesli,14,South,2345,ST,6.23,14609.35,EUR
38,.1~78,78,H2,Company,01,4,500g Blueberry Muesli,14,West,2923,ST,6.23,18210.29,EUR
39,.1~80,80,H2,Company,01,4,500g Mixed Fruit Muesli,12,North,0.000,,0.00,0.00,
40,.1~82,82,H2,Company,01,4,500g Mixed Fruit Muesli,12,South,941,ST,6.13,5768.33,EUR
41,.1~84,84,H2,Company,01,4,500g Mixed Fruit Muesli,12,West,1992,ST,6.13,12210.96,EUR
42,.1~86,86,H2,Company,01,4,500g Mixed Fruit Muesli,14,North,0.000,,0.00,0.00,
43,.1~88,88,H2,Company,01,4,500g Mixed Fruit Muesli,14,South,1567,ST,6.13,9605.71,EUR
44,.1~90,90,H2,Company,01,4,500g Mixed Fruit Muesli,14,West,1621,ST,6.13,9936.73,EUR
45,.1~92,92,H2,Company,01,4,500g Nut Muesli,12,North,2119,ST,5.90,12502.10,EUR
46,.1~94,94,H2,Company,01,4,500g Nut Muesli,12,South,0.000,,0.00,0.00,
47,.1~96,96,H2,Company,01,4,500g Nut Muesli,12,West,2385,ST,5.90,14071.50,EUR
48,.1~98,98,H2,Company,01,4,500g Nut Muesli,14,North,1467,ST,5.90,8655.30,EUR
49,.1~100,100,H2,Company,01,4,500g Nut Muesli,14,South,0.000,,0.00,0.00,
50,.1~102,102,H2,Company,01,4,500g Nut Muesli,14,West,769,ST,5.90,4537.10,EUR
51,.1~104,104,H2,Company,01,4,500g Raisin Muesli,12,North,0.000,,0.00,0.00,
52,.1~106,106,H2,Company,01,4,500g Raisin Muesli,12,South,0.000,,0.00,0.00,
53,.1~108,108,H2,Company,01,4,500g Raisin Muesli,12,West,1223,ST,5.79,7081.17,EUR
54,.1~110,110,H2,Company,01,4,500g Raisin Muesli,14,North,867,ST,5.79,5019.93,EUR
55,.1~112,112,H2,Company,01,4,500g Raisin Muesli,14,South,1722,ST,5.79,9970.38,EUR
56,.1~114,114,H2,Company,01,4,500g Raisin Muesli,14,West,1581,ST,5.79,9153.99,EUR
57,.1~116,116,H2,Company,01,4,500g Strawberry Muesli,12,North,2054,ST,6.23,12796.42,EUR
58,.1~118,118,H2,Company,01,4,500g Strawberry Muesli,12,West,2213,ST,6.23,13786.99,EUR
59,.1~120,120,H2,Company,01,4,500g Strawberry Muesli,14,North,1450,ST,6.23,9033.50,EUR
60,.1~122,122,H2,Company,01,4,500g Strawberry Muesli,14,South,1496,ST,6.23,9320.08,EUR
61,.1~124,124,H2,Company,01,4,500g Strawberry Muesli,14,West,1588,ST,6.23,9893.24,EUR
62,.1~1,1,H2,Market,01,2,500g Blueberry Muesli,12,North,2756,ST,6.23,17169.88,EUR
63,.1~3,3,H2,Market,01,2,500g Blueberry Muesli,12,South,6193,ST,6.23,38582.39,EUR
64,.1~5,5,H2,Market,01,2,500g Blueberry Muesli,12,West,6461,ST,6.23,40252.03,EUR
65,.1~7,7,H2,Market,01,2,500g Nut Muesli,12,North,13014,ST,5.90,76782.60,EUR
66,.1~9,9,H2,Market,01,2,500g Nut Muesli,12,South,6163,ST,5.90,36361.70,EUR
67,.1~11,11,H2,Market,01,2,500g Nut Muesli,12,West,7326,ST,5.90,43223.40,EUR
68,.1~13,13,H2,Market,01,2,500g Blueberry Muesli,14,North,4443,ST,6.23,27679.89,EUR
69,.1~15,15,H2,Market,01,2,500g Blueberry Muesli,14,South,4993,ST,6.23,31106.39,EUR
70,.1~17,17,H2,Market,01,2,500g Blueberry Muesli,14,West,4636,ST,6.23,28882.28,EUR
71,.1~19,19,H2,Market,01,2,500g Nut Muesli,14,North,10914,ST,5.90,64392.60,EUR
72,.1~21,21,H2,Market,01,2,500g Nut Muesli,14,South,10215,ST,5.90,60268.50,EUR
73,.1~23,23,H2,Market,01,2,500g Nut Muesli,14,West,8929,ST,5.90,52681.10,EUR
74,.1~25,25,H2,Market,01,3,500g Blueberry Muesli,12,North,4973,ST,6.23,30981.79,EUR
75,.1~27,27,H2,Market,01,3,500g Blueberry Muesli,12,South,11563,ST,6.23,72037.49,EUR
76,.1~29,29,H2,Market,01,3,500g Blueberry Muesli,12,West,11339,ST,6.23,70641.97,EUR
77,.1~31,31,H2,Market,01,3,500g Nut Muesli,12,North,5535,ST,5.90,32656.50,EUR
78,.1~33,33,H2,Market,01,3,500g Nut Muesli,12,South,3446,ST,5.90,20331.40,EUR
79,.1~35,35,H2,Market,01,3,500g Nut Muesli,12,West,4068,ST,5.90,24001.20,EUR
80,.1~37,37,H2,Market,01,3,500g Raisin Muesli,12,North,1057,ST,5.79,6120.03,EUR
81,.1~39,39,H2,Market,01,3,500g Raisin Muesli,12,South,955,ST,5.79,5529.45,EUR
82,.1~41,41,H2,Market,01,3,500g Strawberry Muesli,12,North,6947,ST,6.23,43279.81,EUR
83,.1~43,43,H2,Market,01,3,500g Strawberry Muesli,12,South,7937,ST,6.23,49447.51,EUR
84,.1~45,45,H2,Market,01,3,500g Strawberry Muesli,12,West,8854,ST,6.23,55160.42,EUR
85,.1~47,47,H2,Market,01,3,500g Blueberry Muesli,14,North,10011,ST,6.23,62368.53,EUR
86,.1~49,49,H2,Market,01,3,500g Blueberry Muesli,14,South,15478,ST,6.23,96427.94,EUR
87,.1~51,51,H2,Market,01,3,500g Blueberry Muesli,14,West,9021,ST,6.23,56200.83,EUR
88,.1~53,53,H2,Market,01,3,500g Nut Muesli,14,North,4839,ST,5.90,28550.10,EUR
89,.1~55,55,H2,Market,01,3,500g Nut Muesli,14,South,1439,ST,5.90,8490.10,EUR
90,.1~57,57,H2,Market,01,3,500g Nut Muesli,14,West,4460,ST,5.90,26314.00,EUR
91,.1~59,59,H2,Market,01,3,500g Raisin Muesli,14,North,699,ST,5.79,4047.21,EUR
92,.1~61,61,H2,Market,01,3,500g Strawberry Muesli,14,North,5226,ST,6.23,32557.98,EUR
93,.1~63,63,H2,Market,01,3,500g Strawberry Muesli,14,South,5094,ST,6.23,31735.62,EUR
94,.1~65,65,H2,Market,01,3,500g Strawberry Muesli,14,West,7349,ST,6.23,45784.27,EUR
95,.1~67,67,H2,Market,01,4,500g Blueberry Muesli,12,North,8140,ST,6.23,50712.20,EUR
96,.1~69,69,H2,Market,01,4,500g Blueberry Muesli,12,South,5061,ST,6.23,31530.03,EUR
97,.1~71,71,H2,Market,01,4,500g Blueberry Muesli,12,West,6936,ST,6.23,43211.28,EUR
98,.1~73,73,H2,Market,01,4,500g Mixed Fruit Muesli,12,North,1945,ST,6.13,11922.85,EUR
99,.1~75,75,H2,Market,01,4,500g Mixed Fruit Muesli,12,South,2847,ST,6.13,17452.11,EUR
100,.1~77,77,H2,Market,01,4,500g Mixed Fruit Muesli,12,West,1992,ST,6.13,12210.96,EUR
101,.1~79,79,H2,Market,01,4,500g Nut Muesli,12,North,8776,ST,5.90,51778.40,EUR
102,.1~81,81,H2,Market,01,4,500g Nut Muesli,12,South,5008,ST,5.90,29547.20,EUR
103,.1~83,83,H2,Market,01,4,500g Nut Muesli,12,West,4660,ST,5.90,27494.00,EUR
104,.1~85,85,H2,Market,01,4,500g Raisin Muesli,12,North,1124,ST,5.79,6507.96,EUR
105,.1~87,87,H2,Market,01,4,500g Raisin Muesli,12,South,6701,ST,5.79,38798.79,EUR
106,.1~89,89,H2,Market,01,4,500g Raisin Muesli,12,West,3254,ST,5.79,18840.66,EUR
107,.1~91,91,H2,Market,01,4,500g Strawberry Muesli,12,North,4977,ST,6.23,31006.71,EUR
108,.1~93,93,H2,Market,01,4,500g Strawberry Muesli,12,West,5202,ST,6.23,32408.46,EUR
109,.1~95,95,H2,Market,01,4,500g Blueberry Muesli,14,North,5785,ST,6.23,36040.55,EUR
110,.1~97,97,H2,Market,01,4,500g Blueberry Muesli,14,South,9971,ST,6.23,62119.33,EUR
111,.1~99,99,H2,Market,01,4,500g Blueberry Muesli,14,West,5783,ST,6.23,36028.09,EUR
112,.1~101,101,H2,Market,01,4,500g Mixed Fruit Muesli,14,North,852,ST,6.13,5222.76,EUR
113,.1~103,103,H2,Market,01,4,500g Mixed Fruit Muesli,14,South,3991,ST,6.13,24464.83,EUR
114,.1~105,105,H2,Market,01,4,500g Mixed Fruit Muesli,14,West,1621,ST,6.13,9936.73,EUR
115,.1~107,107,H2,Market,01,4,500g Nut Muesli,14,North,6218,ST,5.90,36686.20,EUR
116,.1~109,109,H2,Market,01,4,500g Nut Muesli,14,South,1703,ST,5.90,10047.70,EUR
117,.1~111,111,H2,Market,01,4,500g Nut Muesli,14,West,3151,ST,5.90,18590.90,EUR
118,.1~113,113,H2,Market,01,4,500g Raisin Muesli,14,North,2515,ST,5.79,14561.85,EUR
119,.1~115,115,H2,Market,01,4,500g Raisin Muesli,14,South,3446,ST,5.79,19952.34,EUR
120,.1~117,117,H2,Market,01,4,500g Raisin Muesli,14,West,2413,ST,5.79,13971.27,EUR
121,.1~119,119,H2,Market,01,4,500g Strawberry Muesli,14,North,6440,ST,6.23,40121.20,EUR
122,.1~121,121,H2,Market,01,4,500g Strawberry Muesli,14,South,4592,ST,6.23,28608.16,EUR
123,.1~123,123,H2,Market,01,4,500g Strawberry Muesli,14,West,8732,ST,6.23,54400.36,EUR
