,ID,ROW_ID,SALES_ORGANIZATION,SIM_ROUND,SIM_STEP,SIM_DATE,SIM_CALENDAR_DATE,SIM_PERIOD,SIM_ELAPSED_STEPS,MATERIAL_NUMBER,MATERIAL_DESCRIPTION,DISTRIBUTION_CHANNEL,DC_NAME,PRICE,CURRENCY
0,.1~1,1,H2,01,01,01/01,2024-01-01T00:00:00,1,1,HH-F01,500g Nut Muesli,12,Grocery chains,3.90,EUR
1,.1~2,2,H2,01,01,01/01,2024-01-01T00:00:00,1,1,HH-F01,500g Nut Muesli,14,Indept. grocers,3.90,EUR
2,.1~3,3,H2,01,01,01/01,2024-01-01T00:00:00,1,1,HH-F02,500g Blueberry Muesli,12,Grocery chains,4.23,EUR
3,.1~4,4,H2,01,01,01/01,2024-01-01T00:00:00,1,1,HH-F02,500g Blueberry Muesli,14,Indept. grocers,4.23,EUR
4,.1~5,5,H2,01,01,01/01,2024-01-01T00:00:00,1,1,HH-F03,500g Strawberry Muesli,12,Grocery chains,4.23,EUR
5,.1~6,6,H2,01,01,01/01,2024-01-01T00:00:00,1,1,HH-F03,500g Strawberry Muesli,14,Indept. grocers,4.23,EUR
6,.1~7,7,H2,01,01,01/01,2024-01-01T00:00:00,1,1,HH-F04,500g Raisin Muesli,12,Grocery chains,3.79,EUR
7,.1~8,8,H2,01,01,01/01,2024-01-01T00:00:00,1,1,HH-F04,500g Raisin Muesli,14,Indept. grocers,3.79,EUR
8,.1~9,9,H2,01,01,01/01,2024-01-01T00:00:00,1,1,HH-F05,500g Original Muesli,12,Grocery chains,3.77,EUR
9,.1~10,10,H2,01,01,01/01,2024-01-01T00:00:00,1,1,HH-F05,500g Original Muesli,14,Indept. grocers,3.77,EUR
10,.1~11,11,H2,01,01,01/01,2024-01-01T00:00:00,1,1,HH-F06,500g Mixed Fruit Muesli,12,Grocery chains,4.13,EUR
11,.1~12,12,H2,01,01,01/01,2024-01-01T00:00:00,1,1,HH-F06,500g Mixed Fruit Muesli,14,Indept. grocers,4.13,EUR
12,.1~13,13,H2,01,01,01/01,2024-01-01T00:00:00,1,1,HH-F11,1kg Nut Muesli,10,Hypermarket,4.61,EUR
13,.1~14,14,H2,01,01,01/01,2024-01-01T00:00:00,1,1,HH-F11,1kg Nut Muesli,12,Grocery chains,4.61,EUR
14,.1~15,15,H2,01,01,01/01,2024-01-01T00:00:00,1,1,HH-F12,1kg Blueberry Muesli,10,Hypermarket,5.26,EUR
15,.1~16,16,H2,01,01,01/01,2024-01-01T00:00:00,1,1,HH-F12,1kg Blueberry Muesli,12,Grocery chains,5.26,EUR
16,.1~17,17,H2,01,01,01/01,2024-01-01T00:00:00,1,1,HH-F13,1kg Strawberry Muesli,10,Hypermarket,5.27,EUR
17,.1~18,18,H2,01,01,01/01,2024-01-01T00:00:00,1,1,HH-F13,1kg Strawberry Muesli,12,Grocery chains,5.27,EUR
18,.1~19,19,H2,01,01,01/01,2024-01-01T00:00:00,1,1,HH-F14,1kg Raisin Muesli,10,Hypermarket,4.38,EUR
19,.1~20,20,H2,01,01,01/01,2024-01-01T00:00:00,1,1,HH-F14,1kg Raisin Muesli,12,Grocery chains,4.38,EUR
20,.1~21,21,H2,01,01,01/01,2024-01-01T00:00:00,1,1,HH-F15,1kg Original Muesli,10,Hypermarket,4.35,EUR
21,.1~22,22,H2,01,01,01/01,2024-01-01T00:00:00,1,1,HH-F15,1kg Original Muesli,12,Grocery chains,4.35,EUR
22,.1~23,23,H2,01,01,01/01,2024-01-01T00:00:00,1,1,HH-F16,1kg Mixed Fruit Muesli,10,Hypermarket,5.06,EUR
23,.1~24,24,H2,01,01,01/01,2024-01-01T00:00:00,1,1,HH-F16,1kg Mixed Fruit Muesli,12,Grocery chains,5.06,EUR
24,.1~25,25,H2,01,02,01/02,2024-01-02T00:00:00,1,2,HH-F01,500g Nut Muesli,12,Grocery chains,5.90,EUR
25,.1~26,26,H2,01,02,01/02,2024-01-02T00:00:00,1,2,HH-F01,500g Nut Muesli,14,Indept. grocers,5.90,EUR
26,.1~27,27,H2,01,02,01/02,2024-01-02T00:00:00,1,2,HH-F02,500g Blueberry Muesli,12,Grocery chains,6.23,EUR
27,.1~28,28,H2,01,02,01/02,2024-01-02T00:00:00,1,2,HH-F02,500g Blueberry Muesli,14,Indept. grocers,6.23,EUR
28,.1~29,29,H2,01,02,01/02,2024-01-02T00:00:00,1,2,HH-F03,500g Strawberry Muesli,12,Grocery chains,6.23,EUR
29,.1~30,30,H2,01,02,01/02,2024-01-02T00:00:00,1,2,HH-F03,500g Strawberry Muesli,14,Indept. grocers,6.23,EUR
30,.1~31,31,H2,01,02,01/02,2024-01-02T00:00:00,1,2,HH-F04,500g Raisin Muesli,12,Grocery chains,5.79,EUR
31,.1~32,32,H2,01,02,01/02,2024-01-02T00:00:00,1,2,HH-F04,500g Raisin Muesli,14,Indept. grocers,5.79,EUR
32,.1~33,33,H2,01,02,01/02,2024-01-02T00:00:00,1,2,HH-F05,500g Original Muesli,12,Grocery chains,5.77,EUR
33,.1~34,34,H2,01,02,01/02,2024-01-02T00:00:00,1,2,HH-F05,500g Original Muesli,14,Indept. grocers,5.77,EUR
34,.1~35,35,H2,01,02,01/02,2024-01-02T00:00:00,1,2,HH-F06,500g Mixed Fruit Muesli,12,Grocery chains,6.13,EUR
35,.1~36,36,H2,01,02,01/02,2024-01-02T00:00:00,1,2,HH-F06,500g Mixed Fruit Muesli,14,Indept. grocers,6.13,EUR
36,.1~37,37,H2,01,02,01/02,2024-01-02T00:00:00,1,2,HH-F11,1kg Nut Muesli,10,Hypermarket,4.61,EUR
37,.1~38,38,H2,01,02,01/02,2024-01-02T00:00:00,1,2,HH-F11,1kg Nut Muesli,12,Grocery chains,6.61,EUR
38,.1~39,39,H2,01,02,01/02,2024-01-02T00:00:00,1,2,HH-F12,1kg Blueberry Muesli,10,Hypermarket,5.26,EUR
39,.1~40,40,H2,01,02,01/02,2024-01-02T00:00:00,1,2,HH-F12,1kg Blueberry Muesli,12,Grocery chains,7.26,EUR
40,.1~41,41,H2,01,02,01/02,2024-01-02T00:00:00,1,2,HH-F13,1kg Strawberry Muesli,10,Hypermarket,5.27,EUR
41,.1~42,42,H2,01,02,01/02,2024-01-02T00:00:00,1,2,HH-F13,1kg Strawberry Muesli,12,Grocery chains,7.27,EUR
42,.1~43,43,H2,01,02,01/02,2024-01-02T00:00:00,1,2,HH-F14,1kg Raisin Muesli,10,Hypermarket,4.38,EUR
43,.1~44,44,H2,01,02,01/02,2024-01-02T00:00:00,1,2,HH-F14,1kg Raisin Muesli,12,Grocery chains,6.38,EUR
44,.1~45,45,H2,01,02,01/02,2024-01-02T00:00:00,1,2,HH-F15,1kg Original Muesli,10,Hypermarket,4.35,EUR
45,.1~46,46,H2,01,02,01/02,2024-01-02T00:00:00,1,2,HH-F15,1kg Original Muesli,12,Grocery chains,6.35,EUR
46,.1~47,47,H2,01,02,01/02,2024-01-02T00:00:00,1,2,HH-F16,1kg Mixed Fruit Muesli,10,Hypermarket,5.06,EUR
47,.1~48,48,H2,01,02,01/02,2024-01-02T00:00:00,1,2,HH-F16,1kg Mixed Fruit Muesli,12,Grocery chains,7.06,EUR
48,.1~49,49,H2,01,03,01/03,2024-01-03T00:00:00,1,3,HH-F01,500g Nut Muesli,12,Grocery chains,5.90,EUR
49,.1~50,50,H2,01,03,01/03,2024-01-03T00:00:00,1,3,HH-F01,500g Nut Muesli,14,Indept. grocers,5.90,EUR
50,.1~51,51,H2,01,03,01/03,2024-01-03T00:00:00,1,3,HH-F02,500g Blueberry Muesli,12,Grocery chains,6.23,EUR
51,.1~52,52,H2,01,03,01/03,2024-01-03T00:00:00,1,3,HH-F02,500g Blueberry Muesli,14,Indept. grocers,6.23,EUR
52,.1~53,53,H2,01,03,01/03,2024-01-03T00:00:00,1,3,HH-F03,500g Strawberry Muesli,12,Grocery chains,6.23,EUR
53,.1~54,54,H2,01,03,01/03,2024-01-03T00:00:00,1,3,HH-F03,500g Strawberry Muesli,14,Indept. grocers,6.23,EUR
54,.1~55,55,H2,01,03,01/03,2024-01-03T00:00:00,1,3,HH-F04,500g Raisin Muesli,12,Grocery chains,5.79,EUR
55,.1~56,56,H2,01,03,01/03,2024-01-03T00:00:00,1,3,HH-F04,500g Raisin Muesli,14,Indept. grocers,5.79,EUR
56,.1~57,57,H2,01,03,01/03,2024-01-03T00:00:00,1,3,HH-F05,500g Original Muesli,12,Grocery chains,5.77,EUR
57,.1~58,58,H2,01,03,01/03,2024-01-03T00:00:00,1,3,HH-F05,500g Original Muesli,14,Indept. grocers,5.77,EUR
58,.1~59,59,H2,01,03,01/03,2024-01-03T00:00:00,1,3,HH-F06,500g Mixed Fruit Muesli,12,Grocery chains,6.13,EUR
59,.1~60,60,H2,01,03,01/03,2024-01-03T00:00:00,1,3,HH-F06,500g Mixed Fruit Muesli,14,Indept. grocers,6.13,EUR
60,.1~61,61,H2,01,03,01/03,2024-01-03T00:00:00,1,3,HH-F11,1kg Nut Muesli,10,Hypermarket,4.61,EUR
61,.1~62,62,H2,01,03,01/03,2024-01-03T00:00:00,1,3,HH-F11,1kg Nut Muesli,12,Grocery chains,6.61,EUR
62,.1~63,63,H2,01,03,01/03,2024-01-03T00:00:00,1,3,HH-F12,1kg Blueberry Muesli,10,Hypermarket,5.26,EUR
63,.1~64,64,H2,01,03,01/03,2024-01-03T00:00:00,1,3,HH-F12,1kg Blueberry Muesli,12,Grocery chains,7.26,EUR
64,.1~65,65,H2,01,03,01/03,2024-01-03T00:00:00,1,3,HH-F13,1kg Strawberry Muesli,10,Hypermarket,5.27,EUR
65,.1~66,66,H2,01,03,01/03,2024-01-03T00:00:00,1,3,HH-F13,1kg Strawberry Muesli,12,Grocery chains,7.27,EUR
66,.1~67,67,H2,01,03,01/03,2024-01-03T00:00:00,1,3,HH-F14,1kg Raisin Muesli,10,Hypermarket,4.38,EUR
67,.1~68,68,H2,01,03,01/03,2024-01-03T00:00:00,1,3,HH-F14,1kg Raisin Muesli,12,Grocery chains,6.38,EUR
68,.1~69,69,H2,01,03,01/03,2024-01-03T00:00:00,1,3,HH-F15,1kg Original Muesli,10,Hypermarket,4.35,EUR
69,.1~70,70,H2,01,03,01/03,2024-01-03T00:00:00,1,3,HH-F15,1kg Original Muesli,12,Grocery chains,6.35,EUR
70,.1~71,71,H2,01,03,01/03,2024-01-03T00:00:00,1,3,HH-F16,1kg Mixed Fruit Muesli,10,Hypermarket,5.06,EUR
71,.1~72,72,H2,01,03,01/03,2024-01-03T00:00:00,1,3,HH-F16,1kg Mixed Fruit Muesli,12,Grocery chains,7.06,EUR
72,.1~73,73,H2,01,04,01/04,2024-01-04T00:00:00,1,4,HH-F01,500g Nut Muesli,12,Grocery chains,5.90,EUR
73,.1~74,74,H2,01,04,01/04,2024-01-04T00:00:00,1,4,HH-F01,500g Nut Muesli,14,Indept. grocers,5.90,EUR
74,.1~75,75,H2,01,04,01/04,2024-01-04T00:00:00,1,4,HH-F02,500g Blueberry Muesli,12,Grocery chains,6.23,EUR
75,.1~76,76,H2,01,04,01/04,2024-01-04T00:00:00,1,4,HH-F02,500g Blueberry Muesli,14,Indept. grocers,6.23,EUR
76,.1~77,77,H2,01,04,01/04,2024-01-04T00:00:00,1,4,HH-F03,500g Strawberry Muesli,12,Grocery chains,6.23,EUR
77,.1~78,78,H2,01,04,01/04,2024-01-04T00:00:00,1,4,HH-F03,500g Strawberry Muesli,14,Indept. grocers,6.23,EUR
78,.1~79,79,H2,01,04,01/04,2024-01-04T00:00:00,1,4,HH-F04,500g Raisin Muesli,12,Grocery chains,5.79,EUR
79,.1~80,80,H2,01,04,01/04,2024-01-04T00:00:00,1,4,HH-F04,500g Raisin Muesli,14,Indept. grocers,5.79,EUR
80,.1~81,81,H2,01,04,01/04,2024-01-04T00:00:00,1,4,HH-F05,500g Original Muesli,12,Grocery chains,5.77,EUR
81,.1~82,82,H2,01,04,01/04,2024-01-04T00:00:00,1,4,HH-F05,500g Original Muesli,14,Indept. grocers,5.77,EUR
82,.1~83,83,H2,01,04,01/04,2024-01-04T00:00:00,1,4,HH-F06,500g Mixed Fruit Muesli,12,Grocery chains,6.13,EUR
83,.1~84,84,H2,01,04,01/04,2024-01-04T00:00:00,1,4,HH-F06,500g Mixed Fruit Muesli,14,Indept. grocers,6.13,EUR
84,.1~85,85,H2,01,04,01/04,2024-01-04T00:00:00,1,4,HH-F11,1kg Nut Muesli,10,Hypermarket,4.61,EUR
85,.1~86,86,H2,01,04,01/04,2024-01-04T00:00:00,1,4,HH-F11,1kg Nut Muesli,12,Grocery chains,6.61,EUR
86,.1~87,87,H2,01,04,01/04,2024-01-04T00:00:00,1,4,HH-F12,1kg Blueberry Muesli,10,Hypermarket,5.26,EUR
87,.1~88,88,H2,01,04,01/04,2024-01-04T00:00:00,1,4,HH-F12,1kg Blueberry Muesli,12,Grocery chains,7.26,EUR
88,.1~89,89,H2,01,04,01/04,2024-01-04T00:00:00,1,4,HH-F13,1kg Strawberry Muesli,10,Hypermarket,5.27,EUR
89,.1~90,90,H2,01,04,01/04,2024-01-04T00:00:00,1,4,HH-F13,1kg Strawberry Muesli,12,Grocery chains,7.27,EUR
90,.1~91,91,H2,01,04,01/04,2024-01-04T00:00:00,1,4,HH-F14,1kg Raisin Muesli,10,Hypermarket,4.38,EUR
91,.1~92,92,H2,01,04,01/04,2024-01-04T00:00:00,1,4,HH-F14,1kg Raisin Muesli,12,Grocery chains,6.38,EUR
92,.1~93,93,H2,01,04,01/04,2024-01-04T00:00:00,1,4,HH-F15,1kg Original Muesli,10,Hypermarket,4.35,EUR
93,.1~94,94,H2,01,04,01/04,2024-01-04T00:00:00,1,4,HH-F15,1kg Original Muesli,12,Grocery chains,6.35,EUR
94,.1~95,95,H2,01,04,01/04,2024-01-04T00:00:00,1,4,HH-F16,1kg Mixed Fruit Muesli,10,Hypermarket,5.06,EUR
95,.1~96,96,H2,01,04,01/04,2024-01-04T00:00:00,1,4,HH-F16,1kg Mixed Fruit Muesli,12,Grocery chains,7.06,EUR
96,.1~97,97,H2,01,05,01/05,2024-01-05T00:00:00,1,5,HH-F01,500g Nut Muesli,12,Grocery chains,5.90,EUR
97,.1~98,98,H2,01,05,01/05,2024-01-05T00:00:00,1,5,HH-F01,500g Nut Muesli,14,Indept. grocers,5.90,EUR
98,.1~99,99,H2,01,05,01/05,2024-01-05T00:00:00,1,5,HH-F02,500g Blueberry Muesli,12,Grocery chains,6.23,EUR
99,.1~100,100,H2,01,05,01/05,2024-01-05T00:00:00,1,5,HH-F02,500g Blueberry Muesli,14,Indept. grocers,6.23,EUR
100,.1~101,101,H2,01,05,01/05,2024-01-05T00:00:00,1,5,HH-F03,500g Strawberry Muesli,12,Grocery chains,6.23,EUR
101,.1~102,102,H2,01,05,01/05,2024-01-05T00:00:00,1,5,HH-F03,500g Strawberry Muesli,14,Indept. grocers,6.23,EUR
102,.1~103,103,H2,01,05,01/05,2024-01-05T00:00:00,1,5,HH-F04,500g Raisin Muesli,12,Grocery chains,5.79,EUR
103,.1~104,104,H2,01,05,01/05,2024-01-05T00:00:00,1,5,HH-F04,500g Raisin Muesli,14,Indept. grocers,5.79,EUR
104,.1~105,105,H2,01,05,01/05,2024-01-05T00:00:00,1,5,HH-F05,500g Original Muesli,12,Grocery chains,5.77,EUR
105,.1~106,106,H2,01,05,01/05,2024-01-05T00:00:00,1,5,HH-F05,500g Original Muesli,14,Indept. grocers,5.77,EUR
106,.1~107,107,H2,01,05,01/05,2024-01-05T00:00:00,1,5,HH-F06,500g Mixed Fruit Muesli,12,Grocery chains,6.13,EUR
107,.1~108,108,H2,01,05,01/05,2024-01-05T00:00:00,1,5,HH-F06,500g Mixed Fruit Muesli,14,Indept. grocers,6.13,EUR
108,.1~109,109,H2,01,05,01/05,2024-01-05T00:00:00,1,5,HH-F11,1kg Nut Muesli,10,Hypermarket,4.61,EUR
109,.1~110,110,H2,01,05,01/05,2024-01-05T00:00:00,1,5,HH-F11,1kg Nut Muesli,12,Grocery chains,6.61,EUR
110,.1~111,111,H2,01,05,01/05,2024-01-05T00:00:00,1,5,HH-F12,1kg Blueberry Muesli,10,Hypermarket,5.26,EUR
111,.1~112,112,H2,01,05,01/05,2024-01-05T00:00:00,1,5,HH-F12,1kg Blueberry Muesli,12,Grocery chains,7.26,EUR
112,.1~113,113,H2,01,05,01/05,2024-01-05T00:00:00,1,5,HH-F13,1kg Strawberry Muesli,10,Hypermarket,5.27,EUR
113,.1~114,114,H2,01,05,01/05,2024-01-05T00:00:00,1,5,HH-F13,1kg Strawberry Muesli,12,Grocery chains,7.27,EUR
114,.1~115,115,H2,01,05,01/05,2024-01-05T00:00:00,1,5,HH-F14,1kg Raisin Muesli,10,Hypermarket,4.38,EUR
115,.1~116,116,H2,01,05,01/05,2024-01-05T00:00:00,1,5,HH-F14,1kg Raisin Muesli,12,Grocery chains,6.38,EUR
116,.1~117,117,H2,01,05,01/05,2024-01-05T00:00:00,1,5,HH-F15,1kg Original Muesli,10,Hypermarket,4.35,EUR
117,.1~118,118,H2,01,05,01/05,2024-01-05T00:00:00,1,5,HH-F15,1kg Original Muesli,12,Grocery chains,6.35,EUR
118,.1~119,119,H2,01,05,01/05,2024-01-05T00:00:00,1,5,HH-F16,1kg Mixed Fruit Muesli,10,Hypermarket,5.06,EUR
119,.1~120,120,H2,01,05,01/05,2024-01-05T00:00:00,1,5,HH-F16,1kg Mixed Fruit Muesli,12,Grocery chains,7.06,EUR
120,.1~121,121,H2,01,06,01/06,2024-01-06T00:00:00,2,6,HH-F01,500g Nut Muesli,12,Grocery chains,5.90,EUR
121,.1~122,122,H2,01,06,01/06,2024-01-06T00:00:00,2,6,HH-F01,500g Nut Muesli,14,Indept. grocers,5.90,EUR
122,.1~123,123,H2,01,06,01/06,2024-01-06T00:00:00,2,6,HH-F02,500g Blueberry Muesli,12,Grocery chains,6.23,EUR
123,.1~124,124,H2,01,06,01/06,2024-01-06T00:00:00,2,6,HH-F02,500g Blueberry Muesli,14,Indept. grocers,6.23,EUR
124,.1~125,125,H2,01,06,01/06,2024-01-06T00:00:00,2,6,HH-F03,500g Strawberry Muesli,12,Grocery chains,6.23,EUR
125,.1~126,126,H2,01,06,01/06,2024-01-06T00:00:00,2,6,HH-F03,500g Strawberry Muesli,14,Indept. grocers,6.23,EUR
126,.1~127,127,H2,01,06,01/06,2024-01-06T00:00:00,2,6,HH-F04,500g Raisin Muesli,12,Grocery chains,5.79,EUR
127,.1~128,128,H2,01,06,01/06,2024-01-06T00:00:00,2,6,HH-F04,500g Raisin Muesli,14,Indept. grocers,5.79,EUR
128,.1~129,129,H2,01,06,01/06,2024-01-06T00:00:00,2,6,HH-F05,500g Original Muesli,12,Grocery chains,5.77,EUR
129,.1~130,130,H2,01,06,01/06,2024-01-06T00:00:00,2,6,HH-F05,500g Original Muesli,14,Indept. grocers,5.77,EUR
130,.1~131,131,H2,01,06,01/06,2024-01-06T00:00:00,2,6,HH-F06,500g Mixed Fruit Muesli,12,Grocery chains,6.13,EUR
131,.1~132,132,H2,01,06,01/06,2024-01-06T00:00:00,2,6,HH-F06,500g Mixed Fruit Muesli,14,Indept. grocers,6.13,EUR
132,.1~133,133,H2,01,06,01/06,2024-01-06T00:00:00,2,6,HH-F11,1kg Nut Muesli,10,Hypermarket,4.61,EUR
133,.1~134,134,H2,01,06,01/06,2024-01-06T00:00:00,2,6,HH-F11,1kg Nut Muesli,12,Grocery chains,6.61,EUR
134,.1~135,135,H2,01,06,01/06,2024-01-06T00:00:00,2,6,HH-F12,1kg Blueberry Muesli,10,Hypermarket,5.26,EUR
135,.1~136,136,H2,01,06,01/06,2024-01-06T00:00:00,2,6,HH-F12,1kg Blueberry Muesli,12,Grocery chains,7.26,EUR
136,.1~137,137,H2,01,06,01/06,2024-01-06T00:00:00,2,6,HH-F13,1kg Strawberry Muesli,10,Hypermarket,5.27,EUR
137,.1~138,138,H2,01,06,01/06,2024-01-06T00:00:00,2,6,HH-F13,1kg Strawberry Muesli,12,Grocery chains,7.27,EUR
138,.1~139,139,H2,01,06,01/06,2024-01-06T00:00:00,2,6,HH-F14,1kg Raisin Muesli,10,Hypermarket,4.38,EUR
139,.1~140,140,H2,01,06,01/06,2024-01-06T00:00:00,2,6,HH-F14,1kg Raisin Muesli,12,Grocery chains,6.38,EUR
140,.1~141,141,H2,01,06,01/06,2024-01-06T00:00:00,2,6,HH-F15,1kg Original Muesli,10,Hypermarket,4.35,EUR
141,.1~142,142,H2,01,06,01/06,2024-01-06T00:00:00,2,6,HH-F15,1kg Original Muesli,12,Grocery chains,6.35,EUR
142,.1~143,143,H2,01,06,01/06,2024-01-06T00:00:00,2,6,HH-F16,1kg Mixed Fruit Muesli,10,Hypermarket,5.06,EUR
143,.1~144,144,H2,01,06,01/06,2024-01-06T00:00:00,2,6,HH-F16,1kg Mixed Fruit Muesli,12,Grocery chains,7.06,EUR
144,.1~145,145,H2,01,07,01/07,2024-01-07T00:00:00,2,7,HH-F01,500g Nut Muesli,12,Grocery chains,5.90,EUR
145,.1~146,146,H2,01,07,01/07,2024-01-07T00:00:00,2,7,HH-F01,500g Nut Muesli,14,Indept. grocers,5.90,EUR
146,.1~147,147,H2,01,07,01/07,2024-01-07T00:00:00,2,7,HH-F02,500g Blueberry Muesli,12,Grocery chains,6.23,EUR
147,.1~148,148,H2,01,07,01/07,2024-01-07T00:00:00,2,7,HH-F02,500g Blueberry Muesli,14,Indept. grocers,6.23,EUR
148,.1~149,149,H2,01,07,01/07,2024-01-07T00:00:00,2,7,HH-F03,500g Strawberry Muesli,12,Grocery chains,6.23,EUR
149,.1~150,150,H2,01,07,01/07,2024-01-07T00:00:00,2,7,HH-F03,500g Strawberry Muesli,14,Indept. grocers,6.23,EUR
150,.1~151,151,H2,01,07,01/07,2024-01-07T00:00:00,2,7,HH-F04,500g Raisin Muesli,12,Grocery chains,5.79,EUR
151,.1~152,152,H2,01,07,01/07,2024-01-07T00:00:00,2,7,HH-F04,500g Raisin Muesli,14,Indept. grocers,5.79,EUR
152,.1~153,153,H2,01,07,01/07,2024-01-07T00:00:00,2,7,HH-F05,500g Original Muesli,12,Grocery chains,5.77,EUR
153,.1~154,154,H2,01,07,01/07,2024-01-07T00:00:00,2,7,HH-F05,500g Original Muesli,14,Indept. grocers,5.77,EUR
154,.1~155,155,H2,01,07,01/07,2024-01-07T00:00:00,2,7,HH-F06,500g Mixed Fruit Muesli,12,Grocery chains,6.13,EUR
155,.1~156,156,H2,01,07,01/07,2024-01-07T00:00:00,2,7,HH-F06,500g Mixed Fruit Muesli,14,Indept. grocers,6.13,EUR
156,.1~157,157,H2,01,07,01/07,2024-01-07T00:00:00,2,7,HH-F11,1kg Nut Muesli,10,Hypermarket,4.61,EUR
157,.1~158,158,H2,01,07,01/07,2024-01-07T00:00:00,2,7,HH-F11,1kg Nut Muesli,12,Grocery chains,6.61,EUR
158,.1~159,159,H2,01,07,01/07,2024-01-07T00:00:00,2,7,HH-F12,1kg Blueberry Muesli,10,Hypermarket,5.26,EUR
159,.1~160,160,H2,01,07,01/07,2024-01-07T00:00:00,2,7,HH-F12,1kg Blueberry Muesli,12,Grocery chains,7.26,EUR
160,.1~161,161,H2,01,07,01/07,2024-01-07T00:00:00,2,7,HH-F13,1kg Strawberry Muesli,10,Hypermarket,5.27,EUR
161,.1~162,162,H2,01,07,01/07,2024-01-07T00:00:00,2,7,HH-F13,1kg Strawberry Muesli,12,Grocery chains,7.27,EUR
162,.1~163,163,H2,01,07,01/07,2024-01-07T00:00:00,2,7,HH-F14,1kg Raisin Muesli,10,Hypermarket,4.38,EUR
163,.1~164,164,H2,01,07,01/07,2024-01-07T00:00:00,2,7,HH-F14,1kg Raisin Muesli,12,Grocery chains,6.38,EUR
164,.1~165,165,H2,01,07,01/07,2024-01-07T00:00:00,2,7,HH-F15,1kg Original Muesli,10,Hypermarket,4.35,EUR
165,.1~166,166,H2,01,07,01/07,2024-01-07T00:00:00,2,7,HH-F15,1kg Original Muesli,12,Grocery chains,6.35,EUR
166,.1~167,167,H2,01,07,01/07,2024-01-07T00:00:00,2,7,HH-F16,1kg Mixed Fruit Muesli,10,Hypermarket,5.06,EUR
167,.1~168,168,H2,01,07,01/07,2024-01-07T00:00:00,2,7,HH-F16,1kg Mixed Fruit Muesli,12,Grocery chains,7.06,EUR
168,.1~169,169,H2,01,08,01/08,2024-01-08T00:00:00,2,8,HH-F01,500g Nut Muesli,12,Grocery chains,5.90,EUR
169,.1~170,170,H2,01,08,01/08,2024-01-08T00:00:00,2,8,HH-F01,500g Nut Muesli,14,Indept. grocers,5.90,EUR
170,.1~171,171,H2,01,08,01/08,2024-01-08T00:00:00,2,8,HH-F02,500g Blueberry Muesli,12,Grocery chains,6.23,EUR
171,.1~172,172,H2,01,08,01/08,2024-01-08T00:00:00,2,8,HH-F02,500g Blueberry Muesli,14,Indept. grocers,6.23,EUR
172,.1~173,173,H2,01,08,01/08,2024-01-08T00:00:00,2,8,HH-F03,500g Strawberry Muesli,12,Grocery chains,6.23,EUR
173,.1~174,174,H2,01,08,01/08,2024-01-08T00:00:00,2,8,HH-F03,500g Strawberry Muesli,14,Indept. grocers,6.23,EUR
174,.1~175,175,H2,01,08,01/08,2024-01-08T00:00:00,2,8,HH-F04,500g Raisin Muesli,12,Grocery chains,5.79,EUR
175,.1~176,176,H2,01,08,01/08,2024-01-08T00:00:00,2,8,HH-F04,500g Raisin Muesli,14,Indept. grocers,5.79,EUR
176,.1~177,177,H2,01,08,01/08,2024-01-08T00:00:00,2,8,HH-F05,500g Original Muesli,12,Grocery chains,5.77,EUR
177,.1~178,178,H2,01,08,01/08,2024-01-08T00:00:00,2,8,HH-F05,500g Original Muesli,14,Indept. grocers,5.77,EUR
178,.1~179,179,H2,01,08,01/08,2024-01-08T00:00:00,2,8,HH-F06,500g Mixed Fruit Muesli,12,Grocery chains,6.13,EUR
179,.1~180,180,H2,01,08,01/08,2024-01-08T00:00:00,2,8,HH-F06,500g Mixed Fruit Muesli,14,Indept. grocers,6.13,EUR
180,.1~181,181,H2,01,08,01/08,2024-01-08T00:00:00,2,8,HH-F11,1kg Nut Muesli,10,Hypermarket,4.61,EUR
181,.1~182,182,H2,01,08,01/08,2024-01-08T00:00:00,2,8,HH-F11,1kg Nut Muesli,12,Grocery chains,6.61,EUR
182,.1~183,183,H2,01,08,01/08,2024-01-08T00:00:00,2,8,HH-F12,1kg Blueberry Muesli,10,Hypermarket,5.26,EUR
183,.1~184,184,H2,01,08,01/08,2024-01-08T00:00:00,2,8,HH-F12,1kg Blueberry Muesli,12,Grocery chains,7.26,EUR
184,.1~185,185,H2,01,08,01/08,2024-01-08T00:00:00,2,8,HH-F13,1kg Strawberry Muesli,10,Hypermarket,5.27,EUR
185,.1~186,186,H2,01,08,01/08,2024-01-08T00:00:00,2,8,HH-F13,1kg Strawberry Muesli,12,Grocery chains,7.27,EUR
186,.1~187,187,H2,01,08,01/08,2024-01-08T00:00:00,2,8,HH-F14,1kg Raisin Muesli,10,Hypermarket,4.38,EUR
187,.1~188,188,H2,01,08,01/08,2024-01-08T00:00:00,2,8,HH-F14,1kg Raisin Muesli,12,Grocery chains,6.38,EUR
188,.1~189,189,H2,01,08,01/08,2024-01-08T00:00:00,2,8,HH-F15,1kg Original Muesli,10,Hypermarket,4.35,EUR
189,.1~190,190,H2,01,08,01/08,2024-01-08T00:00:00,2,8,HH-F15,1kg Original Muesli,12,Grocery chains,6.35,EUR
190,.1~191,191,H2,01,08,01/08,2024-01-08T00:00:00,2,8,HH-F16,1kg Mixed Fruit Muesli,10,Hypermarket,5.06,EUR
191,.1~192,192,H2,01,08,01/08,2024-01-08T00:00:00,2,8,HH-F16,1kg Mixed Fruit Muesli,12,Grocery chains,7.06,EUR
192,.1~193,193,H2,01,09,01/09,2024-01-09T00:00:00,2,9,HH-F01,500g Nut Muesli,12,Grocery chains,5.90,EUR
193,.1~194,194,H2,01,09,01/09,2024-01-09T00:00:00,2,9,HH-F01,500g Nut Muesli,14,Indept. grocers,5.90,EUR
194,.1~195,195,H2,01,09,01/09,2024-01-09T00:00:00,2,9,HH-F02,500g Blueberry Muesli,12,Grocery chains,6.23,EUR
195,.1~196,196,H2,01,09,01/09,2024-01-09T00:00:00,2,9,HH-F02,500g Blueberry Muesli,14,Indept. grocers,6.23,EUR
196,.1~197,197,H2,01,09,01/09,2024-01-09T00:00:00,2,9,HH-F03,500g Strawberry Muesli,12,Grocery chains,6.23,EUR
197,.1~198,198,H2,01,09,01/09,2024-01-09T00:00:00,2,9,HH-F03,500g Strawberry Muesli,14,Indept. grocers,6.23,EUR
198,.1~199,199,H2,01,09,01/09,2024-01-09T00:00:00,2,9,HH-F04,500g Raisin Muesli,12,Grocery chains,5.79,EUR
199,.1~200,200,H2,01,09,01/09,2024-01-09T00:00:00,2,9,HH-F04,500g Raisin Muesli,14,Indept. grocers,5.79,EUR
200,.1~201,201,H2,01,09,01/09,2024-01-09T00:00:00,2,9,HH-F05,500g Original Muesli,12,Grocery chains,5.77,EUR
201,.1~202,202,H2,01,09,01/09,2024-01-09T00:00:00,2,9,HH-F05,500g Original Muesli,14,Indept. grocers,5.77,EUR
202,.1~203,203,H2,01,09,01/09,2024-01-09T00:00:00,2,9,HH-F06,500g Mixed Fruit Muesli,12,Grocery chains,6.13,EUR
203,.1~204,204,H2,01,09,01/09,2024-01-09T00:00:00,2,9,HH-F06,500g Mixed Fruit Muesli,14,Indept. grocers,6.13,EUR
204,.1~205,205,H2,01,09,01/09,2024-01-09T00:00:00,2,9,HH-F11,1kg Nut Muesli,10,Hypermarket,4.61,EUR
205,.1~206,206,H2,01,09,01/09,2024-01-09T00:00:00,2,9,HH-F11,1kg Nut Muesli,12,Grocery chains,6.61,EUR
206,.1~207,207,H2,01,09,01/09,2024-01-09T00:00:00,2,9,HH-F12,1kg Blueberry Muesli,10,Hypermarket,5.26,EUR
207,.1~208,208,H2,01,09,01/09,2024-01-09T00:00:00,2,9,HH-F12,1kg Blueberry Muesli,12,Grocery chains,7.26,EUR
208,.1~209,209,H2,01,09,01/09,2024-01-09T00:00:00,2,9,HH-F13,1kg Strawberry Muesli,10,Hypermarket,5.27,EUR
209,.1~210,210,H2,01,09,01/09,2024-01-09T00:00:00,2,9,HH-F13,1kg Strawberry Muesli,12,Grocery chains,7.27,EUR
210,.1~211,211,H2,01,09,01/09,2024-01-09T00:00:00,2,9,HH-F14,1kg Raisin Muesli,10,Hypermarket,4.38,EUR
211,.1~212,212,H2,01,09,01/09,2024-01-09T00:00:00,2,9,HH-F14,1kg Raisin Muesli,12,Grocery chains,6.38,EUR
212,.1~213,213,H2,01,09,01/09,2024-01-09T00:00:00,2,9,HH-F15,1kg Original Muesli,10,Hypermarket,4.35,EUR
213,.1~214,214,H2,01,09,01/09,2024-01-09T00:00:00,2,9,HH-F15,1kg Original Muesli,12,Grocery chains,6.35,EUR
214,.1~215,215,H2,01,09,01/09,2024-01-09T00:00:00,2,9,HH-F16,1kg Mixed Fruit Muesli,10,Hypermarket,5.06,EUR
215,.1~216,216,H2,01,09,01/09,2024-01-09T00:00:00,2,9,HH-F16,1kg Mixed Fruit Muesli,12,Grocery chains,7.06,EUR
216,.1~217,217,H2,01,10,01/10,2024-01-10T00:00:00,2,10,HH-F01,500g Nut Muesli,12,Grocery chains,5.90,EUR
217,.1~218,218,H2,01,10,01/10,2024-01-10T00:00:00,2,10,HH-F01,500g Nut Muesli,14,Indept. grocers,5.90,EUR
218,.1~219,219,H2,01,10,01/10,2024-01-10T00:00:00,2,10,HH-F02,500g Blueberry Muesli,12,Grocery chains,6.23,EUR
219,.1~220,220,H2,01,10,01/10,2024-01-10T00:00:00,2,10,HH-F02,500g Blueberry Muesli,14,Indept. grocers,6.23,EUR
220,.1~221,221,H2,01,10,01/10,2024-01-10T00:00:00,2,10,HH-F03,500g Strawberry Muesli,12,Grocery chains,6.23,EUR
221,.1~222,222,H2,01,10,01/10,2024-01-10T00:00:00,2,10,HH-F03,500g Strawberry Muesli,14,Indept. grocers,6.23,EUR
222,.1~223,223,H2,01,10,01/10,2024-01-10T00:00:00,2,10,HH-F04,500g Raisin Muesli,12,Grocery chains,5.79,EUR
223,.1~224,224,H2,01,10,01/10,2024-01-10T00:00:00,2,10,HH-F04,500g Raisin Muesli,14,Indept. grocers,5.79,EUR
224,.1~225,225,H2,01,10,01/10,2024-01-10T00:00:00,2,10,HH-F05,500g Original Muesli,12,Grocery chains,5.77,EUR
225,.1~226,226,H2,01,10,01/10,2024-01-10T00:00:00,2,10,HH-F05,500g Original Muesli,14,Indept. grocers,5.77,EUR
226,.1~227,227,H2,01,10,01/10,2024-01-10T00:00:00,2,10,HH-F06,500g Mixed Fruit Muesli,12,Grocery chains,6.13,EUR
227,.1~228,228,H2,01,10,01/10,2024-01-10T00:00:00,2,10,HH-F06,500g Mixed Fruit Muesli,14,Indept. grocers,6.13,EUR
228,.1~229,229,H2,01,10,01/10,2024-01-10T00:00:00,2,10,HH-F11,1kg Nut Muesli,10,Hypermarket,4.61,EUR
229,.1~230,230,H2,01,10,01/10,2024-01-10T00:00:00,2,10,HH-F11,1kg Nut Muesli,12,Grocery chains,6.61,EUR
230,.1~231,231,H2,01,10,01/10,2024-01-10T00:00:00,2,10,HH-F12,1kg Blueberry Muesli,10,Hypermarket,5.26,EUR
231,.1~232,232,H2,01,10,01/10,2024-01-10T00:00:00,2,10,HH-F12,1kg Blueberry Muesli,12,Grocery chains,7.26,EUR
232,.1~233,233,H2,01,10,01/10,2024-01-10T00:00:00,2,10,HH-F13,1kg Strawberry Muesli,10,Hypermarket,5.27,EUR
233,.1~234,234,H2,01,10,01/10,2024-01-10T00:00:00,2,10,HH-F13,1kg Strawberry Muesli,12,Grocery chains,7.27,EUR
234,.1~235,235,H2,01,10,01/10,2024-01-10T00:00:00,2,10,HH-F14,1kg Raisin Muesli,10,Hypermarket,4.38,EUR
235,.1~236,236,H2,01,10,01/10,2024-01-10T00:00:00,2,10,HH-F14,1kg Raisin Muesli,12,Grocery chains,6.38,EUR
236,.1~237,237,H2,01,10,01/10,2024-01-10T00:00:00,2,10,HH-F15,1kg Original Muesli,10,Hypermarket,4.35,EUR
237,.1~238,238,H2,01,10,01/10,2024-01-10T00:00:00,2,10,HH-F15,1kg Original Muesli,12,Grocery chains,6.35,EUR
238,.1~239,239,H2,01,10,01/10,2024-01-10T00:00:00,2,10,HH-F16,1kg Mixed Fruit Muesli,10,Hypermarket,5.06,EUR
239,.1~240,240,H2,01,10,01/10,2024-01-10T00:00:00,2,10,HH-F16,1kg Mixed Fruit Muesli,12,Grocery chains,7.06,EUR
240,.1~241,241,H2,01,11,01/11,2024-01-11T00:00:00,3,11,HH-F01,500g Nut Muesli,12,Grocery chains,5.90,EUR
241,.1~242,242,H2,01,11,01/11,2024-01-11T00:00:00,3,11,HH-F01,500g Nut Muesli,14,Indept. grocers,5.90,EUR
242,.1~243,243,H2,01,11,01/11,2024-01-11T00:00:00,3,11,HH-F02,500g Blueberry Muesli,12,Grocery chains,6.23,EUR
243,.1~244,244,H2,01,11,01/11,2024-01-11T00:00:00,3,11,HH-F02,500g Blueberry Muesli,14,Indept. grocers,6.23,EUR
244,.1~245,245,H2,01,11,01/11,2024-01-11T00:00:00,3,11,HH-F03,500g Strawberry Muesli,12,Grocery chains,6.23,EUR
245,.1~246,246,H2,01,11,01/11,2024-01-11T00:00:00,3,11,HH-F03,500g Strawberry Muesli,14,Indept. grocers,6.23,EUR
246,.1~247,247,H2,01,11,01/11,2024-01-11T00:00:00,3,11,HH-F04,500g Raisin Muesli,12,Grocery chains,5.79,EUR
247,.1~248,248,H2,01,11,01/11,2024-01-11T00:00:00,3,11,HH-F04,500g Raisin Muesli,14,Indept. grocers,5.79,EUR
248,.1~249,249,H2,01,11,01/11,2024-01-11T00:00:00,3,11,HH-F05,500g Original Muesli,12,Grocery chains,5.77,EUR
249,.1~250,250,H2,01,11,01/11,2024-01-11T00:00:00,3,11,HH-F05,500g Original Muesli,14,Indept. grocers,5.77,EUR
250,.1~251,251,H2,01,11,01/11,2024-01-11T00:00:00,3,11,HH-F06,500g Mixed Fruit Muesli,12,Grocery chains,6.13,EUR
251,.1~252,252,H2,01,11,01/11,2024-01-11T00:00:00,3,11,HH-F06,500g Mixed Fruit Muesli,14,Indept. grocers,6.13,EUR
252,.1~253,253,H2,01,11,01/11,2024-01-11T00:00:00,3,11,HH-F11,1kg Nut Muesli,10,Hypermarket,4.61,EUR
253,.1~254,254,H2,01,11,01/11,2024-01-11T00:00:00,3,11,HH-F11,1kg Nut Muesli,12,Grocery chains,6.61,EUR
254,.1~255,255,H2,01,11,01/11,2024-01-11T00:00:00,3,11,HH-F12,1kg Blueberry Muesli,10,Hypermarket,5.26,EUR
255,.1~256,256,H2,01,11,01/11,2024-01-11T00:00:00,3,11,HH-F12,1kg Blueberry Muesli,12,Grocery chains,7.26,EUR
256,.1~257,257,H2,01,11,01/11,2024-01-11T00:00:00,3,11,HH-F13,1kg Strawberry Muesli,10,Hypermarket,5.27,EUR
257,.1~258,258,H2,01,11,01/11,2024-01-11T00:00:00,3,11,HH-F13,1kg Strawberry Muesli,12,Grocery chains,7.27,EUR
258,.1~259,259,H2,01,11,01/11,2024-01-11T00:00:00,3,11,HH-F14,1kg Raisin Muesli,10,Hypermarket,4.38,EUR
259,.1~260,260,H2,01,11,01/11,2024-01-11T00:00:00,3,11,HH-F14,1kg Raisin Muesli,12,Grocery chains,6.38,EUR
260,.1~261,261,H2,01,11,01/11,2024-01-11T00:00:00,3,11,HH-F15,1kg Original Muesli,10,Hypermarket,4.35,EUR
261,.1~262,262,H2,01,11,01/11,2024-01-11T00:00:00,3,11,HH-F15,1kg Original Muesli,12,Grocery chains,6.35,EUR
262,.1~263,263,H2,01,11,01/11,2024-01-11T00:00:00,3,11,HH-F16,1kg Mixed Fruit Muesli,10,Hypermarket,5.06,EUR
263,.1~264,264,H2,01,11,01/11,2024-01-11T00:00:00,3,11,HH-F16,1kg Mixed Fruit Muesli,12,Grocery chains,7.06,EUR
264,.1~265,265,H2,01,12,01/12,2024-01-12T00:00:00,3,12,HH-F01,500g Nut Muesli,12,Grocery chains,5.90,EUR
265,.1~266,266,H2,01,12,01/12,2024-01-12T00:00:00,3,12,HH-F01,500g Nut Muesli,14,Indept. grocers,5.90,EUR
266,.1~267,267,H2,01,12,01/12,2024-01-12T00:00:00,3,12,HH-F02,500g Blueberry Muesli,12,Grocery chains,6.23,EUR
267,.1~268,268,H2,01,12,01/12,2024-01-12T00:00:00,3,12,HH-F02,500g Blueberry Muesli,14,Indept. grocers,6.23,EUR
268,.1~269,269,H2,01,12,01/12,2024-01-12T00:00:00,3,12,HH-F03,500g Strawberry Muesli,12,Grocery chains,6.23,EUR
269,.1~270,270,H2,01,12,01/12,2024-01-12T00:00:00,3,12,HH-F03,500g Strawberry Muesli,14,Indept. grocers,6.23,EUR
270,.1~271,271,H2,01,12,01/12,2024-01-12T00:00:00,3,12,HH-F04,500g Raisin Muesli,12,Grocery chains,5.79,EUR
271,.1~272,272,H2,01,12,01/12,2024-01-12T00:00:00,3,12,HH-F04,500g Raisin Muesli,14,Indept. grocers,5.79,EUR
272,.1~273,273,H2,01,12,01/12,2024-01-12T00:00:00,3,12,HH-F05,500g Original Muesli,12,Grocery chains,5.77,EUR
273,.1~274,274,H2,01,12,01/12,2024-01-12T00:00:00,3,12,HH-F05,500g Original Muesli,14,Indept. grocers,5.77,EUR
274,.1~275,275,H2,01,12,01/12,2024-01-12T00:00:00,3,12,HH-F06,500g Mixed Fruit Muesli,12,Grocery chains,6.13,EUR
275,.1~276,276,H2,01,12,01/12,2024-01-12T00:00:00,3,12,HH-F06,500g Mixed Fruit Muesli,14,Indept. grocers,6.13,EUR
276,.1~277,277,H2,01,12,01/12,2024-01-12T00:00:00,3,12,HH-F11,1kg Nut Muesli,10,Hypermarket,4.61,EUR
277,.1~278,278,H2,01,12,01/12,2024-01-12T00:00:00,3,12,HH-F11,1kg Nut Muesli,12,Grocery chains,6.61,EUR
278,.1~279,279,H2,01,12,01/12,2024-01-12T00:00:00,3,12,HH-F12,1kg Blueberry Muesli,10,Hypermarket,5.26,EUR
279,.1~280,280,H2,01,12,01/12,2024-01-12T00:00:00,3,12,HH-F12,1kg Blueberry Muesli,12,Grocery chains,7.26,EUR
280,.1~281,281,H2,01,12,01/12,2024-01-12T00:00:00,3,12,HH-F13,1kg Strawberry Muesli,10,Hypermarket,5.27,EUR
281,.1~282,282,H2,01,12,01/12,2024-01-12T00:00:00,3,12,HH-F13,1kg Strawberry Muesli,12,Grocery chains,7.27,EUR
282,.1~283,283,H2,01,12,01/12,2024-01-12T00:00:00,3,12,HH-F14,1kg Raisin Muesli,10,Hypermarket,4.38,EUR
283,.1~284,284,H2,01,12,01/12,2024-01-12T00:00:00,3,12,HH-F14,1kg Raisin Muesli,12,Grocery chains,6.38,EUR
284,.1~285,285,H2,01,12,01/12,2024-01-12T00:00:00,3,12,HH-F15,1kg Original Muesli,10,Hypermarket,4.35,EUR
285,.1~286,286,H2,01,12,01/12,2024-01-12T00:00:00,3,12,HH-F15,1kg Original Muesli,12,Grocery chains,6.35,EUR
286,.1~287,287,H2,01,12,01/12,2024-01-12T00:00:00,3,12,HH-F16,1kg Mixed Fruit Muesli,10,Hypermarket,5.06,EUR
287,.1~288,288,H2,01,12,01/12,2024-01-12T00:00:00,3,12,HH-F16,1kg Mixed Fruit Muesli,12,Grocery chains,7.06,EUR
288,.1~289,289,H2,01,13,01/13,2024-01-13T00:00:00,3,13,HH-F01,500g Nut Muesli,12,Grocery chains,5.90,EUR
289,.1~290,290,H2,01,13,01/13,2024-01-13T00:00:00,3,13,HH-F01,500g Nut Muesli,14,Indept. grocers,5.90,EUR
290,.1~291,291,H2,01,13,01/13,2024-01-13T00:00:00,3,13,HH-F02,500g Blueberry Muesli,12,Grocery chains,6.23,EUR
291,.1~292,292,H2,01,13,01/13,2024-01-13T00:00:00,3,13,HH-F02,500g Blueberry Muesli,14,Indept. grocers,6.23,EUR
292,.1~293,293,H2,01,13,01/13,2024-01-13T00:00:00,3,13,HH-F03,500g Strawberry Muesli,12,Grocery chains,6.23,EUR
293,.1~294,294,H2,01,13,01/13,2024-01-13T00:00:00,3,13,HH-F03,500g Strawberry Muesli,14,Indept. grocers,6.23,EUR
294,.1~295,295,H2,01,13,01/13,2024-01-13T00:00:00,3,13,HH-F04,500g Raisin Muesli,12,Grocery chains,5.79,EUR
295,.1~296,296,H2,01,13,01/13,2024-01-13T00:00:00,3,13,HH-F04,500g Raisin Muesli,14,Indept. grocers,5.79,EUR
296,.1~297,297,H2,01,13,01/13,2024-01-13T00:00:00,3,13,HH-F05,500g Original Muesli,12,Grocery chains,5.77,EUR
297,.1~298,298,H2,01,13,01/13,2024-01-13T00:00:00,3,13,HH-F05,500g Original Muesli,14,Indept. grocers,5.77,EUR
298,.1~299,299,H2,01,13,01/13,2024-01-13T00:00:00,3,13,HH-F06,500g Mixed Fruit Muesli,12,Grocery chains,6.13,EUR
299,.1~300,300,H2,01,13,01/13,2024-01-13T00:00:00,3,13,HH-F06,500g Mixed Fruit Muesli,14,Indept. grocers,6.13,EUR
300,.1~301,301,H2,01,13,01/13,2024-01-13T00:00:00,3,13,HH-F11,1kg Nut Muesli,10,Hypermarket,4.61,EUR
301,.1~302,302,H2,01,13,01/13,2024-01-13T00:00:00,3,13,HH-F11,1kg Nut Muesli,12,Grocery chains,6.61,EUR
302,.1~303,303,H2,01,13,01/13,2024-01-13T00:00:00,3,13,HH-F12,1kg Blueberry Muesli,10,Hypermarket,5.26,EUR
303,.1~304,304,H2,01,13,01/13,2024-01-13T00:00:00,3,13,HH-F12,1kg Blueberry Muesli,12,Grocery chains,7.26,EUR
304,.1~305,305,H2,01,13,01/13,2024-01-13T00:00:00,3,13,HH-F13,1kg Strawberry Muesli,10,Hypermarket,5.27,EUR
305,.1~306,306,H2,01,13,01/13,2024-01-13T00:00:00,3,13,HH-F13,1kg Strawberry Muesli,12,Grocery chains,7.27,EUR
306,.1~307,307,H2,01,13,01/13,2024-01-13T00:00:00,3,13,HH-F14,1kg Raisin Muesli,10,Hypermarket,4.38,EUR
307,.1~308,308,H2,01,13,01/13,2024-01-13T00:00:00,3,13,HH-F14,1kg Raisin Muesli,12,Grocery chains,6.38,EUR
308,.1~309,309,H2,01,13,01/13,2024-01-13T00:00:00,3,13,HH-F15,1kg Original Muesli,10,Hypermarket,4.35,EUR
309,.1~310,310,H2,01,13,01/13,2024-01-13T00:00:00,3,13,HH-F15,1kg Original Muesli,12,Grocery chains,6.35,EUR
310,.1~311,311,H2,01,13,01/13,2024-01-13T00:00:00,3,13,HH-F16,1kg Mixed Fruit Muesli,10,Hypermarket,5.06,EUR
311,.1~312,312,H2,01,13,01/13,2024-01-13T00:00:00,3,13,HH-F16,1kg Mixed Fruit Muesli,12,Grocery chains,7.06,EUR
312,.1~313,313,H2,01,14,01/14,2024-01-14T00:00:00,3,14,HH-F01,500g Nut Muesli,12,Grocery chains,5.90,EUR
313,.1~314,314,H2,01,14,01/14,2024-01-14T00:00:00,3,14,HH-F01,500g Nut Muesli,14,Indept. grocers,5.90,EUR
314,.1~315,315,H2,01,14,01/14,2024-01-14T00:00:00,3,14,HH-F02,500g Blueberry Muesli,12,Grocery chains,6.23,EUR
315,.1~316,316,H2,01,14,01/14,2024-01-14T00:00:00,3,14,HH-F02,500g Blueberry Muesli,14,Indept. grocers,6.23,EUR
316,.1~317,317,H2,01,14,01/14,2024-01-14T00:00:00,3,14,HH-F03,500g Strawberry Muesli,12,Grocery chains,6.23,EUR
317,.1~318,318,H2,01,14,01/14,2024-01-14T00:00:00,3,14,HH-F03,500g Strawberry Muesli,14,Indept. grocers,6.23,EUR
318,.1~319,319,H2,01,14,01/14,2024-01-14T00:00:00,3,14,HH-F04,500g Raisin Muesli,12,Grocery chains,5.79,EUR
319,.1~320,320,H2,01,14,01/14,2024-01-14T00:00:00,3,14,HH-F04,500g Raisin Muesli,14,Indept. grocers,5.79,EUR
320,.1~321,321,H2,01,14,01/14,2024-01-14T00:00:00,3,14,HH-F05,500g Original Muesli,12,Grocery chains,5.77,EUR
321,.1~322,322,H2,01,14,01/14,2024-01-14T00:00:00,3,14,HH-F05,500g Original Muesli,14,Indept. grocers,5.77,EUR
322,.1~323,323,H2,01,14,01/14,2024-01-14T00:00:00,3,14,HH-F06,500g Mixed Fruit Muesli,12,Grocery chains,6.13,EUR
323,.1~324,324,H2,01,14,01/14,2024-01-14T00:00:00,3,14,HH-F06,500g Mixed Fruit Muesli,14,Indept. grocers,6.13,EUR
324,.1~325,325,H2,01,14,01/14,2024-01-14T00:00:00,3,14,HH-F11,1kg Nut Muesli,10,Hypermarket,4.61,EUR
325,.1~326,326,H2,01,14,01/14,2024-01-14T00:00:00,3,14,HH-F11,1kg Nut Muesli,12,Grocery chains,6.61,EUR
326,.1~327,327,H2,01,14,01/14,2024-01-14T00:00:00,3,14,HH-F12,1kg Blueberry Muesli,10,Hypermarket,5.26,EUR
327,.1~328,328,H2,01,14,01/14,2024-01-14T00:00:00,3,14,HH-F12,1kg Blueberry Muesli,12,Grocery chains,7.26,EUR
328,.1~329,329,H2,01,14,01/14,2024-01-14T00:00:00,3,14,HH-F13,1kg Strawberry Muesli,10,Hypermarket,5.27,EUR
329,.1~330,330,H2,01,14,01/14,2024-01-14T00:00:00,3,14,HH-F13,1kg Strawberry Muesli,12,Grocery chains,7.27,EUR
330,.1~331,331,H2,01,14,01/14,2024-01-14T00:00:00,3,14,HH-F14,1kg Raisin Muesli,10,Hypermarket,4.38,EUR
331,.1~332,332,H2,01,14,01/14,2024-01-14T00:00:00,3,14,HH-F14,1kg Raisin Muesli,12,Grocery chains,6.38,EUR
332,.1~333,333,H2,01,14,01/14,2024-01-14T00:00:00,3,14,HH-F15,1kg Original Muesli,10,Hypermarket,4.35,EUR
333,.1~334,334,H2,01,14,01/14,2024-01-14T00:00:00,3,14,HH-F15,1kg Original Muesli,12,Grocery chains,6.35,EUR
334,.1~335,335,H2,01,14,01/14,2024-01-14T00:00:00,3,14,HH-F16,1kg Mixed Fruit Muesli,10,Hypermarket,5.06,EUR
335,.1~336,336,H2,01,14,01/14,2024-01-14T00:00:00,3,14,HH-F16,1kg Mixed Fruit Muesli,12,Grocery chains,7.06,EUR
336,.1~337,337,H2,01,15,01/15,2024-01-15T00:00:00,3,15,HH-F01,500g Nut Muesli,12,Grocery chains,5.90,EUR
337,.1~338,338,H2,01,15,01/15,2024-01-15T00:00:00,3,15,HH-F01,500g Nut Muesli,14,Indept. grocers,5.90,EUR
338,.1~339,339,H2,01,15,01/15,2024-01-15T00:00:00,3,15,HH-F02,500g Blueberry Muesli,12,Grocery chains,6.23,EUR
339,.1~340,340,H2,01,15,01/15,2024-01-15T00:00:00,3,15,HH-F02,500g Blueberry Muesli,14,Indept. grocers,6.23,EUR
340,.1~341,341,H2,01,15,01/15,2024-01-15T00:00:00,3,15,HH-F03,500g Strawberry Muesli,12,Grocery chains,6.23,EUR
341,.1~342,342,H2,01,15,01/15,2024-01-15T00:00:00,3,15,HH-F03,500g Strawberry Muesli,14,Indept. grocers,6.23,EUR
342,.1~343,343,H2,01,15,01/15,2024-01-15T00:00:00,3,15,HH-F04,500g Raisin Muesli,12,Grocery chains,5.79,EUR
343,.1~344,344,H2,01,15,01/15,2024-01-15T00:00:00,3,15,HH-F04,500g Raisin Muesli,14,Indept. grocers,5.79,EUR
344,.1~345,345,H2,01,15,01/15,2024-01-15T00:00:00,3,15,HH-F05,500g Original Muesli,12,Grocery chains,5.77,EUR
345,.1~346,346,H2,01,15,01/15,2024-01-15T00:00:00,3,15,HH-F05,500g Original Muesli,14,Indept. grocers,5.77,EUR
346,.1~347,347,H2,01,15,01/15,2024-01-15T00:00:00,3,15,HH-F06,500g Mixed Fruit Muesli,12,Grocery chains,6.13,EUR
347,.1~348,348,H2,01,15,01/15,2024-01-15T00:00:00,3,15,HH-F06,500g Mixed Fruit Muesli,14,Indept. grocers,6.13,EUR
348,.1~349,349,H2,01,15,01/15,2024-01-15T00:00:00,3,15,HH-F11,1kg Nut Muesli,10,Hypermarket,4.61,EUR
349,.1~350,350,H2,01,15,01/15,2024-01-15T00:00:00,3,15,HH-F11,1kg Nut Muesli,12,Grocery chains,6.61,EUR
350,.1~351,351,H2,01,15,01/15,2024-01-15T00:00:00,3,15,HH-F12,1kg Blueberry Muesli,10,Hypermarket,5.26,EUR
351,.1~352,352,H2,01,15,01/15,2024-01-15T00:00:00,3,15,HH-F12,1kg Blueberry Muesli,12,Grocery chains,7.26,EUR
352,.1~353,353,H2,01,15,01/15,2024-01-15T00:00:00,3,15,HH-F13,1kg Strawberry Muesli,10,Hypermarket,5.27,EUR
353,.1~354,354,H2,01,15,01/15,2024-01-15T00:00:00,3,15,HH-F13,1kg Strawberry Muesli,12,Grocery chains,7.27,EUR
354,.1~355,355,H2,01,15,01/15,2024-01-15T00:00:00,3,15,HH-F14,1kg Raisin Muesli,10,Hypermarket,4.38,EUR
355,.1~356,356,H2,01,15,01/15,2024-01-15T00:00:00,3,15,HH-F14,1kg Raisin Muesli,12,Grocery chains,6.38,EUR
356,.1~357,357,H2,01,15,01/15,2024-01-15T00:00:00,3,15,HH-F15,1kg Original Muesli,10,Hypermarket,4.35,EUR
357,.1~358,358,H2,01,15,01/15,2024-01-15T00:00:00,3,15,HH-F15,1kg Original Muesli,12,Grocery chains,6.35,EUR
358,.1~359,359,H2,01,15,01/15,2024-01-15T00:00:00,3,15,HH-F16,1kg Mixed Fruit Muesli,10,Hypermarket,5.06,EUR
359,.1~360,360,H2,01,15,01/15,2024-01-15T00:00:00,3,15,HH-F16,1kg Mixed Fruit Muesli,12,Grocery chains,7.06,EUR
360,.1~361,361,H2,01,16,01/16,2024-01-16T00:00:00,4,16,HH-F01,500g Nut Muesli,12,Grocery chains,5.90,EUR
361,.1~362,362,H2,01,16,01/16,2024-01-16T00:00:00,4,16,HH-F01,500g Nut Muesli,14,Indept. grocers,5.90,EUR
362,.1~363,363,H2,01,16,01/16,2024-01-16T00:00:00,4,16,HH-F02,500g Blueberry Muesli,12,Grocery chains,6.23,EUR
363,.1~364,364,H2,01,16,01/16,2024-01-16T00:00:00,4,16,HH-F02,500g Blueberry Muesli,14,Indept. grocers,6.23,EUR
364,.1~365,365,H2,01,16,01/16,2024-01-16T00:00:00,4,16,HH-F03,500g Strawberry Muesli,12,Grocery chains,6.23,EUR
365,.1~366,366,H2,01,16,01/16,2024-01-16T00:00:00,4,16,HH-F03,500g Strawberry Muesli,14,Indept. grocers,6.23,EUR
366,.1~367,367,H2,01,16,01/16,2024-01-16T00:00:00,4,16,HH-F04,500g Raisin Muesli,12,Grocery chains,5.79,EUR
367,.1~368,368,H2,01,16,01/16,2024-01-16T00:00:00,4,16,HH-F04,500g Raisin Muesli,14,Indept. grocers,5.79,EUR
368,.1~369,369,H2,01,16,01/16,2024-01-16T00:00:00,4,16,HH-F05,500g Original Muesli,12,Grocery chains,5.77,EUR
369,.1~370,370,H2,01,16,01/16,2024-01-16T00:00:00,4,16,HH-F05,500g Original Muesli,14,Indept. grocers,5.77,EUR
370,.1~371,371,H2,01,16,01/16,2024-01-16T00:00:00,4,16,HH-F06,500g Mixed Fruit Muesli,12,Grocery chains,6.13,EUR
371,.1~372,372,H2,01,16,01/16,2024-01-16T00:00:00,4,16,HH-F06,500g Mixed Fruit Muesli,14,Indept. grocers,6.13,EUR
372,.1~373,373,H2,01,16,01/16,2024-01-16T00:00:00,4,16,HH-F11,1kg Nut Muesli,10,Hypermarket,4.61,EUR
373,.1~374,374,H2,01,16,01/16,2024-01-16T00:00:00,4,16,HH-F11,1kg Nut Muesli,12,Grocery chains,6.61,EUR
374,.1~375,375,H2,01,16,01/16,2024-01-16T00:00:00,4,16,HH-F12,1kg Blueberry Muesli,10,Hypermarket,5.26,EUR
375,.1~376,376,H2,01,16,01/16,2024-01-16T00:00:00,4,16,HH-F12,1kg Blueberry Muesli,12,Grocery chains,7.26,EUR
376,.1~377,377,H2,01,16,01/16,2024-01-16T00:00:00,4,16,HH-F13,1kg Strawberry Muesli,10,Hypermarket,5.27,EUR
377,.1~378,378,H2,01,16,01/16,2024-01-16T00:00:00,4,16,HH-F13,1kg Strawberry Muesli,12,Grocery chains,7.27,EUR
378,.1~379,379,H2,01,16,01/16,2024-01-16T00:00:00,4,16,HH-F14,1kg Raisin Muesli,10,Hypermarket,4.38,EUR
379,.1~380,380,H2,01,16,01/16,2024-01-16T00:00:00,4,16,HH-F14,1kg Raisin Muesli,12,Grocery chains,6.38,EUR
380,.1~381,381,H2,01,16,01/16,2024-01-16T00:00:00,4,16,HH-F15,1kg Original Muesli,10,Hypermarket,4.35,EUR
381,.1~382,382,H2,01,16,01/16,2024-01-16T00:00:00,4,16,HH-F15,1kg Original Muesli,12,Grocery chains,6.35,EUR
382,.1~383,383,H2,01,16,01/16,2024-01-16T00:00:00,4,16,HH-F16,1kg Mixed Fruit Muesli,10,Hypermarket,5.06,EUR
383,.1~384,384,H2,01,16,01/16,2024-01-16T00:00:00,4,16,HH-F16,1kg Mixed Fruit Muesli,12,Grocery chains,7.06,EUR
384,.1~385,385,H2,01,17,01/17,2024-01-17T00:00:00,4,17,HH-F01,500g Nut Muesli,12,Grocery chains,5.90,EUR
385,.1~386,386,H2,01,17,01/17,2024-01-17T00:00:00,4,17,HH-F01,500g Nut Muesli,14,Indept. grocers,5.90,EUR
386,.1~387,387,H2,01,17,01/17,2024-01-17T00:00:00,4,17,HH-F02,500g Blueberry Muesli,12,Grocery chains,6.23,EUR
387,.1~388,388,H2,01,17,01/17,2024-01-17T00:00:00,4,17,HH-F02,500g Blueberry Muesli,14,Indept. grocers,6.23,EUR
388,.1~389,389,H2,01,17,01/17,2024-01-17T00:00:00,4,17,HH-F03,500g Strawberry Muesli,12,Grocery chains,6.23,EUR
389,.1~390,390,H2,01,17,01/17,2024-01-17T00:00:00,4,17,HH-F03,500g Strawberry Muesli,14,Indept. grocers,6.23,EUR
390,.1~391,391,H2,01,17,01/17,2024-01-17T00:00:00,4,17,HH-F04,500g Raisin Muesli,12,Grocery chains,5.79,EUR
391,.1~392,392,H2,01,17,01/17,2024-01-17T00:00:00,4,17,HH-F04,500g Raisin Muesli,14,Indept. grocers,5.79,EUR
392,.1~393,393,H2,01,17,01/17,2024-01-17T00:00:00,4,17,HH-F05,500g Original Muesli,12,Grocery chains,5.77,EUR
393,.1~394,394,H2,01,17,01/17,2024-01-17T00:00:00,4,17,HH-F05,500g Original Muesli,14,Indept. grocers,5.77,EUR
394,.1~395,395,H2,01,17,01/17,2024-01-17T00:00:00,4,17,HH-F06,500g Mixed Fruit Muesli,12,Grocery chains,6.13,EUR
395,.1~396,396,H2,01,17,01/17,2024-01-17T00:00:00,4,17,HH-F06,500g Mixed Fruit Muesli,14,Indept. grocers,6.13,EUR
396,.1~397,397,H2,01,17,01/17,2024-01-17T00:00:00,4,17,HH-F11,1kg Nut Muesli,10,Hypermarket,4.61,EUR
397,.1~398,398,H2,01,17,01/17,2024-01-17T00:00:00,4,17,HH-F11,1kg Nut Muesli,12,Grocery chains,6.61,EUR
398,.1~399,399,H2,01,17,01/17,2024-01-17T00:00:00,4,17,HH-F12,1kg Blueberry Muesli,10,Hypermarket,5.26,EUR
399,.1~400,400,H2,01,17,01/17,2024-01-17T00:00:00,4,17,HH-F12,1kg Blueberry Muesli,12,Grocery chains,7.26,EUR
400,.1~401,401,H2,01,17,01/17,2024-01-17T00:00:00,4,17,HH-F13,1kg Strawberry Muesli,10,Hypermarket,5.27,EUR
401,.1~402,402,H2,01,17,01/17,2024-01-17T00:00:00,4,17,HH-F13,1kg Strawberry Muesli,12,Grocery chains,7.27,EUR
402,.1~403,403,H2,01,17,01/17,2024-01-17T00:00:00,4,17,HH-F14,1kg Raisin Muesli,10,Hypermarket,4.38,EUR
403,.1~404,404,H2,01,17,01/17,2024-01-17T00:00:00,4,17,HH-F14,1kg Raisin Muesli,12,Grocery chains,6.38,EUR
404,.1~405,405,H2,01,17,01/17,2024-01-17T00:00:00,4,17,HH-F15,1kg Original Muesli,10,Hypermarket,4.35,EUR
405,.1~406,406,H2,01,17,01/17,2024-01-17T00:00:00,4,17,HH-F15,1kg Original Muesli,12,Grocery chains,6.35,EUR
406,.1~407,407,H2,01,17,01/17,2024-01-17T00:00:00,4,17,HH-F16,1kg Mixed Fruit Muesli,10,Hypermarket,5.06,EUR
407,.1~408,408,H2,01,17,01/17,2024-01-17T00:00:00,4,17,HH-F16,1kg Mixed Fruit Muesli,12,Grocery chains,7.06,EUR
408,.1~409,409,H2,01,18,01/18,2024-01-18T00:00:00,4,18,HH-F01,500g Nut Muesli,12,Grocery chains,5.90,EUR
409,.1~410,410,H2,01,18,01/18,2024-01-18T00:00:00,4,18,HH-F01,500g Nut Muesli,14,Indept. grocers,5.90,EUR
410,.1~411,411,H2,01,18,01/18,2024-01-18T00:00:00,4,18,HH-F02,500g Blueberry Muesli,12,Grocery chains,6.23,EUR
411,.1~412,412,H2,01,18,01/18,2024-01-18T00:00:00,4,18,HH-F02,500g Blueberry Muesli,14,Indept. grocers,6.23,EUR
412,.1~413,413,H2,01,18,01/18,2024-01-18T00:00:00,4,18,HH-F03,500g Strawberry Muesli,12,Grocery chains,6.23,EUR
413,.1~414,414,H2,01,18,01/18,2024-01-18T00:00:00,4,18,HH-F03,500g Strawberry Muesli,14,Indept. grocers,6.23,EUR
414,.1~415,415,H2,01,18,01/18,2024-01-18T00:00:00,4,18,HH-F04,500g Raisin Muesli,12,Grocery chains,5.79,EUR
415,.1~416,416,H2,01,18,01/18,2024-01-18T00:00:00,4,18,HH-F04,500g Raisin Muesli,14,Indept. grocers,5.79,EUR
416,.1~417,417,H2,01,18,01/18,2024-01-18T00:00:00,4,18,HH-F05,500g Original Muesli,12,Grocery chains,5.77,EUR
417,.1~418,418,H2,01,18,01/18,2024-01-18T00:00:00,4,18,HH-F05,500g Original Muesli,14,Indept. grocers,5.77,EUR
418,.1~419,419,H2,01,18,01/18,2024-01-18T00:00:00,4,18,HH-F06,500g Mixed Fruit Muesli,12,Grocery chains,6.13,EUR
419,.1~420,420,H2,01,18,01/18,2024-01-18T00:00:00,4,18,HH-F06,500g Mixed Fruit Muesli,14,Indept. grocers,6.13,EUR
420,.1~421,421,H2,01,18,01/18,2024-01-18T00:00:00,4,18,HH-F11,1kg Nut Muesli,10,Hypermarket,4.61,EUR
421,.1~422,422,H2,01,18,01/18,2024-01-18T00:00:00,4,18,HH-F11,1kg Nut Muesli,12,Grocery chains,6.61,EUR
422,.1~423,423,H2,01,18,01/18,2024-01-18T00:00:00,4,18,HH-F12,1kg Blueberry Muesli,10,Hypermarket,5.26,EUR
423,.1~424,424,H2,01,18,01/18,2024-01-18T00:00:00,4,18,HH-F12,1kg Blueberry Muesli,12,Grocery chains,7.26,EUR
424,.1~425,425,H2,01,18,01/18,2024-01-18T00:00:00,4,18,HH-F13,1kg Strawberry Muesli,10,Hypermarket,5.27,EUR
425,.1~426,426,H2,01,18,01/18,2024-01-18T00:00:00,4,18,HH-F13,1kg Strawberry Muesli,12,Grocery chains,7.27,EUR
426,.1~427,427,H2,01,18,01/18,2024-01-18T00:00:00,4,18,HH-F14,1kg Raisin Muesli,10,Hypermarket,4.38,EUR
427,.1~428,428,H2,01,18,01/18,2024-01-18T00:00:00,4,18,HH-F14,1kg Raisin Muesli,12,Grocery chains,6.38,EUR
428,.1~429,429,H2,01,18,01/18,2024-01-18T00:00:00,4,18,HH-F15,1kg Original Muesli,10,Hypermarket,4.35,EUR
429,.1~430,430,H2,01,18,01/18,2024-01-18T00:00:00,4,18,HH-F15,1kg Original Muesli,12,Grocery chains,6.35,EUR
430,.1~431,431,H2,01,18,01/18,2024-01-18T00:00:00,4,18,HH-F16,1kg Mixed Fruit Muesli,10,Hypermarket,5.06,EUR
431,.1~432,432,H2,01,18,01/18,2024-01-18T00:00:00,4,18,HH-F16,1kg Mixed Fruit Muesli,12,Grocery chains,7.06,EUR
432,.1~433,433,H2,01,19,01/19,2024-01-19T00:00:00,4,19,HH-F01,500g Nut Muesli,12,Grocery chains,5.90,EUR
433,.1~434,434,H2,01,19,01/19,2024-01-19T00:00:00,4,19,HH-F01,500g Nut Muesli,14,Indept. grocers,5.90,EUR
434,.1~435,435,H2,01,19,01/19,2024-01-19T00:00:00,4,19,HH-F02,500g Blueberry Muesli,12,Grocery chains,6.23,EUR
435,.1~436,436,H2,01,19,01/19,2024-01-19T00:00:00,4,19,HH-F02,500g Blueberry Muesli,14,Indept. grocers,6.23,EUR
436,.1~437,437,H2,01,19,01/19,2024-01-19T00:00:00,4,19,HH-F03,500g Strawberry Muesli,12,Grocery chains,6.23,EUR
437,.1~438,438,H2,01,19,01/19,2024-01-19T00:00:00,4,19,HH-F03,500g Strawberry Muesli,14,Indept. grocers,6.23,EUR
438,.1~439,439,H2,01,19,01/19,2024-01-19T00:00:00,4,19,HH-F04,500g Raisin Muesli,12,Grocery chains,5.79,EUR
439,.1~440,440,H2,01,19,01/19,2024-01-19T00:00:00,4,19,HH-F04,500g Raisin Muesli,14,Indept. grocers,5.79,EUR
440,.1~441,441,H2,01,19,01/19,2024-01-19T00:00:00,4,19,HH-F05,500g Original Muesli,12,Grocery chains,5.77,EUR
441,.1~442,442,H2,01,19,01/19,2024-01-19T00:00:00,4,19,HH-F05,500g Original Muesli,14,Indept. grocers,5.77,EUR
442,.1~443,443,H2,01,19,01/19,2024-01-19T00:00:00,4,19,HH-F06,500g Mixed Fruit Muesli,12,Grocery chains,6.13,EUR
443,.1~444,444,H2,01,19,01/19,2024-01-19T00:00:00,4,19,HH-F06,500g Mixed Fruit Muesli,14,Indept. grocers,6.13,EUR
444,.1~445,445,H2,01,19,01/19,2024-01-19T00:00:00,4,19,HH-F11,1kg Nut Muesli,10,Hypermarket,4.61,EUR
445,.1~446,446,H2,01,19,01/19,2024-01-19T00:00:00,4,19,HH-F11,1kg Nut Muesli,12,Grocery chains,6.61,EUR
446,.1~447,447,H2,01,19,01/19,2024-01-19T00:00:00,4,19,HH-F12,1kg Blueberry Muesli,10,Hypermarket,5.26,EUR
447,.1~448,448,H2,01,19,01/19,2024-01-19T00:00:00,4,19,HH-F12,1kg Blueberry Muesli,12,Grocery chains,7.26,EUR
448,.1~449,449,H2,01,19,01/19,2024-01-19T00:00:00,4,19,HH-F13,1kg Strawberry Muesli,10,Hypermarket,5.27,EUR
449,.1~450,450,H2,01,19,01/19,2024-01-19T00:00:00,4,19,HH-F13,1kg Strawberry Muesli,12,Grocery chains,7.27,EUR
450,.1~451,451,H2,01,19,01/19,2024-01-19T00:00:00,4,19,HH-F14,1kg Raisin Muesli,10,Hypermarket,4.38,EUR
451,.1~452,452,H2,01,19,01/19,2024-01-19T00:00:00,4,19,HH-F14,1kg Raisin Muesli,12,Grocery chains,6.38,EUR
452,.1~453,453,H2,01,19,01/19,2024-01-19T00:00:00,4,19,HH-F15,1kg Original Muesli,10,Hypermarket,4.35,EUR
453,.1~454,454,H2,01,19,01/19,2024-01-19T00:00:00,4,19,HH-F15,1kg Original Muesli,12,Grocery chains,6.35,EUR
454,.1~455,455,H2,01,19,01/19,2024-01-19T00:00:00,4,19,HH-F16,1kg Mixed Fruit Muesli,10,Hypermarket,5.06,EUR
455,.1~456,456,H2,01,19,01/19,2024-01-19T00:00:00,4,19,HH-F16,1kg Mixed Fruit Muesli,12,Grocery chains,7.06,EUR
456,.1~457,457,H2,01,20,01/20,2024-01-20T00:00:00,4,20,HH-F01,500g Nut Muesli,12,Grocery chains,5.90,EUR
457,.1~458,458,H2,01,20,01/20,2024-01-20T00:00:00,4,20,HH-F01,500g Nut Muesli,14,Indept. grocers,5.90,EUR
458,.1~459,459,H2,01,20,01/20,2024-01-20T00:00:00,4,20,HH-F02,500g Blueberry Muesli,12,Grocery chains,6.23,EUR
459,.1~460,460,H2,01,20,01/20,2024-01-20T00:00:00,4,20,HH-F02,500g Blueberry Muesli,14,Indept. grocers,6.23,EUR
460,.1~461,461,H2,01,20,01/20,2024-01-20T00:00:00,4,20,HH-F03,500g Strawberry Muesli,12,Grocery chains,6.23,EUR
461,.1~462,462,H2,01,20,01/20,2024-01-20T00:00:00,4,20,HH-F03,500g Strawberry Muesli,14,Indept. grocers,6.23,EUR
462,.1~463,463,H2,01,20,01/20,2024-01-20T00:00:00,4,20,HH-F04,500g Raisin Muesli,12,Grocery chains,5.79,EUR
463,.1~464,464,H2,01,20,01/20,2024-01-20T00:00:00,4,20,HH-F04,500g Raisin Muesli,14,Indept. grocers,5.79,EUR
464,.1~465,465,H2,01,20,01/20,2024-01-20T00:00:00,4,20,HH-F05,500g Original Muesli,12,Grocery chains,5.77,EUR
465,.1~466,466,H2,01,20,01/20,2024-01-20T00:00:00,4,20,HH-F05,500g Original Muesli,14,Indept. grocers,5.77,EUR
466,.1~467,467,H2,01,20,01/20,2024-01-20T00:00:00,4,20,HH-F06,500g Mixed Fruit Muesli,12,Grocery chains,6.13,EUR
467,.1~468,468,H2,01,20,01/20,2024-01-20T00:00:00,4,20,HH-F06,500g Mixed Fruit Muesli,14,Indept. grocers,6.13,EUR
468,.1~469,469,H2,01,20,01/20,2024-01-20T00:00:00,4,20,HH-F11,1kg Nut Muesli,10,Hypermarket,4.61,EUR
469,.1~470,470,H2,01,20,01/20,2024-01-20T00:00:00,4,20,HH-F11,1kg Nut Muesli,12,Grocery chains,6.61,EUR
470,.1~471,471,H2,01,20,01/20,2024-01-20T00:00:00,4,20,HH-F12,1kg Blueberry Muesli,10,Hypermarket,5.26,EUR
471,.1~472,472,H2,01,20,01/20,2024-01-20T00:00:00,4,20,HH-F12,1kg Blueberry Muesli,12,Grocery chains,7.26,EUR
472,.1~473,473,H2,01,20,01/20,2024-01-20T00:00:00,4,20,HH-F13,1kg Strawberry Muesli,10,Hypermarket,5.27,EUR
473,.1~474,474,H2,01,20,01/20,2024-01-20T00:00:00,4,20,HH-F13,1kg Strawberry Muesli,12,Grocery chains,7.27,EUR
474,.1~475,475,H2,01,20,01/20,2024-01-20T00:00:00,4,20,HH-F14,1kg Raisin Muesli,10,Hypermarket,4.38,EUR
475,.1~476,476,H2,01,20,01/20,2024-01-20T00:00:00,4,20,HH-F14,1kg Raisin Muesli,12,Grocery chains,6.38,EUR
476,.1~477,477,H2,01,20,01/20,2024-01-20T00:00:00,4,20,HH-F15,1kg Original Muesli,10,Hypermarket,4.35,EUR
477,.1~478,478,H2,01,20,01/20,2024-01-20T00:00:00,4,20,HH-F15,1kg Original Muesli,12,Grocery chains,6.35,EUR
478,.1~479,479,H2,01,20,01/20,2024-01-20T00:00:00,4,20,HH-F16,1kg Mixed Fruit Muesli,10,Hypermarket,5.06,EUR
479,.1~480,480,H2,01,20,01/20,2024-01-20T00:00:00,4,20,HH-F16,1kg Mixed Fruit Muesli,12,Grocery chains,7.06,EUR
480,.1~481,481,H2,02,01,02/01,2024-01-21T00:00:00,5,21,HH-F01,500g Nut Muesli,12,Grocery chains,5.90,EUR
481,.1~482,482,H2,02,01,02/01,2024-01-21T00:00:00,5,21,HH-F01,500g Nut Muesli,14,Indept. grocers,5.90,EUR
482,.1~483,483,H2,02,01,02/01,2024-01-21T00:00:00,5,21,HH-F02,500g Blueberry Muesli,12,Grocery chains,6.23,EUR
483,.1~484,484,H2,02,01,02/01,2024-01-21T00:00:00,5,21,HH-F02,500g Blueberry Muesli,14,Indept. grocers,6.23,EUR
484,.1~485,485,H2,02,01,02/01,2024-01-21T00:00:00,5,21,HH-F03,500g Strawberry Muesli,12,Grocery chains,6.23,EUR
485,.1~486,486,H2,02,01,02/01,2024-01-21T00:00:00,5,21,HH-F03,500g Strawberry Muesli,14,Indept. grocers,6.23,EUR
486,.1~487,487,H2,02,01,02/01,2024-01-21T00:00:00,5,21,HH-F04,500g Raisin Muesli,12,Grocery chains,5.79,EUR
487,.1~488,488,H2,02,01,02/01,2024-01-21T00:00:00,5,21,HH-F04,500g Raisin Muesli,14,Indept. grocers,5.79,EUR
488,.1~489,489,H2,02,01,02/01,2024-01-21T00:00:00,5,21,HH-F05,500g Original Muesli,12,Grocery chains,5.77,EUR
489,.1~490,490,H2,02,01,02/01,2024-01-21T00:00:00,5,21,HH-F05,500g Original Muesli,14,Indept. grocers,5.77,EUR
490,.1~491,491,H2,02,01,02/01,2024-01-21T00:00:00,5,21,HH-F06,500g Mixed Fruit Muesli,12,Grocery chains,6.13,EUR
491,.1~492,492,H2,02,01,02/01,2024-01-21T00:00:00,5,21,HH-F06,500g Mixed Fruit Muesli,14,Indept. grocers,6.13,EUR
492,.1~493,493,H2,02,01,02/01,2024-01-21T00:00:00,5,21,HH-F11,1kg Nut Muesli,10,Hypermarket,4.61,EUR
493,.1~494,494,H2,02,01,02/01,2024-01-21T00:00:00,5,21,HH-F11,1kg Nut Muesli,12,Grocery chains,6.61,EUR
494,.1~495,495,H2,02,01,02/01,2024-01-21T00:00:00,5,21,HH-F12,1kg Blueberry Muesli,10,Hypermarket,5.26,EUR
495,.1~496,496,H2,02,01,02/01,2024-01-21T00:00:00,5,21,HH-F12,1kg Blueberry Muesli,12,Grocery chains,7.26,EUR
496,.1~497,497,H2,02,01,02/01,2024-01-21T00:00:00,5,21,HH-F13,1kg Strawberry Muesli,10,Hypermarket,5.27,EUR
497,.1~498,498,H2,02,01,02/01,2024-01-21T00:00:00,5,21,HH-F13,1kg Strawberry Muesli,12,Grocery chains,7.27,EUR
498,.1~499,499,H2,02,01,02/01,2024-01-21T00:00:00,5,21,HH-F14,1kg Raisin Muesli,10,Hypermarket,4.38,EUR
499,.1~500,500,H2,02,01,02/01,2024-01-21T00:00:00,5,21,HH-F14,1kg Raisin Muesli,12,Grocery chains,6.38,EUR
500,.1~501,501,H2,02,01,02/01,2024-01-21T00:00:00,5,21,HH-F15,1kg Original Muesli,10,Hypermarket,4.35,EUR
501,.1~502,502,H2,02,01,02/01,2024-01-21T00:00:00,5,21,HH-F15,1kg Original Muesli,12,Grocery chains,6.35,EUR
502,.1~503,503,H2,02,01,02/01,2024-01-21T00:00:00,5,21,HH-F16,1kg Mixed Fruit Muesli,10,Hypermarket,5.06,EUR
503,.1~504,504,H2,02,01,02/01,2024-01-21T00:00:00,5,21,HH-F16,1kg Mixed Fruit Muesli,12,Grocery chains,7.06,EUR
