,ID,ROW_ID,COMPANY_CODE,SIM_ROUND,SIM_STEP,SIM_DATE,SIM_CALENDAR_DATE,SIM_PERIOD,SIM_ELAPSED_STEPS,MATERIAL_NUMBER,MATERIAL_DESCRIPTION,MATERIAL_SIZE,MATERIAL_LABEL,MATERIAL_CODE,YIELD,UNIT
0,.1~126,126,H2,01,11,01/11,2024-01-11T00:00:00,3,11,HH-F12,1kg Blueberry Muesli,1kg,Blueberry Muesli,F12,0,ST
1,.1~39,39,H2,01,04,01/04,2024-01-04T00:00:00,1,4,HH-F12,1kg Blueberry Muesli,1kg,Blueberry Muesli,F12,0,ST
2,.1~153,153,H2,01,13,01/13,2024-01-13T00:00:00,3,13,HH-F12,1kg Blueberry Muesli,1kg,Blueberry Muesli,F12,0,ST
3,.1~163,163,H2,01,14,01/14,2024-01-14T00:00:00,3,14,HH-F12,1kg Blueberry Muesli,1kg,Blueberry Muesli,F12,0,ST
4,.1~34,34,H2,01,03,01/03,2024-01-03T00:00:00,1,3,HH-F12,1kg Blueberry Muesli,1kg,Blueberry Muesli,F12,0,ST
5,.1~58,58,H2,01,05,01/05,2024-01-05T00:00:00,1,5,HH-F12,1kg Blueberry Muesli,1kg,Blueberry Muesli,F12,0,ST
6,.1~110,110,H2,01,10,01/10,2024-01-10T00:00:00,2,10,HH-F12,1kg Blueberry Muesli,1kg,Blueberry Muesli,F12,0,ST
7,.1~177,177,H2,01,15,01/15,2024-01-15T00:00:00,3,15,HH-F12,1kg Blueberry Muesli,1kg,Blueberry Muesli,F12,0,ST
8,.1~103,103,H2,01,09,01/09,2024-01-09T00:00:00,2,9,HH-F12,1kg Blueberry Muesli,1kg,Blueberry Muesli,F12,0,ST
9,.1~24,24,H2,01,02,01/02,2024-01-02T00:00:00,1,2,HH-F12,1kg Blueberry Muesli,1kg,Blueberry Muesli,F12,0,ST
10,.1~134,134,H2,01,12,01/12,2024-01-12T00:00:00,3,12,HH-F12,1kg Blueberry Muesli,1kg,Blueberry Muesli,F12,0,ST
11,.1~191,191,H2,01,16,01/16,2024-01-16T00:00:00,4,16,HH-F12,1kg Blueberry Muesli,1kg,Blueberry Muesli,F12,0,ST
12,.1~203,203,H2,01,17,01/17,2024-01-17T00:00:00,4,17,HH-F12,1kg Blueberry Muesli,1kg,Blueberry Muesli,F12,0,ST
13,.1~219,219,H2,01,19,01/19,2024-01-19T00:00:00,4,19,HH-F12,1kg Blueberry Muesli,1kg,Blueberry Muesli,F12,0,ST
14,.1~88,88,H2,01,08,01/08,2024-01-08T00:00:00,2,8,HH-F12,1kg Blueberry Muesli,1kg,Blueberry Muesli,F12,0,ST
15,.1~65,65,H2,01,06,01/06,2024-01-06T00:00:00,2,6,HH-F12,1kg Blueberry Muesli,1kg,Blueberry Muesli,F12,0,ST
16,.1~235,235,H2,01,20,01/20,2024-01-20T00:00:00,4,20,HH-F12,1kg Blueberry Muesli,1kg,Blueberry Muesli,F12,0,ST
17,.1~77,77,H2,01,07,01/07,2024-01-07T00:00:00,2,7,HH-F12,1kg Blueberry Muesli,1kg,Blueberry Muesli,F12,0,ST
18,.1~212,212,H2,01,18,01/18,2024-01-18T00:00:00,4,18,HH-F12,1kg Blueberry Muesli,1kg,Blueberry Muesli,F12,0,ST
19,.1~5,5,H2,01,01,01/01,2024-01-01T00:00:00,1,1,HH-F12,1kg Blueberry Muesli,1kg,Blueberry Muesli,F12,0,ST
20,.1~114,114,H2,01,10,01/10,2024-01-10T00:00:00,2,10,HH-F16,1kg Mixed Fruit Muesli,1kg,Mixed Fruit Muesli,F16,0,ST
21,.1~28,28,H2,01,03,01/03,2024-01-03T00:00:00,1,3,HH-F16,1kg Mixed Fruit Muesli,1kg,Mixed Fruit Muesli,F16,0,ST
22,.1~171,171,H2,01,15,01/15,2024-01-15T00:00:00,3,15,HH-F16,1kg Mixed Fruit Muesli,1kg,Mixed Fruit Muesli,F16,0,ST
23,.1~185,185,H2,01,16,01/16,2024-01-16T00:00:00,4,16,HH-F16,1kg Mixed Fruit Muesli,1kg,Mixed Fruit Muesli,F16,0,ST
24,.1~104,104,H2,01,09,01/09,2024-01-09T00:00:00,2,9,HH-F16,1kg Mixed Fruit Muesli,1kg,Mixed Fruit Muesli,F16,0,ST
25,.1~57,57,H2,01,05,01/05,2024-01-05T00:00:00,1,5,HH-F16,1kg Mixed Fruit Muesli,1kg,Mixed Fruit Muesli,F16,0,ST
26,.1~194,194,H2,01,17,01/17,2024-01-17T00:00:00,4,17,HH-F16,1kg Mixed Fruit Muesli,1kg,Mixed Fruit Muesli,F16,0,ST
27,.1~158,158,H2,01,14,01/14,2024-01-14T00:00:00,3,14,HH-F16,1kg Mixed Fruit Muesli,1kg,Mixed Fruit Muesli,F16,0,ST
28,.1~90,90,H2,01,08,01/08,2024-01-08T00:00:00,2,8,HH-F16,1kg Mixed Fruit Muesli,1kg,Mixed Fruit Muesli,F16,0,ST
29,.1~124,124,H2,01,11,01/11,2024-01-11T00:00:00,3,11,HH-F16,1kg Mixed Fruit Muesli,1kg,Mixed Fruit Muesli,F16,0,ST
30,.1~15,15,H2,01,02,01/02,2024-01-02T00:00:00,1,2,HH-F16,1kg Mixed Fruit Muesli,1kg,Mixed Fruit Muesli,F16,0,ST
31,.1~208,208,H2,01,18,01/18,2024-01-18T00:00:00,4,18,HH-F16,1kg Mixed Fruit Muesli,1kg,Mixed Fruit Muesli,F16,0,ST
32,.1~1,1,H2,01,01,01/01,2024-01-01T00:00:00,1,1,HH-F16,1kg Mixed Fruit Muesli,1kg,Mixed Fruit Muesli,F16,0,ST
33,.1~217,217,H2,01,19,01/19,2024-01-19T00:00:00,4,19,HH-F16,1kg Mixed Fruit Muesli,1kg,Mixed Fruit Muesli,F16,0,ST
34,.1~68,68,H2,01,06,01/06,2024-01-06T00:00:00,2,6,HH-F16,1kg Mixed Fruit Muesli,1kg,Mixed Fruit Muesli,F16,0,ST
35,.1~149,149,H2,01,13,01/13,2024-01-13T00:00:00,3,13,HH-F16,1kg Mixed Fruit Muesli,1kg,Mixed Fruit Muesli,F16,0,ST
36,.1~43,43,H2,01,04,01/04,2024-01-04T00:00:00,1,4,HH-F16,1kg Mixed Fruit Muesli,1kg,Mixed Fruit Muesli,F16,0,ST
37,.1~229,229,H2,01,20,01/20,2024-01-20T00:00:00,4,20,HH-F16,1kg Mixed Fruit Muesli,1kg,Mixed Fruit Muesli,F16,0,ST
38,.1~137,137,H2,01,12,01/12,2024-01-12T00:00:00,3,12,HH-F16,1kg Mixed Fruit Muesli,1kg,Mixed Fruit Muesli,F16,0,ST
39,.1~82,82,H2,01,07,01/07,2024-01-07T00:00:00,2,7,HH-F16,1kg Mixed Fruit Muesli,1kg,Mixed Fruit Muesli,F16,0,ST
40,.1~146,146,H2,01,13,01/13,2024-01-13T00:00:00,3,13,HH-F11,1kg Nut Muesli,1kg,Nut Muesli,F11,0,ST
41,.1~142,142,H2,01,12,01/12,2024-01-12T00:00:00,3,12,HH-F11,1kg Nut Muesli,1kg,Nut Muesli,F11,0,ST
42,.1~80,80,H2,01,07,01/07,2024-01-07T00:00:00,2,7,HH-F11,1kg Nut Muesli,1kg,Nut Muesli,F11,0,ST
43,.1~47,47,H2,01,04,01/04,2024-01-04T00:00:00,1,4,HH-F11,1kg Nut Muesli,1kg,Nut Muesli,F11,0,ST
44,.1~232,232,H2,01,20,01/20,2024-01-20T00:00:00,4,20,HH-F11,1kg Nut Muesli,1kg,Nut Muesli,F11,0,ST
45,.1~122,122,H2,01,11,01/11,2024-01-11T00:00:00,3,11,HH-F11,1kg Nut Muesli,1kg,Nut Muesli,F11,0,ST
46,.1~160,160,H2,01,14,01/14,2024-01-14T00:00:00,3,14,HH-F11,1kg Nut Muesli,1kg,Nut Muesli,F11,0,ST
47,.1~6,6,H2,01,01,01/01,2024-01-01T00:00:00,1,1,HH-F11,1kg Nut Muesli,1kg,Nut Muesli,F11,0,ST
48,.1~31,31,H2,01,03,01/03,2024-01-03T00:00:00,1,3,HH-F11,1kg Nut Muesli,1kg,Nut Muesli,F11,0,ST
49,.1~56,56,H2,01,05,01/05,2024-01-05T00:00:00,1,5,HH-F11,1kg Nut Muesli,1kg,Nut Muesli,F11,0,ST
50,.1~170,170,H2,01,15,01/15,2024-01-15T00:00:00,3,15,HH-F11,1kg Nut Muesli,1kg,Nut Muesli,F11,0,ST
51,.1~209,209,H2,01,18,01/18,2024-01-18T00:00:00,4,18,HH-F11,1kg Nut Muesli,1kg,Nut Muesli,F11,0,ST
52,.1~14,14,H2,01,02,01/02,2024-01-02T00:00:00,1,2,HH-F11,1kg Nut Muesli,1kg,Nut Muesli,F11,0,ST
53,.1~196,196,H2,01,17,01/17,2024-01-17T00:00:00,4,17,HH-F11,1kg Nut Muesli,1kg,Nut Muesli,F11,0,ST
54,.1~64,64,H2,01,06,01/06,2024-01-06T00:00:00,2,6,HH-F11,1kg Nut Muesli,1kg,Nut Muesli,F11,0,ST
55,.1~89,89,H2,01,08,01/08,2024-01-08T00:00:00,2,8,HH-F11,1kg Nut Muesli,1kg,Nut Muesli,F11,0,ST
56,.1~188,188,H2,01,16,01/16,2024-01-16T00:00:00,4,16,HH-F11,1kg Nut Muesli,1kg,Nut Muesli,F11,0,ST
57,.1~107,107,H2,01,09,01/09,2024-01-09T00:00:00,2,9,HH-F11,1kg Nut Muesli,1kg,Nut Muesli,F11,0,ST
58,.1~218,218,H2,01,19,01/19,2024-01-19T00:00:00,4,19,HH-F11,1kg Nut Muesli,1kg,Nut Muesli,F11,0,ST
59,.1~112,112,H2,01,10,01/10,2024-01-10T00:00:00,2,10,HH-F11,1kg Nut Muesli,1kg,Nut Muesli,F11,0,ST
60,.1~135,135,H2,01,12,01/12,2024-01-12T00:00:00,3,12,HH-F15,1kg Original Muesli,1kg,Original Muesli,F15,0,ST
61,.1~49,49,H2,01,05,01/05,2024-01-05T00:00:00,1,5,HH-F15,1kg Original Muesli,1kg,Original Muesli,F15,0,ST
62,.1~45,45,H2,01,04,01/04,2024-01-04T00:00:00,1,4,HH-F15,1kg Original Muesli,1kg,Original Muesli,F15,0,ST
63,.1~169,169,H2,01,15,01/15,2024-01-15T00:00:00,3,15,HH-F15,1kg Original Muesli,1kg,Original Muesli,F15,0,ST
64,.1~33,33,H2,01,03,01/03,2024-01-03T00:00:00,1,3,HH-F15,1kg Original Muesli,1kg,Original Muesli,F15,0,ST
65,.1~115,115,H2,01,10,01/10,2024-01-10T00:00:00,2,10,HH-F15,1kg Original Muesli,1kg,Original Muesli,F15,0,ST
66,.1~162,162,H2,01,14,01/14,2024-01-14T00:00:00,3,14,HH-F15,1kg Original Muesli,1kg,Original Muesli,F15,0,ST
67,.1~129,129,H2,01,11,01/11,2024-01-11T00:00:00,3,11,HH-F15,1kg Original Muesli,1kg,Original Muesli,F15,0,ST
68,.1~152,152,H2,01,13,01/13,2024-01-13T00:00:00,3,13,HH-F15,1kg Original Muesli,1kg,Original Muesli,F15,0,ST
69,.1~2,2,H2,01,01,01/01,2024-01-01T00:00:00,1,1,HH-F15,1kg Original Muesli,1kg,Original Muesli,F15,0,ST
70,.1~102,102,H2,01,09,01/09,2024-01-09T00:00:00,2,9,HH-F15,1kg Original Muesli,1kg,Original Muesli,F15,0,ST
71,.1~190,190,H2,01,16,01/16,2024-01-16T00:00:00,4,16,HH-F15,1kg Original Muesli,1kg,Original Muesli,F15,0,ST
72,.1~73,73,H2,01,07,01/07,2024-01-07T00:00:00,2,7,HH-F15,1kg Original Muesli,1kg,Original Muesli,F15,0,ST
73,.1~198,198,H2,01,17,01/17,2024-01-17T00:00:00,4,17,HH-F15,1kg Original Muesli,1kg,Original Muesli,F15,0,ST
74,.1~18,18,H2,01,02,01/02,2024-01-02T00:00:00,1,2,HH-F15,1kg Original Muesli,1kg,Original Muesli,F15,0,ST
75,.1~206,206,H2,01,18,01/18,2024-01-18T00:00:00,4,18,HH-F15,1kg Original Muesli,1kg,Original Muesli,F15,0,ST
76,.1~237,237,H2,01,20,01/20,2024-01-20T00:00:00,4,20,HH-F15,1kg Original Muesli,1kg,Original Muesli,F15,0,ST
77,.1~86,86,H2,01,08,01/08,2024-01-08T00:00:00,2,8,HH-F15,1kg Original Muesli,1kg,Original Muesli,F15,0,ST
78,.1~67,67,H2,01,06,01/06,2024-01-06T00:00:00,2,6,HH-F15,1kg Original Muesli,1kg,Original Muesli,F15,0,ST
79,.1~224,224,H2,01,19,01/19,2024-01-19T00:00:00,4,19,HH-F15,1kg Original Muesli,1kg,Original Muesli,F15,0,ST
80,.1~79,79,H2,01,07,01/07,2024-01-07T00:00:00,2,7,HH-F14,1kg Raisin Muesli,1kg,Raisin Muesli,F14,0,ST
81,.1~51,51,H2,01,05,01/05,2024-01-05T00:00:00,1,5,HH-F14,1kg Raisin Muesli,1kg,Raisin Muesli,F14,0,ST
82,.1~66,66,H2,01,06,01/06,2024-01-06T00:00:00,2,6,HH-F14,1kg Raisin Muesli,1kg,Raisin Muesli,F14,0,ST
83,.1~125,125,H2,01,11,01/11,2024-01-11T00:00:00,3,11,HH-F14,1kg Raisin Muesli,1kg,Raisin Muesli,F14,0,ST
84,.1~91,91,H2,01,08,01/08,2024-01-08T00:00:00,2,8,HH-F14,1kg Raisin Muesli,1kg,Raisin Muesli,F14,0,ST
85,.1~101,101,H2,01,09,01/09,2024-01-09T00:00:00,2,9,HH-F14,1kg Raisin Muesli,1kg,Raisin Muesli,F14,0,ST
86,.1~109,109,H2,01,10,01/10,2024-01-10T00:00:00,2,10,HH-F14,1kg Raisin Muesli,1kg,Raisin Muesli,F14,0,ST
87,.1~3,3,H2,01,01,01/01,2024-01-01T00:00:00,1,1,HH-F14,1kg Raisin Muesli,1kg,Raisin Muesli,F14,0,ST
88,.1~231,231,H2,01,20,01/20,2024-01-20T00:00:00,4,20,HH-F14,1kg Raisin Muesli,1kg,Raisin Muesli,F14,0,ST
89,.1~227,227,H2,01,19,01/19,2024-01-19T00:00:00,4,19,HH-F14,1kg Raisin Muesli,1kg,Raisin Muesli,F14,0,ST
90,.1~210,210,H2,01,18,01/18,2024-01-18T00:00:00,4,18,HH-F14,1kg Raisin Muesli,1kg,Raisin Muesli,F14,0,ST
91,.1~193,193,H2,01,17,01/17,2024-01-17T00:00:00,4,17,HH-F14,1kg Raisin Muesli,1kg,Raisin Muesli,F14,0,ST
92,.1~22,22,H2,01,02,01/02,2024-01-02T00:00:00,1,2,HH-F14,1kg Raisin Muesli,1kg,Raisin Muesli,F14,0,ST
93,.1~189,189,H2,01,16,01/16,2024-01-16T00:00:00,4,16,HH-F14,1kg Raisin Muesli,1kg,Raisin Muesli,F14,0,ST
94,.1~174,174,H2,01,15,01/15,2024-01-15T00:00:00,3,15,HH-F14,1kg Raisin Muesli,1kg,Raisin Muesli,F14,0,ST
95,.1~32,32,H2,01,03,01/03,2024-01-03T00:00:00,1,3,HH-F14,1kg Raisin Muesli,1kg,Raisin Muesli,F14,0,ST
96,.1~133,133,H2,01,12,01/12,2024-01-12T00:00:00,3,12,HH-F14,1kg Raisin Muesli,1kg,Raisin Muesli,F14,0,ST
97,.1~150,150,H2,01,13,01/13,2024-01-13T00:00:00,3,13,HH-F14,1kg Raisin Muesli,1kg,Raisin Muesli,F14,0,ST
98,.1~38,38,H2,01,04,01/04,2024-01-04T00:00:00,1,4,HH-F14,1kg Raisin Muesli,1kg,Raisin Muesli,F14,0,ST
99,.1~166,166,H2,01,14,01/14,2024-01-14T00:00:00,3,14,HH-F14,1kg Raisin Muesli,1kg,Raisin Muesli,F14,0,ST
100,.1~186,186,H2,01,16,01/16,2024-01-16T00:00:00,4,16,HH-F13,1kg Strawberry Muesli,1kg,Strawberry Muesli,F13,0,ST
101,.1~157,157,H2,01,14,01/14,2024-01-14T00:00:00,3,14,HH-F13,1kg Strawberry Muesli,1kg,Strawberry Muesli,F13,0,ST
102,.1~117,117,H2,01,10,01/10,2024-01-10T00:00:00,2,10,HH-F13,1kg Strawberry Muesli,1kg,Strawberry Muesli,F13,0,ST
103,.1~99,99,H2,01,09,01/09,2024-01-09T00:00:00,2,9,HH-F13,1kg Strawberry Muesli,1kg,Strawberry Muesli,F13,0,ST
104,.1~173,173,H2,01,15,01/15,2024-01-15T00:00:00,3,15,HH-F13,1kg Strawberry Muesli,1kg,Strawberry Muesli,F13,0,ST
105,.1~200,200,H2,01,17,01/17,2024-01-17T00:00:00,4,17,HH-F13,1kg Strawberry Muesli,1kg,Strawberry Muesli,F13,0,ST
106,.1~148,148,H2,01,13,01/13,2024-01-13T00:00:00,3,13,HH-F13,1kg Strawberry Muesli,1kg,Strawberry Muesli,F13,0,ST
107,.1~215,215,H2,01,18,01/18,2024-01-18T00:00:00,4,18,HH-F13,1kg Strawberry Muesli,1kg,Strawberry Muesli,F13,0,ST
108,.1~222,222,H2,01,19,01/19,2024-01-19T00:00:00,4,19,HH-F13,1kg Strawberry Muesli,1kg,Strawberry Muesli,F13,0,ST
109,.1~130,130,H2,01,11,01/11,2024-01-11T00:00:00,3,11,HH-F13,1kg Strawberry Muesli,1kg,Strawberry Muesli,F13,0,ST
110,.1~85,85,H2,01,08,01/08,2024-01-08T00:00:00,2,8,HH-F13,1kg Strawberry Muesli,1kg,Strawberry Muesli,F13,0,ST
111,.1~136,136,H2,01,12,01/12,2024-01-12T00:00:00,3,12,HH-F13,1kg Strawberry Muesli,1kg,Strawberry Muesli,F13,0,ST
112,.1~81,81,H2,01,07,01/07,2024-01-07T00:00:00,2,7,HH-F13,1kg Strawberry Muesli,1kg,Strawberry Muesli,F13,0,ST
113,.1~240,240,H2,01,20,01/20,2024-01-20T00:00:00,4,20,HH-F13,1kg Strawberry Muesli,1kg,Strawberry Muesli,F13,0,ST
114,.1~13,13,H2,01,02,01/02,2024-01-02T00:00:00,1,2,HH-F13,1kg Strawberry Muesli,1kg,Strawberry Muesli,F13,0,ST
115,.1~62,62,H2,01,06,01/06,2024-01-06T00:00:00,2,6,HH-F13,1kg Strawberry Muesli,1kg,Strawberry Muesli,F13,0,ST
116,.1~29,29,H2,01,03,01/03,2024-01-03T00:00:00,1,3,HH-F13,1kg Strawberry Muesli,1kg,Strawberry Muesli,F13,0,ST
117,.1~53,53,H2,01,05,01/05,2024-01-05T00:00:00,1,5,HH-F13,1kg Strawberry Muesli,1kg,Strawberry Muesli,F13,0,ST
118,.1~42,42,H2,01,04,01/04,2024-01-04T00:00:00,1,4,HH-F13,1kg Strawberry Muesli,1kg,Strawberry Muesli,F13,0,ST
119,.1~4,4,H2,01,01,01/01,2024-01-01T00:00:00,1,1,HH-F13,1kg Strawberry Muesli,1kg,Strawberry Muesli,F13,0,ST
120,.1~223,223,H2,01,19,01/19,2024-01-19T00:00:00,4,19,HH-F02,500g Blueberry Muesli,500g,Blueberry Muesli,F02,0,ST
121,.1~120,120,H2,01,10,01/10,2024-01-10T00:00:00,2,10,HH-F02,500g Blueberry Muesli,500g,Blueberry Muesli,F02,1.6E4,ST
122,.1~161,161,H2,01,14,01/14,2024-01-14T00:00:00,3,14,HH-F02,500g Blueberry Muesli,500g,Blueberry Muesli,F02,0,ST
123,.1~35,35,H2,01,03,01/03,2024-01-03T00:00:00,1,3,HH-F02,500g Blueberry Muesli,500g,Blueberry Muesli,F02,0,ST
124,.1~69,69,H2,01,06,01/06,2024-01-06T00:00:00,2,6,HH-F02,500g Blueberry Muesli,500g,Blueberry Muesli,F02,0,ST
125,.1~11,11,H2,01,01,01/01,2024-01-01T00:00:00,1,1,HH-F02,500g Blueberry Muesli,500g,Blueberry Muesli,F02,0,ST
126,.1~46,46,H2,01,04,01/04,2024-01-04T00:00:00,1,4,HH-F02,500g Blueberry Muesli,500g,Blueberry Muesli,F02,0,ST
127,.1~78,78,H2,01,07,01/07,2024-01-07T00:00:00,2,7,HH-F02,500g Blueberry Muesli,500g,Blueberry Muesli,F02,0,ST
128,.1~55,55,H2,01,05,01/05,2024-01-05T00:00:00,1,5,HH-F02,500g Blueberry Muesli,500g,Blueberry Muesli,F02,0,ST
129,.1~230,230,H2,01,20,01/20,2024-01-20T00:00:00,4,20,HH-F02,500g Blueberry Muesli,500g,Blueberry Muesli,F02,0,ST
130,.1~172,172,H2,01,15,01/15,2024-01-15T00:00:00,3,15,HH-F02,500g Blueberry Muesli,500g,Blueberry Muesli,F02,0,ST
131,.1~184,184,H2,01,16,01/16,2024-01-16T00:00:00,4,16,HH-F02,500g Blueberry Muesli,500g,Blueberry Muesli,F02,0,ST
132,.1~145,145,H2,01,13,01/13,2024-01-13T00:00:00,3,13,HH-F02,500g Blueberry Muesli,500g,Blueberry Muesli,F02,0,ST
133,.1~108,108,H2,01,09,01/09,2024-01-09T00:00:00,2,9,HH-F02,500g Blueberry Muesli,500g,Blueberry Muesli,F02,2.4E4,ST
134,.1~205,205,H2,01,18,01/18,2024-01-18T00:00:00,4,18,HH-F02,500g Blueberry Muesli,500g,Blueberry Muesli,F02,0,ST
135,.1~96,96,H2,01,08,01/08,2024-01-08T00:00:00,2,8,HH-F02,500g Blueberry Muesli,500g,Blueberry Muesli,F02,2.4E4,ST
136,.1~127,127,H2,01,11,01/11,2024-01-11T00:00:00,3,11,HH-F02,500g Blueberry Muesli,500g,Blueberry Muesli,F02,0,ST
137,.1~17,17,H2,01,02,01/02,2024-01-02T00:00:00,1,2,HH-F02,500g Blueberry Muesli,500g,Blueberry Muesli,F02,0,ST
138,.1~199,199,H2,01,17,01/17,2024-01-17T00:00:00,4,17,HH-F02,500g Blueberry Muesli,500g,Blueberry Muesli,F02,0,ST
139,.1~141,141,H2,01,12,01/12,2024-01-12T00:00:00,3,12,HH-F02,500g Blueberry Muesli,500g,Blueberry Muesli,F02,0,ST
140,.1~164,164,H2,01,14,01/14,2024-01-14T00:00:00,3,14,HH-F06,500g Mixed Fruit Muesli,500g,Mixed Fruit Muesli,F06,0,ST
141,.1~183,183,H2,01,16,01/16,2024-01-16T00:00:00,4,16,HH-F06,500g Mixed Fruit Muesli,500g,Mixed Fruit Muesli,F06,0,ST
142,.1~154,154,H2,01,13,01/13,2024-01-13T00:00:00,3,13,HH-F06,500g Mixed Fruit Muesli,500g,Mixed Fruit Muesli,F06,0,ST
143,.1~26,26,H2,01,03,01/03,2024-01-03T00:00:00,1,3,HH-F06,500g Mixed Fruit Muesli,500g,Mixed Fruit Muesli,F06,0,ST
144,.1~7,7,H2,01,01,01/01,2024-01-01T00:00:00,1,1,HH-F06,500g Mixed Fruit Muesli,500g,Mixed Fruit Muesli,F06,0,ST
145,.1~216,216,H2,01,18,01/18,2024-01-18T00:00:00,4,18,HH-F06,500g Mixed Fruit Muesli,500g,Mixed Fruit Muesli,F06,2.4E4,ST
146,.1~233,233,H2,01,20,01/20,2024-01-20T00:00:00,4,20,HH-F06,500g Mixed Fruit Muesli,500g,Mixed Fruit Muesli,F06,0,ST
147,.1~176,176,H2,01,15,01/15,2024-01-15T00:00:00,3,15,HH-F06,500g Mixed Fruit Muesli,500g,Mixed Fruit Muesli,F06,0,ST
148,.1~228,228,H2,01,19,01/19,2024-01-19T00:00:00,4,19,HH-F06,500g Mixed Fruit Muesli,500g,Mixed Fruit Muesli,F06,1.6E4,ST
149,.1~19,19,H2,01,02,01/02,2024-01-02T00:00:00,1,2,HH-F06,500g Mixed Fruit Muesli,500g,Mixed Fruit Muesli,F06,0,ST
150,.1~204,204,H2,01,17,01/17,2024-01-17T00:00:00,4,17,HH-F06,500g Mixed Fruit Muesli,500g,Mixed Fruit Muesli,F06,2.4E4,ST
151,.1~139,139,H2,01,12,01/12,2024-01-12T00:00:00,3,12,HH-F06,500g Mixed Fruit Muesli,500g,Mixed Fruit Muesli,F06,0,ST
152,.1~44,44,H2,01,04,01/04,2024-01-04T00:00:00,1,4,HH-F06,500g Mixed Fruit Muesli,500g,Mixed Fruit Muesli,F06,0,ST
153,.1~54,54,H2,01,05,01/05,2024-01-05T00:00:00,1,5,HH-F06,500g Mixed Fruit Muesli,500g,Mixed Fruit Muesli,F06,0,ST
154,.1~113,113,H2,01,10,01/10,2024-01-10T00:00:00,2,10,HH-F06,500g Mixed Fruit Muesli,500g,Mixed Fruit Muesli,F06,0,ST
155,.1~128,128,H2,01,11,01/11,2024-01-11T00:00:00,3,11,HH-F06,500g Mixed Fruit Muesli,500g,Mixed Fruit Muesli,F06,0,ST
156,.1~106,106,H2,01,09,01/09,2024-01-09T00:00:00,2,9,HH-F06,500g Mixed Fruit Muesli,500g,Mixed Fruit Muesli,F06,0,ST
157,.1~63,63,H2,01,06,01/06,2024-01-06T00:00:00,2,6,HH-F06,500g Mixed Fruit Muesli,500g,Mixed Fruit Muesli,F06,0,ST
158,.1~75,75,H2,01,07,01/07,2024-01-07T00:00:00,2,7,HH-F06,500g Mixed Fruit Muesli,500g,Mixed Fruit Muesli,F06,0,ST
159,.1~87,87,H2,01,08,01/08,2024-01-08T00:00:00,2,8,HH-F06,500g Mixed Fruit Muesli,500g,Mixed Fruit Muesli,F06,0,ST
160,.1~72,72,H2,01,06,01/06,2024-01-06T00:00:00,2,6,HH-F01,500g Nut Muesli,500g,Nut Muesli,F01,2.4E4,ST
161,.1~239,239,H2,01,20,01/20,2024-01-20T00:00:00,4,20,HH-F01,500g Nut Muesli,500g,Nut Muesli,F01,0,ST
162,.1~84,84,H2,01,07,01/07,2024-01-07T00:00:00,2,7,HH-F01,500g Nut Muesli,500g,Nut Muesli,F01,1.6E4,ST
163,.1~48,48,H2,01,04,01/04,2024-01-04T00:00:00,1,4,HH-F01,500g Nut Muesli,500g,Nut Muesli,F01,0,ST
164,.1~138,138,H2,01,12,01/12,2024-01-12T00:00:00,3,12,HH-F01,500g Nut Muesli,500g,Nut Muesli,F01,0,ST
165,.1~123,123,H2,01,11,01/11,2024-01-11T00:00:00,3,11,HH-F01,500g Nut Muesli,500g,Nut Muesli,F01,0,ST
166,.1~155,155,H2,01,13,01/13,2024-01-13T00:00:00,3,13,HH-F01,500g Nut Muesli,500g,Nut Muesli,F01,0,ST
167,.1~118,118,H2,01,10,01/10,2024-01-10T00:00:00,2,10,HH-F01,500g Nut Muesli,500g,Nut Muesli,F01,0,ST
168,.1~165,165,H2,01,14,01/14,2024-01-14T00:00:00,3,14,HH-F01,500g Nut Muesli,500g,Nut Muesli,F01,0,ST
169,.1~27,27,H2,01,03,01/03,2024-01-03T00:00:00,1,3,HH-F01,500g Nut Muesli,500g,Nut Muesli,F01,0,ST
170,.1~175,175,H2,01,15,01/15,2024-01-15T00:00:00,3,15,HH-F01,500g Nut Muesli,500g,Nut Muesli,F01,0,ST
171,.1~187,187,H2,01,16,01/16,2024-01-16T00:00:00,4,16,HH-F01,500g Nut Muesli,500g,Nut Muesli,F01,0,ST
172,.1~60,60,H2,01,05,01/05,2024-01-05T00:00:00,1,5,HH-F01,500g Nut Muesli,500g,Nut Muesli,F01,2.4E4,ST
173,.1~20,20,H2,01,02,01/02,2024-01-02T00:00:00,1,2,HH-F01,500g Nut Muesli,500g,Nut Muesli,F01,0,ST
174,.1~202,202,H2,01,17,01/17,2024-01-17T00:00:00,4,17,HH-F01,500g Nut Muesli,500g,Nut Muesli,F01,0,ST
175,.1~97,97,H2,01,09,01/09,2024-01-09T00:00:00,2,9,HH-F01,500g Nut Muesli,500g,Nut Muesli,F01,0,ST
176,.1~207,207,H2,01,18,01/18,2024-01-18T00:00:00,4,18,HH-F01,500g Nut Muesli,500g,Nut Muesli,F01,0,ST
177,.1~92,92,H2,01,08,01/08,2024-01-08T00:00:00,2,8,HH-F01,500g Nut Muesli,500g,Nut Muesli,F01,0,ST
178,.1~12,12,H2,01,01,01/01,2024-01-01T00:00:00,1,1,HH-F01,500g Nut Muesli,500g,Nut Muesli,F01,0,ST
179,.1~221,221,H2,01,19,01/19,2024-01-19T00:00:00,4,19,HH-F01,500g Nut Muesli,500g,Nut Muesli,F01,0,ST
180,.1~37,37,H2,01,04,01/04,2024-01-04T00:00:00,1,4,HH-F05,500g Original Muesli,500g,Original Muesli,F05,0,ST
181,.1~159,159,H2,01,14,01/14,2024-01-14T00:00:00,3,14,HH-F05,500g Original Muesli,500g,Original Muesli,F05,0,ST
182,.1~119,119,H2,01,10,01/10,2024-01-10T00:00:00,2,10,HH-F05,500g Original Muesli,500g,Original Muesli,F05,0,ST
183,.1~236,236,H2,01,20,01/20,2024-01-20T00:00:00,4,20,HH-F05,500g Original Muesli,500g,Original Muesli,F05,0,ST
184,.1~220,220,H2,01,19,01/19,2024-01-19T00:00:00,4,19,HH-F05,500g Original Muesli,500g,Original Muesli,F05,0,ST
185,.1~30,30,H2,01,03,01/03,2024-01-03T00:00:00,1,3,HH-F05,500g Original Muesli,500g,Original Muesli,F05,0,ST
186,.1~179,179,H2,01,15,01/15,2024-01-15T00:00:00,3,15,HH-F05,500g Original Muesli,500g,Original Muesli,F05,0,ST
187,.1~181,181,H2,01,16,01/16,2024-01-16T00:00:00,4,16,HH-F05,500g Original Muesli,500g,Original Muesli,F05,0,ST
188,.1~214,214,H2,01,18,01/18,2024-01-18T00:00:00,4,18,HH-F05,500g Original Muesli,500g,Original Muesli,F05,0,ST
189,.1~61,61,H2,01,06,01/06,2024-01-06T00:00:00,2,6,HH-F05,500g Original Muesli,500g,Original Muesli,F05,0,ST
190,.1~23,23,H2,01,02,01/02,2024-01-02T00:00:00,1,2,HH-F05,500g Original Muesli,500g,Original Muesli,F05,0,ST
191,.1~95,95,H2,01,08,01/08,2024-01-08T00:00:00,2,8,HH-F05,500g Original Muesli,500g,Original Muesli,F05,0,ST
192,.1~98,98,H2,01,09,01/09,2024-01-09T00:00:00,2,9,HH-F05,500g Original Muesli,500g,Original Muesli,F05,0,ST
193,.1~201,201,H2,01,17,01/17,2024-01-17T00:00:00,4,17,HH-F05,500g Original Muesli,500g,Original Muesli,F05,0,ST
194,.1~8,8,H2,01,01,01/01,2024-01-01T00:00:00,1,1,HH-F05,500g Original Muesli,500g,Original Muesli,F05,0,ST
195,.1~76,76,H2,01,07,01/07,2024-01-07T00:00:00,2,7,HH-F05,500g Original Muesli,500g,Original Muesli,F05,0,ST
196,.1~151,151,H2,01,13,01/13,2024-01-13T00:00:00,3,13,HH-F05,500g Original Muesli,500g,Original Muesli,F05,0,ST
197,.1~140,140,H2,01,12,01/12,2024-01-12T00:00:00,3,12,HH-F05,500g Original Muesli,500g,Original Muesli,F05,0,ST
198,.1~131,131,H2,01,11,01/11,2024-01-11T00:00:00,3,11,HH-F05,500g Original Muesli,500g,Original Muesli,F05,0,ST
199,.1~50,50,H2,01,05,01/05,2024-01-05T00:00:00,1,5,HH-F05,500g Original Muesli,500g,Original Muesli,F05,0,ST
200,.1~143,143,H2,01,12,01/12,2024-01-12T00:00:00,3,12,HH-F04,500g Raisin Muesli,500g,Raisin Muesli,F04,0,ST
201,.1~71,71,H2,01,06,01/06,2024-01-06T00:00:00,2,6,HH-F04,500g Raisin Muesli,500g,Raisin Muesli,F04,0,ST
202,.1~192,192,H2,01,16,01/16,2024-01-16T00:00:00,4,16,HH-F04,500g Raisin Muesli,500g,Raisin Muesli,F04,1.6E4,ST
203,.1~105,105,H2,01,09,01/09,2024-01-09T00:00:00,2,9,HH-F04,500g Raisin Muesli,500g,Raisin Muesli,F04,0,ST
204,.1~197,197,H2,01,17,01/17,2024-01-17T00:00:00,4,17,HH-F04,500g Raisin Muesli,500g,Raisin Muesli,F04,0,ST
205,.1~147,147,H2,01,13,01/13,2024-01-13T00:00:00,3,13,HH-F04,500g Raisin Muesli,500g,Raisin Muesli,F04,0,ST
206,.1~180,180,H2,01,15,01/15,2024-01-15T00:00:00,3,15,HH-F04,500g Raisin Muesli,500g,Raisin Muesli,F04,2.4E4,ST
207,.1~83,83,H2,01,07,01/07,2024-01-07T00:00:00,2,7,HH-F04,500g Raisin Muesli,500g,Raisin Muesli,F04,0,ST
208,.1~16,16,H2,01,02,01/02,2024-01-02T00:00:00,1,2,HH-F04,500g Raisin Muesli,500g,Raisin Muesli,F04,0,ST
209,.1~59,59,H2,01,05,01/05,2024-01-05T00:00:00,1,5,HH-F04,500g Raisin Muesli,500g,Raisin Muesli,F04,0,ST
210,.1~111,111,H2,01,10,01/10,2024-01-10T00:00:00,2,10,HH-F04,500g Raisin Muesli,500g,Raisin Muesli,F04,0,ST
211,.1~93,93,H2,01,08,01/08,2024-01-08T00:00:00,2,8,HH-F04,500g Raisin Muesli,500g,Raisin Muesli,F04,0,ST
212,.1~41,41,H2,01,04,01/04,2024-01-04T00:00:00,1,4,HH-F04,500g Raisin Muesli,500g,Raisin Muesli,F04,0,ST
213,.1~36,36,H2,01,03,01/03,2024-01-03T00:00:00,1,3,HH-F04,500g Raisin Muesli,500g,Raisin Muesli,F04,0,ST
214,.1~168,168,H2,01,14,01/14,2024-01-14T00:00:00,3,14,HH-F04,500g Raisin Muesli,500g,Raisin Muesli,F04,2.4E4,ST
215,.1~213,213,H2,01,18,01/18,2024-01-18T00:00:00,4,18,HH-F04,500g Raisin Muesli,500g,Raisin Muesli,F04,0,ST
216,.1~225,225,H2,01,19,01/19,2024-01-19T00:00:00,4,19,HH-F04,500g Raisin Muesli,500g,Raisin Muesli,F04,0,ST
217,.1~238,238,H2,01,20,01/20,2024-01-20T00:00:00,4,20,HH-F04,500g Raisin Muesli,500g,Raisin Muesli,F04,0,ST
218,.1~121,121,H2,01,11,01/11,2024-01-11T00:00:00,3,11,HH-F04,500g Raisin Muesli,500g,Raisin Muesli,F04,0,ST
219,.1~9,9,H2,01,01,01/01,2024-01-01T00:00:00,1,1,HH-F04,500g Raisin Muesli,500g,Raisin Muesli,F04,0,ST
220,.1~10,10,H2,01,01,01/01,2024-01-01T00:00:00,1,1,HH-F03,500g Strawberry Muesli,500g,Strawberry Muesli,F03,0,ST
221,.1~100,100,H2,01,09,01/09,2024-01-09T00:00:00,2,9,HH-F03,500g Strawberry Muesli,500g,Strawberry Muesli,F03,0,ST
222,.1~21,21,H2,01,02,01/02,2024-01-02T00:00:00,1,2,HH-F03,500g Strawberry Muesli,500g,Strawberry Muesli,F03,0,ST
223,.1~195,195,H2,01,17,01/17,2024-01-17T00:00:00,4,17,HH-F03,500g Strawberry Muesli,500g,Strawberry Muesli,F03,0,ST
224,.1~52,52,H2,01,05,01/05,2024-01-05T00:00:00,1,5,HH-F03,500g Strawberry Muesli,500g,Strawberry Muesli,F03,0,ST
225,.1~132,132,H2,01,11,01/11,2024-01-11T00:00:00,3,11,HH-F03,500g Strawberry Muesli,500g,Strawberry Muesli,F03,2.4E4,ST
226,.1~70,70,H2,01,06,01/06,2024-01-06T00:00:00,2,6,HH-F03,500g Strawberry Muesli,500g,Strawberry Muesli,F03,0,ST
227,.1~226,226,H2,01,19,01/19,2024-01-19T00:00:00,4,19,HH-F03,500g Strawberry Muesli,500g,Strawberry Muesli,F03,0,ST
228,.1~211,211,H2,01,18,01/18,2024-01-18T00:00:00,4,18,HH-F03,500g Strawberry Muesli,500g,Strawberry Muesli,F03,0,ST
229,.1~94,94,H2,01,08,01/08,2024-01-08T00:00:00,2,8,HH-F03,500g Strawberry Muesli,500g,Strawberry Muesli,F03,0,ST
230,.1~156,156,H2,01,13,01/13,2024-01-13T00:00:00,3,13,HH-F03,500g Strawberry Muesli,500g,Strawberry Muesli,F03,1.6E4,ST
231,.1~167,167,H2,01,14,01/14,2024-01-14T00:00:00,3,14,HH-F03,500g Strawberry Muesli,500g,Strawberry Muesli,F03,0,ST
232,.1~116,116,H2,01,10,01/10,2024-01-10T00:00:00,2,10,HH-F03,500g Strawberry Muesli,500g,Strawberry Muesli,F03,0,ST
233,.1~40,40,H2,01,04,01/04,2024-01-04T00:00:00,1,4,HH-F03,500g Strawberry Muesli,500g,Strawberry Muesli,F03,0,ST
234,.1~234,234,H2,01,20,01/20,2024-01-20T00:00:00,4,20,HH-F03,500g Strawberry Muesli,500g,Strawberry Muesli,F03,0,ST
235,.1~74,74,H2,01,07,01/07,2024-01-07T00:00:00,2,7,HH-F03,500g Strawberry Muesli,500g,Strawberry Muesli,F03,0,ST
236,.1~178,178,H2,01,15,01/15,2024-01-15T00:00:00,3,15,HH-F03,500g Strawberry Muesli,500g,Strawberry Muesli,F03,0,ST
237,.1~144,144,H2,01,12,01/12,2024-01-12T00:00:00,3,12,HH-F03,500g Strawberry Muesli,500g,Strawberry Muesli,F03,2.4E4,ST
238,.1~182,182,H2,01,16,01/16,2024-01-16T00:00:00,4,16,HH-F03,500g Strawberry Muesli,500g,Strawberry Muesli,F03,0,ST
239,.1~25,25,H2,01,03,01/03,2024-01-03T00:00:00,1,3,HH-F03,500g Strawberry Muesli,500g,Strawberry Muesli,F03,0,ST
