,ID,ROW_ID,COMPANY_CODE,SIM_ROUND,SIM_STEP,SIM_DATE,SIM_CALENDAR_DATE,SIM_PERIOD,SIM_ELAPSED_STEPS,PRODUCTION_ORDER,MATERIAL_NUMBER,MATERIAL_DESCRIPTION,BEGIN_ROUND,BEGIN_STEP,END_ROUND,END_STEP,TARGET_QUANTITY,CONFIRMED_QUANTITY,UNIT,SETUP_TIME
0,.1~1,1,H2,01,05,01/05,2024-01-05T00:00:00,1,5,1000714,HH-F01,500g Nut Muesli,01,05,01,07,48000,48000,ST,0
1,.1~2,2,H2,01,05,01/05,2024-01-05T00:00:00,1,5,1000715,HH-F01,500g Nut Muesli,01,05,01,05,16000,16000,ST,0
2,.1~3,3,H2,01,05,01/05,2024-01-05T00:00:00,1,5,1000720,HH-F02,500g Blueberry Muesli,01,08,01,10,48000,48000,ST,8
3,.1~4,4,H2,01,05,01/05,2024-01-05T00:00:00,1,5,1000721,HH-F02,500g Blueberry Muesli,01,10,01,10,16000,16000,ST,0
4,.1~5,5,H2,01,05,01/05,2024-01-05T00:00:00,1,5,1000724,HH-F03,500g Strawberry Muesli,01,11,01,13,48000,48000,ST,8
5,.1~6,6,H2,01,05,01/05,2024-01-05T00:00:00,1,5,1000726,HH-F03,500g Strawberry Muesli,01,13,01,13,16000,16000,ST,0
6,.1~7,7,H2,01,05,01/05,2024-01-05T00:00:00,1,5,1000732,HH-F04,500g Raisin Muesli,01,14,01,16,48000,48000,ST,8
7,.1~8,8,H2,01,05,01/05,2024-01-05T00:00:00,1,5,1000733,HH-F04,500g Raisin Muesli,01,16,01,16,16000,16000,ST,0
8,.1~9,9,H2,01,06,01/06,2024-01-06T00:00:00,2,6,1000738,HH-F06,500g Mixed Fruit Muesli,01,17,01,19,48000,48000,ST,8
9,.1~10,10,H2,01,06,01/06,2024-01-06T00:00:00,2,6,1000739,HH-F06,500g Mixed Fruit Muesli,01,19,01,19,16000,16000,ST,0
