,ID,ROW_ID,COMPANY_CODE,SIM_ROUND,SIM_STEP,SIM_DATE,SIM_CALENDAR_DATE,SIM_PERIOD,SIM_ELAPSED_STEPS,PURCHASING_ORDER,VENDOR,MATERIAL_NUMBER,MATERIAL_DESCRIPTION,QUANTITY,STATUS,UNIT,GOODS_RECEIPT_ROUND,GOODS_RECEIPT_STEP,GOODS_RECEIPT_DATE
0,.1~1,1,H2,01,03,01/03,2024-01-03T00:00:00,1,3,4500000257,V01,HH-R01,Nuts,14720.000,Delivered,KG,01,04,01/04
1,.1~2,2,H2,01,03,01/03,2024-01-03T00:00:00,1,3,4500000257,V01,HH-R02,Blueberries,14720.000,Delivered,KG,01,04,01/04
2,.1~3,3,H2,01,03,01/03,2024-01-03T00:00:00,1,3,4500000257,V01,HH-R03,Strawberries,14720.000,Delivered,KG,01,04,01/04
3,.1~4,4,H2,01,03,01/03,2024-01-03T00:00:00,1,3,4500000257,V01,HH-R04,Raisins,14720.000,Delivered,KG,01,04,01/04
4,.1~5,5,H2,01,03,01/03,2024-01-03T00:00:00,1,3,4500000257,V01,HH-R05,Wheat,46720.000,Delivered,KG,01,04,01/04
5,.1~6,6,H2,01,03,01/03,2024-01-03T00:00:00,1,3,4500000257,V01,HH-R06,Oats,54400.000,Delivered,KG,01,04,01/04
6,.1~7,7,H2,01,03,01/03,2024-01-03T00:00:00,1,3,4500000258,V02,HH-P03,Small Box (500g),320000,Delivered,ST,01,04,01/04
7,.1~8,8,H2,01,03,01/03,2024-01-03T00:00:00,1,3,4500000258,V02,HH-P04,Small Bag (500g),320000,Delivered,ST,01,04,01/04
