,ID,ROW_ID,SALES_ORGANIZATION,SIM_ROUND,SIM_STEP,SIM_DATE,SIM_CALENDAR_DATE,SIM_PERIOD,SIM_ELAPSED_STEPS,SALES_ORDER_NUMBER,LINE_ITEM,STORAGE_LOCATION,REGION,AREA,CITY,COUNTRY,POSTAL_CODE,CUSTOMER_NUMBER,DISTRIBUTION_CHANNEL,MATERIAL_NUMBER,MATERIAL_DESCRIPTION,MATERIAL_TYPE,MATERIAL_CODE,MATERIAL_SIZE,MATERIAL_LABEL,QUANTITY,QUANTITY_DELIVERED,UNIT,NET_PRICE,NET_VALUE,COST,CURRENCY,CONTRIBUTION_MARGIN,CONTRIBUTION_MARGIN_PCT
0,.1~1,1,H2,01,06,01/06,2024-01-06T00:00:00,2,6,15057,1,02,Bavaria,South,INGOLSTADT,Germany,85046,80121,12,HH-F01,500g Nut Muesli,Finished Product,F01,500g,Nut Muesli,1126,1126,ST,5.90,6643.40,1013.40,EUR,5630.00000,0.85
1,.1~2,2,H2,01,06,01/06,2024-01-06T00:00:00,2,6,15057,2,02,Bavaria,South,INGOLSTADT,Germany,85046,80121,12,HH-F01,500g Nut Muesli,Finished Product,F01,500g,Nut Muesli,999,999,ST,5.90,5894.10,899.10,EUR,4995.00000,0.85
2,.1~3,3,H2,01,06,01/06,2024-01-06T00:00:00,2,6,15057,3,02,Bavaria,South,INGOLSTADT,Germany,85046,80121,12,HH-F01,500g Nut Muesli,Finished Product,F01,500g,Nut Muesli,1089,1089,ST,5.90,6425.10,980.10,EUR,5445.00000,0.85
3,.1~4,4,H2,01,06,01/06,2024-01-06T00:00:00,2,6,15059,1,02,Lower Saxony,North,GÖTTINGEN,Germany,37073,80142,12,HH-F01,500g Nut Muesli,Finished Product,F01,500g,Nut Muesli,1054,1054,ST,5.90,6218.60,948.60,EUR,5270.00000,0.85
4,.1~5,5,H2,01,06,01/06,2024-01-06T00:00:00,2,6,15065,1,02,Saxony-Anhalt,North,PEIßEN,Germany,06188,80281,14,HH-F01,500g Nut Muesli,Finished Product,F01,500g,Nut Muesli,881,881,ST,5.90,5197.90,792.90,EUR,4405.00000,0.85
5,.1~6,6,H2,01,06,01/06,2024-01-06T00:00:00,2,6,15067,1,02,Bavaria,South,MÜNCHEN,Germany,80335,80186,14,HH-F01,500g Nut Muesli,Finished Product,F01,500g,Nut Muesli,821,821,ST,5.90,4843.90,738.90,EUR,4105.00000,0.85
6,.1~7,7,H2,01,07,01/07,2024-01-07T00:00:00,2,7,15074,1,02,Lower Saxony,North,OLDENBURG,Germany,26129,80144,12,HH-F01,500g Nut Muesli,Finished Product,F01,500g,Nut Muesli,1204,1204,ST,5.90,7103.60,1083.60,EUR,6020.00000,0.85
7,.1~8,8,H2,01,07,01/07,2024-01-07T00:00:00,2,7,15078,1,02,Nrth Rhine Westfalia,West,KREFELD,Germany,47798,80157,12,HH-F01,500g Nut Muesli,Finished Product,F01,500g,Nut Muesli,1027,1027,ST,5.90,6059.30,924.30,EUR,5135.00000,0.85
8,.1~9,9,H2,01,07,01/07,2024-01-07T00:00:00,2,7,15078,2,02,Nrth Rhine Westfalia,West,KREFELD,Germany,47798,80157,12,HH-F01,500g Nut Muesli,Finished Product,F01,500g,Nut Muesli,1043,1043,ST,5.90,6153.70,938.70,EUR,5215.00000,0.85
9,.1~10,10,H2,01,07,01/07,2024-01-07T00:00:00,2,7,15079,1,02,Saxony,North,RÖHRSDORF,Germany,09247,80275,14,HH-F01,500g Nut Muesli,Finished Product,F01,500g,Nut Muesli,816,816,ST,5.90,4814.40,734.40,EUR,4080.00000,0.85
10,.1~11,11,H2,01,07,01/07,2024-01-07T00:00:00,2,7,15083,1,02,Bavaria,South,MÜNCHEN,Germany,80992,80192,14,HH-F01,500g Nut Muesli,Finished Product,F01,500g,Nut Muesli,798,798,ST,5.90,4708.20,718.20,EUR,3990.00000,0.85
11,.1~12,12,H2,01,08,01/08,2024-01-08T00:00:00,2,8,15085,1,02,Mecklenburg-Vorpomm.,North,ROSTOCK,Germany,18184,80141,12,HH-F01,500g Nut Muesli,Finished Product,F01,500g,Nut Muesli,952,952,ST,5.90,5616.80,856.80,EUR,4760.00000,0.85
12,.1~13,13,H2,01,08,01/08,2024-01-08T00:00:00,2,8,15087,1,02,Nrth Rhine Westfalia,West,WÜRSELEN,Germany,52146,80162,12,HH-F01,500g Nut Muesli,Finished Product,F01,500g,Nut Muesli,939,939,ST,5.90,5540.10,845.10,EUR,4695.00000,0.85
13,.1~14,14,H2,01,08,01/08,2024-01-08T00:00:00,2,8,15090,1,02,Nrth Rhine Westfalia,West,NEUSS,Germany,41460,80253,14,HH-F01,500g Nut Muesli,Finished Product,F01,500g,Nut Muesli,723,723,ST,5.90,4265.70,650.70,EUR,3615.00000,0.85
14,.1~15,15,H2,01,09,01/09,2024-01-09T00:00:00,2,9,15105,1,02,Nrth Rhine Westfalia,West,BRÜHL,Germany,50321,80149,12,HH-F01,500g Nut Muesli,Finished Product,F01,500g,Nut Muesli,1165,1165,ST,5.90,6873.50,1048.50,EUR,5825.00000,0.85
15,.1~16,16,H2,01,09,01/09,2024-01-09T00:00:00,2,9,15101,2,02,Hessen,South,MAGDEBURG,Germany,39128,80138,12,HH-F02,500g Blueberry Muesli,Finished Product,F02,500g,Blueberry Muesli,928,928,ST,6.23,5781.44,1141.44,EUR,4640.00000,0.80
16,.1~17,17,H2,01,09,01/09,2024-01-09T00:00:00,2,9,15101,1,02,Hessen,South,MAGDEBURG,Germany,39128,80138,12,HH-F02,500g Blueberry Muesli,Finished Product,F02,500g,Blueberry Muesli,1114,1114,ST,6.23,6940.22,1370.22,EUR,5570.00000,0.80
17,.1~18,18,H2,01,09,01/09,2024-01-09T00:00:00,2,9,15107,1,02,Schleswig-Holstein,North,GÄGELOW,Germany,23968,80283,14,HH-F01,500g Nut Muesli,Finished Product,F01,500g,Nut Muesli,883,883,ST,5.90,5209.70,794.70,EUR,4415.00000,0.85
18,.1~19,19,H2,01,09,01/09,2024-01-09T00:00:00,2,9,15112,1,02,Mecklenburg-Vorpomm.,North,GREIFSWALD,Germany,17491,80218,14,HH-F01,500g Nut Muesli,Finished Product,F01,500g,Nut Muesli,872,872,ST,5.90,5144.80,784.80,EUR,4360.00000,0.85
19,.1~20,20,H2,01,10,01/10,2024-01-10T00:00:00,2,10,15123,1,02,Nrth Rhine Westfalia,West,DORTMUND,Germany,44339,80150,12,HH-F02,500g Blueberry Muesli,Finished Product,F02,500g,Blueberry Muesli,1002,1002,ST,6.23,6242.46,1232.46,EUR,5010.00000,0.80
20,.1~21,21,H2,01,10,01/10,2024-01-10T00:00:00,2,10,15125,1,02,Nrth Rhine Westfalia,West,VELBERT,Germany,42551,80161,12,HH-F02,500g Blueberry Muesli,Finished Product,F02,500g,Blueberry Muesli,1084,1084,ST,6.23,6753.32,1333.32,EUR,5420.00000,0.80
21,.1~22,22,H2,01,10,01/10,2024-01-10T00:00:00,2,10,15125,2,02,Nrth Rhine Westfalia,West,VELBERT,Germany,42551,80161,12,HH-F02,500g Blueberry Muesli,Finished Product,F02,500g,Blueberry Muesli,1008,1008,ST,6.23,6279.84,1239.84,EUR,5040.00000,0.80
22,.1~23,23,H2,01,10,01/10,2024-01-10T00:00:00,2,10,15134,1,02,Saxony,North,BANNEWITZ,Germany,01728,80269,14,HH-F01,500g Nut Muesli,Finished Product,F01,500g,Nut Muesli,774,774,ST,5.90,4566.60,696.60,EUR,3870.00000,0.85
23,.1~24,24,H2,01,10,01/10,2024-01-10T00:00:00,2,10,15129,1,02,Saxony,North,WERDAU,Germany,08412,80276,14,HH-F02,500g Blueberry Muesli,Finished Product,F02,500g,Blueberry Muesli,778,778,ST,6.23,4846.94,956.94,EUR,3890.00000,0.80
24,.1~25,25,H2,01,10,01/10,2024-01-10T00:00:00,2,10,15131,1,02,Berlin,North,BERLIN,Germany,13156,80293,14,HH-F02,500g Blueberry Muesli,Finished Product,F02,500g,Blueberry Muesli,750,750,ST,6.23,4672.50,922.50,EUR,3750.00000,0.80
25,.1~26,26,H2,01,10,01/10,2024-01-10T00:00:00,2,10,15135,1,02,Nrth Rhine Westfalia,West,EUSKIRCHEN,Germany,53879,80242,14,HH-F02,500g Blueberry Muesli,Finished Product,F02,500g,Blueberry Muesli,805,805,ST,6.23,5015.15,990.15,EUR,4025.00000,0.80
26,.1~27,27,H2,01,10,01/10,2024-01-10T00:00:00,2,10,15137,1,02,Nrth Rhine Westfalia,West,BONN,Germany,53111,80233,14,HH-F02,500g Blueberry Muesli,Finished Product,F02,500g,Blueberry Muesli,785,785,ST,6.23,4890.55,965.55,EUR,3925.00000,0.80
27,.1~28,28,H2,01,10,01/10,2024-01-10T00:00:00,2,10,15139,1,02,Thuringia,South,GERA,Germany,07545,80290,14,HH-F02,500g Blueberry Muesli,Finished Product,F02,500g,Blueberry Muesli,737,737,ST,6.23,4591.51,906.51,EUR,3685.00000,0.80
28,.1~29,29,H2,01,11,01/11,2024-01-11T00:00:00,3,11,15147,2,02,Nrth Rhine Westfalia,West,DÜSSELDORF,Germany,40213,80152,12,HH-F01,500g Nut Muesli,Finished Product,F01,500g,Nut Muesli,941,941,ST,5.90,5551.90,846.90,EUR,4705.00000,0.85
29,.1~30,30,H2,01,11,01/11,2024-01-11T00:00:00,3,11,15144,1,02,Berlin,North,BERLIN,Germany,13349,80129,12,HH-F01,500g Nut Muesli,Finished Product,F01,500g,Nut Muesli,1186,1186,ST,5.90,6997.40,1067.40,EUR,5930.00000,0.85
30,.1~31,31,H2,01,11,01/11,2024-01-11T00:00:00,3,11,15147,1,02,Nrth Rhine Westfalia,West,DÜSSELDORF,Germany,40213,80152,12,HH-F02,500g Blueberry Muesli,Finished Product,F02,500g,Blueberry Muesli,1086,1086,ST,6.23,6765.78,1335.78,EUR,5430.00000,0.80
31,.1~32,32,H2,01,11,01/11,2024-01-11T00:00:00,3,11,15142,2,02,Brandenburg,North,BRANDENBURG,Germany,14772,80131,12,HH-F02,500g Blueberry Muesli,Finished Product,F02,500g,Blueberry Muesli,976,976,ST,6.23,6080.48,1200.48,EUR,4880.00000,0.80
32,.1~33,33,H2,01,11,01/11,2024-01-11T00:00:00,3,11,15142,1,02,Brandenburg,North,BRANDENBURG,Germany,14772,80131,12,HH-F02,500g Blueberry Muesli,Finished Product,F02,500g,Blueberry Muesli,967,967,ST,6.23,6024.41,1189.41,EUR,4835.00000,0.80
33,.1~34,34,H2,01,11,01/11,2024-01-11T00:00:00,3,11,15152,1,02,Lower Saxony,North,CELLE,Germany,29225,80220,14,HH-F01,500g Nut Muesli,Finished Product,F01,500g,Nut Muesli,801,801,ST,5.90,4725.90,720.90,EUR,4005.00000,0.85
34,.1~35,35,H2,01,11,01/11,2024-01-11T00:00:00,3,11,15156,1,02,Nrth Rhine Westfalia,West,DUISBURG,Germany,47059,80238,14,HH-F01,500g Nut Muesli,Finished Product,F01,500g,Nut Muesli,760,760,ST,5.90,4484.00,684.00,EUR,3800.00000,0.85
35,.1~36,36,H2,01,11,01/11,2024-01-11T00:00:00,3,11,15154,1,02,Saxony,North,DRESDEN,Germany,01139,80272,14,HH-F02,500g Blueberry Muesli,Finished Product,F02,500g,Blueberry Muesli,811,811,ST,6.23,5052.53,997.53,EUR,4055.00000,0.80
36,.1~37,37,H2,01,11,01/11,2024-01-11T00:00:00,3,11,15155,1,02,Lower Saxony,North,HANNOVER,Germany,30165,80222,14,HH-F02,500g Blueberry Muesli,Finished Product,F02,500g,Blueberry Muesli,658,658,ST,6.23,4099.34,809.34,EUR,3290.00000,0.80
37,.1~38,38,H2,01,11,01/11,2024-01-11T00:00:00,3,11,15157,1,02,Nrth Rhine Westfalia,West,CASTROP-RAUXEL,Germany,44579,80234,14,HH-F02,500g Blueberry Muesli,Finished Product,F02,500g,Blueberry Muesli,767,767,ST,6.23,4778.41,943.41,EUR,3835.00000,0.80
38,.1~39,39,H2,01,11,01/11,2024-01-11T00:00:00,3,11,15160,1,02,Hessen,South,LINDEN,Germany,35440,80214,14,HH-F02,500g Blueberry Muesli,Finished Product,F02,500g,Blueberry Muesli,845,845,ST,6.23,5264.35,1039.35,EUR,4225.00000,0.80
39,.1~40,40,H2,01,11,01/11,2024-01-11T00:00:00,3,11,15161,1,02,Baden-Wurttemberg,South,DETTLINGEN/EMS,Germany,72581,80173,14,HH-F02,500g Blueberry Muesli,Finished Product,F02,500g,Blueberry Muesli,827,827,ST,6.23,5152.21,1017.21,EUR,4135.00000,0.80
40,.1~41,41,H2,01,11,01/11,2024-01-11T00:00:00,3,11,15162,1,02,Baden-Wurttemberg,South,REUTLINGEN,Germany,72762,80182,14,HH-F02,500g Blueberry Muesli,Finished Product,F02,500g,Blueberry Muesli,705,705,ST,6.23,4392.15,867.15,EUR,3525.00000,0.80
41,.1~42,42,H2,01,12,01/12,2024-01-12T00:00:00,3,12,15170,1,02,Saxony-Anhalt,North,GÜNTHERSDORF,Germany,06254,80167,12,HH-F01,500g Nut Muesli,Finished Product,F01,500g,Nut Muesli,996,996,ST,5.90,5876.40,896.40,EUR,4980.00000,0.85
42,.1~43,43,H2,01,12,01/12,2024-01-12T00:00:00,3,12,15170,3,02,Saxony-Anhalt,North,GÜNTHERSDORF,Germany,06254,80167,12,HH-F02,500g Blueberry Muesli,Finished Product,F02,500g,Blueberry Muesli,1146,1146,ST,6.23,7139.58,1409.58,EUR,5730.00000,0.80
43,.1~44,44,H2,01,12,01/12,2024-01-12T00:00:00,3,12,15170,2,02,Saxony-Anhalt,North,GÜNTHERSDORF,Germany,06254,80167,12,HH-F03,500g Strawberry Muesli,Finished Product,F03,500g,Strawberry Muesli,928,928,ST,6.23,5781.44,1141.44,EUR,4640.00000,0.80
44,.1~45,45,H2,01,12,01/12,2024-01-12T00:00:00,3,12,15173,1,02,Lower Saxony,North,UELZEN,Germany,29525,80146,12,HH-F03,500g Strawberry Muesli,Finished Product,F03,500g,Strawberry Muesli,871,871,ST,6.23,5426.33,1071.33,EUR,4355.00000,0.80
45,.1~46,46,H2,01,12,01/12,2024-01-12T00:00:00,3,12,15183,1,02,Nrth Rhine Westfalia,West,WUPPERTAL,Germany,42275,80259,14,HH-F01,500g Nut Muesli,Finished Product,F01,500g,Nut Muesli,782,782,ST,5.90,4613.80,703.80,EUR,3910.00000,0.85
46,.1~47,47,H2,01,12,01/12,2024-01-12T00:00:00,3,12,15186,1,02,Nrth Rhine Westfalia,West,OBERHAUSEN,Germany,46067,80254,14,HH-F02,500g Blueberry Muesli,Finished Product,F02,500g,Blueberry Muesli,816,816,ST,6.23,5083.68,1003.68,EUR,4080.00000,0.80
47,.1~48,48,H2,01,12,01/12,2024-01-12T00:00:00,3,12,15180,1,02,Bremen,North,BREMEN,Germany,28195,80201,14,HH-F02,500g Blueberry Muesli,Finished Product,F02,500g,Blueberry Muesli,809,809,ST,6.23,5040.07,995.07,EUR,4045.00000,0.80
48,.1~49,49,H2,01,12,01/12,2024-01-12T00:00:00,3,12,15182,1,02,Rhineland Palatinate,West,MAINZ,Germany,55116,80266,14,HH-F03,500g Strawberry Muesli,Finished Product,F03,500g,Strawberry Muesli,750,750,ST,6.23,4672.50,922.50,EUR,3750.00000,0.80
49,.1~50,50,H2,01,12,01/12,2024-01-12T00:00:00,3,12,15184,1,02,Baden-Wurttemberg,South,REUTLINGEN,Germany,72770,80180,14,HH-F03,500g Strawberry Muesli,Finished Product,F03,500g,Strawberry Muesli,687,687,ST,6.23,4280.01,845.01,EUR,3435.00000,0.80
50,.1~51,51,H2,01,13,01/13,2024-01-13T00:00:00,3,13,15190,2,02,Hessen,South,FRANKFURT/MAIN,Germany,60386,80136,12,HH-F02,500g Blueberry Muesli,Finished Product,F02,500g,Blueberry Muesli,1007,1007,ST,6.23,6273.61,1238.61,EUR,5035.00000,0.80
51,.1~52,52,H2,01,13,01/13,2024-01-13T00:00:00,3,13,15197,1,02,Saxony,North,CHEMNITZ,Germany,09111,80165,12,HH-F02,500g Blueberry Muesli,Finished Product,F02,500g,Blueberry Muesli,982,982,ST,6.23,6117.86,1207.86,EUR,4910.00000,0.80
52,.1~53,53,H2,01,13,01/13,2024-01-13T00:00:00,3,13,15190,1,02,Hessen,South,FRANKFURT/MAIN,Germany,60386,80136,12,HH-F03,500g Strawberry Muesli,Finished Product,F03,500g,Strawberry Muesli,966,966,ST,6.23,6018.18,1188.18,EUR,4830.00000,0.80
53,.1~54,54,H2,01,13,01/13,2024-01-13T00:00:00,3,13,15192,1,02,Hessen,South,WIESBADEN,Germany,65183,80140,12,HH-F03,500g Strawberry Muesli,Finished Product,F03,500g,Strawberry Muesli,1010,1010,ST,6.23,6292.30,1242.30,EUR,5050.00000,0.80
54,.1~55,55,H2,01,13,01/13,2024-01-13T00:00:00,3,13,15192,2,02,Hessen,South,WIESBADEN,Germany,65183,80140,12,HH-F03,500g Strawberry Muesli,Finished Product,F03,500g,Strawberry Muesli,956,956,ST,6.23,5955.88,1175.88,EUR,4780.00000,0.80
55,.1~56,56,H2,01,13,01/13,2024-01-13T00:00:00,3,13,15192,3,02,Hessen,South,WIESBADEN,Germany,65183,80140,12,HH-F03,500g Strawberry Muesli,Finished Product,F03,500g,Strawberry Muesli,916,916,ST,6.23,5706.68,1126.68,EUR,4580.00000,0.80
56,.1~57,57,H2,01,13,01/13,2024-01-13T00:00:00,3,13,15199,1,02,Berlin,North,BERLIN,Germany,13349,80129,12,HH-F03,500g Strawberry Muesli,Finished Product,F03,500g,Strawberry Muesli,1096,1096,ST,6.23,6828.08,1348.08,EUR,5480.00000,0.80
57,.1~58,58,H2,01,13,01/13,2024-01-13T00:00:00,3,13,15212,1,02,Bavaria,South,MÜNCHEN,Germany,80939,80190,14,HH-F02,500g Blueberry Muesli,Finished Product,F02,500g,Blueberry Muesli,832,832,ST,6.23,5183.36,1023.36,EUR,4160.00000,0.80
58,.1~59,59,H2,01,13,01/13,2024-01-13T00:00:00,3,13,15211,1,02,Hessen,South,KASSEL,Germany,34117,80211,14,HH-F02,500g Blueberry Muesli,Finished Product,F02,500g,Blueberry Muesli,762,762,ST,6.23,4747.26,937.26,EUR,3810.00000,0.80
59,.1~60,60,H2,01,13,01/13,2024-01-13T00:00:00,3,13,15209,1,02,Nrth Rhine Westfalia,West,KÖLN,Germany,51143,80248,14,HH-F02,500g Blueberry Muesli,Finished Product,F02,500g,Blueberry Muesli,789,789,ST,6.23,4915.47,970.47,EUR,3945.00000,0.80
60,.1~61,61,H2,01,13,01/13,2024-01-13T00:00:00,3,13,15206,1,02,Rhineland Palatinate,West,KOBLENZ,Germany,56070,80263,14,HH-F02,500g Blueberry Muesli,Finished Product,F02,500g,Blueberry Muesli,759,759,ST,6.23,4728.57,933.57,EUR,3795.00000,0.80
61,.1~62,62,H2,01,13,01/13,2024-01-13T00:00:00,3,13,15210,1,02,Rhineland Palatinate,West,LUDWIGSHAFEN,Germany,67071,80264,14,HH-F03,500g Strawberry Muesli,Finished Product,F03,500g,Strawberry Muesli,846,846,ST,6.23,5270.58,1040.58,EUR,4230.00000,0.80
62,.1~63,63,H2,01,14,01/14,2024-01-14T00:00:00,3,14,15220,1,02,Nrth Rhine Westfalia,West,GELSENKIRCHEN,Germany,45879,80154,12,HH-F02,500g Blueberry Muesli,Finished Product,F02,500g,Blueberry Muesli,1096,1096,ST,6.23,6828.08,1348.08,EUR,5480.00000,0.80
63,.1~64,64,H2,01,14,01/14,2024-01-14T00:00:00,3,14,15231,1,02,Bavaria,South,MÜNCHEN,Germany,80331,80187,14,HH-F03,500g Strawberry Muesli,Finished Product,F03,500g,Strawberry Muesli,697,697,ST,6.23,4342.31,857.31,EUR,3485.00000,0.80
64,.1~65,65,H2,01,14,01/14,2024-01-14T00:00:00,3,14,15236,1,02,Baden-Wurttemberg,South,BALINGEN,Germany,72336,80171,14,HH-F03,500g Strawberry Muesli,Finished Product,F03,500g,Strawberry Muesli,841,841,ST,6.23,5239.43,1034.43,EUR,4205.00000,0.80
65,.1~66,66,H2,01,15,01/15,2024-01-15T00:00:00,3,15,15245,2,02,Berlin,North,WALTERSDORF,Germany,12529,80130,12,HH-F01,500g Nut Muesli,Finished Product,F01,500g,Nut Muesli,1037,1037,ST,5.90,6118.30,933.30,EUR,5185.00000,0.85
66,.1~67,67,H2,01,15,01/15,2024-01-15T00:00:00,3,15,15241,1,02,Bavaria,South,REGENSBURG,Germany,93053,80127,12,HH-F02,500g Blueberry Muesli,Finished Product,F02,500g,Blueberry Muesli,1058,1058,ST,6.23,6591.34,1301.34,EUR,5290.00000,0.80
67,.1~68,68,H2,01,15,01/15,2024-01-15T00:00:00,3,15,15241,2,02,Bavaria,South,REGENSBURG,Germany,93053,80127,12,HH-F02,500g Blueberry Muesli,Finished Product,F02,500g,Blueberry Muesli,1126,1126,ST,6.23,7014.98,1384.98,EUR,5630.00000,0.80
68,.1~69,69,H2,01,15,01/15,2024-01-15T00:00:00,3,15,15245,1,02,Berlin,North,WALTERSDORF,Germany,12529,80130,12,HH-F02,500g Blueberry Muesli,Finished Product,F02,500g,Blueberry Muesli,902,902,ST,6.23,5619.46,1109.46,EUR,4510.00000,0.80
69,.1~70,70,H2,01,15,01/15,2024-01-15T00:00:00,3,15,15246,1,02,Lower Saxony,North,NIENBURG,Germany,31582,80143,12,HH-F03,500g Strawberry Muesli,Finished Product,F03,500g,Strawberry Muesli,902,902,ST,6.23,5619.46,1109.46,EUR,4510.00000,0.80
70,.1~71,71,H2,01,15,01/15,2024-01-15T00:00:00,3,15,15246,2,02,Lower Saxony,North,NIENBURG,Germany,31582,80143,12,HH-F04,500g Raisin Muesli,Finished Product,F04,500g,Raisin Muesli,1057,1057,ST,5.79,6120.03,835.03,EUR,5285.00000,0.86
71,.1~72,72,H2,01,15,01/15,2024-01-15T00:00:00,3,15,15254,1,02,Nrth Rhine Westfalia,West,LEVERKUSEN,Germany,51377,80251,14,HH-F02,500g Blueberry Muesli,Finished Product,F02,500g,Blueberry Muesli,775,775,ST,6.23,4828.25,953.25,EUR,3875.00000,0.80
72,.1~73,73,H2,01,15,01/15,2024-01-15T00:00:00,3,15,15256,1,02,Nrth Rhine Westfalia,West,BERGISCH GLADBACH,Germany,51465,80229,14,HH-F03,500g Strawberry Muesli,Finished Product,F03,500g,Strawberry Muesli,663,663,ST,6.23,4130.49,815.49,EUR,3315.00000,0.80
73,.1~74,74,H2,01,15,01/15,2024-01-15T00:00:00,3,15,15250,1,02,Saxony-Anhalt,North,DESSAU,Germany,06842,80278,14,HH-F03,500g Strawberry Muesli,Finished Product,F03,500g,Strawberry Muesli,736,736,ST,6.23,4585.28,905.28,EUR,3680.00000,0.80
74,.1~75,75,H2,01,16,01/16,2024-01-16T00:00:00,4,16,15262,1,02,Baden-Wurttemberg,South,ALBSTADT,Germany,72458,80170,12,HH-F02,500g Blueberry Muesli,Finished Product,F02,500g,Blueberry Muesli,1096,1096,ST,6.23,6828.08,1348.08,EUR,5480.00000,0.80
75,.1~76,76,H2,01,16,01/16,2024-01-16T00:00:00,4,16,15276,1,02,Saxony,North,CHEMNITZ,Germany,09130,80270,14,HH-F01,500g Nut Muesli,Finished Product,F01,500g,Nut Muesli,773,773,ST,5.90,4560.70,695.70,EUR,3865.00000,0.85
76,.1~77,77,H2,01,16,01/16,2024-01-16T00:00:00,4,16,15281,1,02,Nrth Rhine Westfalia,West,LEVERKUSEN,Germany,51373,80250,14,HH-F02,500g Blueberry Muesli,Finished Product,F02,500g,Blueberry Muesli,699,699,ST,6.23,4354.77,859.77,EUR,3495.00000,0.80
77,.1~78,78,H2,01,16,01/16,2024-01-16T00:00:00,4,16,15283,1,02,Nrth Rhine Westfalia,West,DORTMUND,Germany,44149,80237,14,HH-F03,500g Strawberry Muesli,Finished Product,F03,500g,Strawberry Muesli,817,817,ST,6.23,5089.91,1004.91,EUR,4085.00000,0.80
78,.1~79,79,H2,01,16,01/16,2024-01-16T00:00:00,4,16,15280,1,02,Nrth Rhine Westfalia,West,ST. AUGUSTIN,Germany,53757,80258,14,HH-F04,500g Raisin Muesli,Finished Product,F04,500g,Raisin Muesli,747,747,ST,5.79,4325.13,590.13,EUR,3735.00000,0.86
79,.1~80,80,H2,01,17,01/17,2024-01-17T00:00:00,4,17,15294,2,02,Bremen,North,BREMEN,Germany,28259,80133,12,HH-F01,500g Nut Muesli,Finished Product,F01,500g,Nut Muesli,1065,1065,ST,5.90,6283.50,958.50,EUR,5325.00000,0.85
80,.1~81,81,H2,01,17,01/17,2024-01-17T00:00:00,4,17,15294,3,02,Bremen,North,BREMEN,Germany,28259,80133,12,HH-F02,500g Blueberry Muesli,Finished Product,F02,500g,Blueberry Muesli,996,996,ST,6.23,6205.08,1225.08,EUR,4980.00000,0.80
81,.1~82,82,H2,01,17,01/17,2024-01-17T00:00:00,4,17,15295,1,02,Lower Saxony,North,OLDENBURG,Germany,26121,80145,12,HH-F02,500g Blueberry Muesli,Finished Product,F02,500g,Blueberry Muesli,1097,1097,ST,6.23,6834.31,1349.31,EUR,5485.00000,0.80
82,.1~83,83,H2,01,17,01/17,2024-01-17T00:00:00,4,17,15294,1,02,Bremen,North,BREMEN,Germany,28259,80133,12,HH-F03,500g Strawberry Muesli,Finished Product,F03,500g,Strawberry Muesli,1116,1116,ST,6.23,6952.68,1372.68,EUR,5580.00000,0.80
83,.1~84,84,H2,01,17,01/17,2024-01-17T00:00:00,4,17,15298,2,02,Nrth Rhine Westfalia,West,HERFORD,Germany,32052,80155,12,HH-F03,500g Strawberry Muesli,Finished Product,F03,500g,Strawberry Muesli,1148,1148,ST,6.23,7152.04,1412.04,EUR,5740.00000,0.80
84,.1~85,85,H2,01,17,01/17,2024-01-17T00:00:00,4,17,15298,1,02,Nrth Rhine Westfalia,West,HERFORD,Germany,32052,80155,12,HH-F04,500g Raisin Muesli,Finished Product,F04,500g,Raisin Muesli,1223,1223,ST,5.79,7081.17,966.17,EUR,6115.00000,0.86
85,.1~86,86,H2,01,17,01/17,2024-01-17T00:00:00,4,17,15312,1,02,Baden-Wurttemberg,South,DETTLINGEN/EMS,Germany,72581,80173,14,HH-F02,500g Blueberry Muesli,Finished Product,F02,500g,Blueberry Muesli,858,858,ST,6.23,5345.34,1055.34,EUR,4290.00000,0.80
86,.1~87,87,H2,01,17,01/17,2024-01-17T00:00:00,4,17,15306,1,02,Nrth Rhine Westfalia,West,HAGEN,Germany,58095,80245,14,HH-F02,500g Blueberry Muesli,Finished Product,F02,500g,Blueberry Muesli,707,707,ST,6.23,4404.61,869.61,EUR,3535.00000,0.80
87,.1~88,88,H2,01,17,01/17,2024-01-17T00:00:00,4,17,15301,1,02,Schleswig-Holstein,North,HEIDE,Germany,25746,80285,14,HH-F02,500g Blueberry Muesli,Finished Product,F02,500g,Blueberry Muesli,798,798,ST,6.23,4971.54,981.54,EUR,3990.00000,0.80
88,.1~89,89,H2,01,17,01/17,2024-01-17T00:00:00,4,17,15299,1,02,Saxony,North,DRESDEN,Germany,01219,80271,14,HH-F02,500g Blueberry Muesli,Finished Product,F02,500g,Blueberry Muesli,694,694,ST,6.23,4323.62,853.62,EUR,3470.00000,0.80
89,.1~90,90,H2,01,17,01/17,2024-01-17T00:00:00,4,17,15309,1,02,Thuringia,South,GERA,Germany,07545,80290,14,HH-F03,500g Strawberry Muesli,Finished Product,F03,500g,Strawberry Muesli,758,758,ST,6.23,4722.34,932.34,EUR,3790.00000,0.80
90,.1~91,91,H2,01,17,01/17,2024-01-17T00:00:00,4,17,15302,1,02,Saxony,North,LEIPZIG,Germany,04109,80274,14,HH-F04,500g Raisin Muesli,Finished Product,F04,500g,Raisin Muesli,867,867,ST,5.79,5019.93,684.93,EUR,4335.00000,0.86
91,.1~92,92,H2,01,17,01/17,2024-01-17T00:00:00,4,17,15311,1,02,Hessen,South,LINDEN,Germany,35440,80214,14,HH-F04,500g Raisin Muesli,Finished Product,F04,500g,Raisin Muesli,904,904,ST,5.79,5234.16,714.16,EUR,4520.00000,0.86
92,.1~93,93,H2,01,18,01/18,2024-01-18T00:00:00,4,18,15319,1,02,Nrth Rhine Westfalia,West,HÜCKELHOVEN,Germany,41836,80156,12,HH-F03,500g Strawberry Muesli,Finished Product,F03,500g,Strawberry Muesli,1065,1065,ST,6.23,6634.95,1309.95,EUR,5325.00000,0.80
93,.1~94,94,H2,01,18,01/18,2024-01-18T00:00:00,4,18,15315,1,02,Bavaria,South,INGOLSTADT,Germany,85055,80120,12,HH-F06,500g Mixed Fruit Muesli,Finished Product,F06,500g,Mixed Fruit Muesli,941,941,ST,6.13,5768.33,1063.33,EUR,4705.00000,0.82
94,.1~95,95,H2,01,18,01/18,2024-01-18T00:00:00,4,18,15329,1,02,Berlin,North,BERLIN,Germany,12043,80196,14,HH-F03,500g Strawberry Muesli,Finished Product,F03,500g,Strawberry Muesli,721,721,ST,6.23,4491.83,886.83,EUR,3605.00000,0.80
95,.1~96,96,H2,01,18,01/18,2024-01-18T00:00:00,4,18,15338,1,02,Baden-Wurttemberg,South,REUTLINGEN,Germany,72770,80180,14,HH-F03,500g Strawberry Muesli,Finished Product,F03,500g,Strawberry Muesli,738,738,ST,6.23,4597.74,907.74,EUR,3690.00000,0.80
96,.1~97,97,H2,01,18,01/18,2024-01-18T00:00:00,4,18,15340,1,02,Thuringia,South,ERFURT,Germany,99099,80289,14,HH-F04,500g Raisin Muesli,Finished Product,F04,500g,Raisin Muesli,818,818,ST,5.79,4736.22,646.22,EUR,4090.00000,0.86
97,.1~98,98,H2,01,18,01/18,2024-01-18T00:00:00,4,18,15332,1,02,Nrth Rhine Westfalia,West,CASTROP-RAUXEL,Germany,44579,80234,14,HH-F04,500g Raisin Muesli,Finished Product,F04,500g,Raisin Muesli,834,834,ST,5.79,4828.86,658.86,EUR,4170.00000,0.86
98,.1~99,99,H2,01,18,01/18,2024-01-18T00:00:00,4,18,15333,1,02,Nrth Rhine Westfalia,West,REMSCHEID,Germany,42853,80256,14,HH-F06,500g Mixed Fruit Muesli,Finished Product,F06,500g,Mixed Fruit Muesli,824,824,ST,6.13,5051.12,931.12,EUR,4120.00000,0.82
99,.1~100,100,H2,01,19,01/19,2024-01-19T00:00:00,4,19,15343,1,02,Bremen,North,BREMEN,Germany,28259,80133,12,HH-F01,500g Nut Muesli,Finished Product,F01,500g,Nut Muesli,1054,1054,ST,5.90,6218.60,948.60,EUR,5270.00000,0.85
100,.1~101,101,H2,01,19,01/19,2024-01-19T00:00:00,4,19,15349,1,02,Nrth Rhine Westfalia,West,WÜRSELEN,Germany,52146,80162,12,HH-F01,500g Nut Muesli,Finished Product,F01,500g,Nut Muesli,1199,1199,ST,5.90,7074.10,1079.10,EUR,5995.00000,0.85
101,.1~102,102,H2,01,19,01/19,2024-01-19T00:00:00,4,19,15345,1,02,Lower Saxony,North,OLDENBURG,Germany,26129,80144,12,HH-F02,500g Blueberry Muesli,Finished Product,F02,500g,Blueberry Muesli,976,976,ST,6.23,6080.48,1200.48,EUR,4880.00000,0.80
102,.1~103,103,H2,01,19,01/19,2024-01-19T00:00:00,4,19,15343,2,02,Bremen,North,BREMEN,Germany,28259,80133,12,HH-F03,500g Strawberry Muesli,Finished Product,F03,500g,Strawberry Muesli,938,938,ST,6.23,5843.74,1153.74,EUR,4690.00000,0.80
103,.1~104,104,H2,01,19,01/19,2024-01-19T00:00:00,4,19,15347,1,02,Nrth Rhine Westfalia,West,ESSEN,Germany,45127,80153,12,HH-F06,500g Mixed Fruit Muesli,Finished Product,F06,500g,Mixed Fruit Muesli,1007,1007,ST,6.13,6172.91,1137.91,EUR,5035.00000,0.82
104,.1~105,105,H2,01,19,01/19,2024-01-19T00:00:00,4,19,15347,2,02,Nrth Rhine Westfalia,West,ESSEN,Germany,45127,80153,12,HH-F06,500g Mixed Fruit Muesli,Finished Product,F06,500g,Mixed Fruit Muesli,985,985,ST,6.13,6038.05,1113.05,EUR,4925.00000,0.82
105,.1~106,106,H2,01,19,01/19,2024-01-19T00:00:00,4,19,15355,1,02,Berlin,North,BERLIN,Germany,10178,80198,14,HH-F01,500g Nut Muesli,Finished Product,F01,500g,Nut Muesli,694,694,ST,5.90,4094.60,624.60,EUR,3470.00000,0.85
106,.1~107,107,H2,01,19,01/19,2024-01-19T00:00:00,4,19,15357,1,02,Nrth Rhine Westfalia,West,WUPPERTAL,Germany,42275,80259,14,HH-F01,500g Nut Muesli,Finished Product,F01,500g,Nut Muesli,769,769,ST,5.90,4537.10,692.10,EUR,3845.00000,0.85
107,.1~108,108,H2,01,19,01/19,2024-01-19T00:00:00,4,19,15364,1,02,Thuringia,South,JENA,Germany,07747,80291,14,HH-F02,500g Blueberry Muesli,Finished Product,F02,500g,Blueberry Muesli,654,654,ST,6.23,4074.42,804.42,EUR,3270.00000,0.80
108,.1~109,109,H2,01,19,01/19,2024-01-19T00:00:00,4,19,15362,1,02,Hessen,South,FRANKFURT/MAIN,Germany,60313,80207,14,HH-F02,500g Blueberry Muesli,Finished Product,F02,500g,Blueberry Muesli,833,833,ST,6.23,5189.59,1024.59,EUR,4165.00000,0.80
109,.1~110,110,H2,01,19,01/19,2024-01-19T00:00:00,4,19,15361,1,02,Rhineland Palatinate,West,TRIER,Germany,54294,80267,14,HH-F02,500g Blueberry Muesli,Finished Product,F02,500g,Blueberry Muesli,807,807,ST,6.23,5027.61,992.61,EUR,4035.00000,0.80
110,.1~111,111,H2,01,19,01/19,2024-01-19T00:00:00,4,19,15351,1,02,Saxony,North,DRESDEN,Germany,01139,80272,14,HH-F02,500g Blueberry Muesli,Finished Product,F02,500g,Blueberry Muesli,810,810,ST,6.23,5046.30,996.30,EUR,4050.00000,0.80
111,.1~112,112,H2,01,19,01/19,2024-01-19T00:00:00,4,19,15358,1,02,Nrth Rhine Westfalia,West,WUPPERTAL,Germany,42103,80260,14,HH-F06,500g Mixed Fruit Muesli,Finished Product,F06,500g,Mixed Fruit Muesli,797,797,ST,6.13,4885.61,900.61,EUR,3985.00000,0.82
112,.1~113,113,H2,01,19,01/19,2024-01-19T00:00:00,4,19,15363,1,02,Bavaria,South,MÜNCHEN,Germany,80335,80186,14,HH-F06,500g Mixed Fruit Muesli,Finished Product,F06,500g,Mixed Fruit Muesli,795,795,ST,6.13,4873.35,898.35,EUR,3975.00000,0.82
113,.1~114,114,H2,01,20,01/20,2024-01-20T00:00:00,4,20,15378,1,02,Nrth Rhine Westfalia,West,BRÜHL,Germany,50321,80149,12,HH-F01,500g Nut Muesli,Finished Product,F01,500g,Nut Muesli,1186,1186,ST,5.90,6997.40,1067.40,EUR,5930.00000,0.85
114,.1~115,115,H2,01,20,01/20,2024-01-20T00:00:00,4,20,15372,1,02,Saxony,North,CHEMNITZ,Germany,09111,80165,12,HH-F02,500g Blueberry Muesli,Finished Product,F02,500g,Blueberry Muesli,1138,1138,ST,6.23,7089.74,1399.74,EUR,5690.00000,0.80
115,.1~116,116,H2,01,20,01/20,2024-01-20T00:00:00,4,20,15375,1,02,Hamburg,North,HAMBURG,Germany,22765,80135,12,HH-F02,500g Blueberry Muesli,Finished Product,F02,500g,Blueberry Muesli,1056,1056,ST,6.23,6578.88,1298.88,EUR,5280.00000,0.80
116,.1~117,117,H2,01,20,01/20,2024-01-20T00:00:00,4,20,15377,1,02,Nrth Rhine Westfalia,West,KREFELD,Germany,47798,80157,12,HH-F02,500g Blueberry Muesli,Finished Product,F02,500g,Blueberry Muesli,968,968,ST,6.23,6030.64,1190.64,EUR,4840.00000,0.80
117,.1~118,118,H2,01,20,01/20,2024-01-20T00:00:00,4,20,15377,2,02,Nrth Rhine Westfalia,West,KREFELD,Germany,47798,80157,12,HH-F02,500g Blueberry Muesli,Finished Product,F02,500g,Blueberry Muesli,1037,1037,ST,6.23,6460.51,1275.51,EUR,5185.00000,0.80
118,.1~119,119,H2,01,20,01/20,2024-01-20T00:00:00,4,20,15377,3,02,Nrth Rhine Westfalia,West,KREFELD,Germany,47798,80157,12,HH-F02,500g Blueberry Muesli,Finished Product,F02,500g,Blueberry Muesli,1014,1014,ST,6.23,6317.22,1247.22,EUR,5070.00000,0.80
119,.1~120,120,H2,01,20,01/20,2024-01-20T00:00:00,4,20,15387,1,02,Nrth Rhine Westfalia,West,BIELEFELD,Germany,33611,80231,14,HH-F02,500g Blueberry Muesli,Finished Product,F02,500g,Blueberry Muesli,710,710,ST,6.23,4423.30,873.30,EUR,3550.00000,0.80
120,.1~121,121,H2,01,20,01/20,2024-01-20T00:00:00,4,20,15379,1,02,Lower Saxony,North,HILDESHEIM,Germany,31137,80223,14,HH-F03,500g Strawberry Muesli,Finished Product,F03,500g,Strawberry Muesli,729,729,ST,6.23,4541.67,896.67,EUR,3645.00000,0.80
121,.1~122,122,H2,01,20,01/20,2024-01-20T00:00:00,4,20,15386,1,02,Rhineland Palatinate,West,MAINZ,Germany,55252,80265,14,HH-F03,500g Strawberry Muesli,Finished Product,F03,500g,Strawberry Muesli,771,771,ST,6.23,4803.33,948.33,EUR,3855.00000,0.80
122,.1~123,123,H2,01,20,01/20,2024-01-20T00:00:00,4,20,15390,1,02,Hessen,South,GIEßEN,Germany,35390,80210,14,HH-F06,500g Mixed Fruit Muesli,Finished Product,F06,500g,Mixed Fruit Muesli,772,772,ST,6.13,4732.36,872.36,EUR,3860.00000,0.82
