,ID,ROW_ID,PURCHASING_ORGANIZATION,SIM_ROUND,SIM_STEP,SIM_DATE,SIM_CALENDAR_DATE,SIM_PERIOD,SIM_ELAPSED_STEPS,MATERIAL_NUMBER,MATERIAL_DESCRIPTION,MATERIAL_TYPE,VENDOR_CODE,VENDOR_NAME,NET_PRICE,CURRENCY
0,.1~1,1,H2,01,01,01/01,2024-01-01T00:00:00,1,1,HH-P01,Large Box (1kg),Raw materials,V02,Continental Printing Co.,0.28,EUR
1,.1~2,2,H2,01,01,01/01,2024-01-01T00:00:00,1,1,HH-P02,Large Bag (1kg),Raw materials,V02,Continental Printing Co.,0.12,EUR
2,.1~3,3,H2,01,01,01/01,2024-01-01T00:00:00,1,1,HH-P03,Small Box (500g),Raw materials,V02,Continental Printing Co.,0.21,EUR
3,.1~4,4,H2,01,01,01/01,2024-01-01T00:00:00,1,1,HH-P04,Small Bag (500g),Raw materials,V02,Continental Printing Co.,0.09,EUR
4,.1~5,5,H2,01,01,01/01,2024-01-01T00:00:00,1,1,HH-R01,Nuts,Raw materials,V01,Foodbroker Inc.,1.82,EUR
5,.1~6,6,H2,01,01,01/01,2024-01-01T00:00:00,1,1,HH-R02,Blueberries,Raw materials,V01,Foodbroker Inc.,4.00,EUR
6,.1~7,7,H2,01,01,01/01,2024-01-01T00:00:00,1,1,HH-R03,Strawberries,Raw materials,V01,Foodbroker Inc.,4.02,EUR
7,.1~8,8,H2,01,01,01/01,2024-01-01T00:00:00,1,1,HH-R04,Raisins,Raw materials,V01,Foodbroker Inc.,1.07,EUR
8,.1~9,9,H2,01,01,01/01,2024-01-01T00:00:00,1,1,HH-R05,Wheat,Raw materials,V01,Foodbroker Inc.,0.99,EUR
9,.1~10,10,H2,01,01,01/01,2024-01-01T00:00:00,1,1,HH-R06,Oats,Raw materials,V01,Foodbroker Inc.,0.92,EUR
10,.1~11,11,H2,01,02,01/02,2024-01-02T00:00:00,1,2,HH-P01,Large Box (1kg),Raw materials,V02,Continental Printing Co.,0.28,EUR
11,.1~12,12,H2,01,02,01/02,2024-01-02T00:00:00,1,2,HH-P02,Large Bag (1kg),Raw materials,V02,Continental Printing Co.,0.12,EUR
12,.1~13,13,H2,01,02,01/02,2024-01-02T00:00:00,1,2,HH-P03,Small Box (500g),Raw materials,V02,Continental Printing Co.,0.21,EUR
13,.1~14,14,H2,01,02,01/02,2024-01-02T00:00:00,1,2,HH-P04,Small Bag (500g),Raw materials,V02,Continental Printing Co.,0.09,EUR
14,.1~15,15,H2,01,02,01/02,2024-01-02T00:00:00,1,2,HH-R01,Nuts,Raw materials,V01,Foodbroker Inc.,1.82,EUR
15,.1~16,16,H2,01,02,01/02,2024-01-02T00:00:00,1,2,HH-R02,Blueberries,Raw materials,V01,Foodbroker Inc.,4.00,EUR
16,.1~17,17,H2,01,02,01/02,2024-01-02T00:00:00,1,2,HH-R03,Strawberries,Raw materials,V01,Foodbroker Inc.,4.02,EUR
17,.1~18,18,H2,01,02,01/02,2024-01-02T00:00:00,1,2,HH-R04,Raisins,Raw materials,V01,Foodbroker Inc.,1.07,EUR
18,.1~19,19,H2,01,02,01/02,2024-01-02T00:00:00,1,2,HH-R05,Wheat,Raw materials,V01,Foodbroker Inc.,0.99,EUR
19,.1~20,20,H2,01,02,01/02,2024-01-02T00:00:00,1,2,HH-R06,Oats,Raw materials,V01,Foodbroker Inc.,0.92,EUR
20,.1~21,21,H2,01,03,01/03,2024-01-03T00:00:00,1,3,HH-P01,Large Box (1kg),Raw materials,V02,Continental Printing Co.,0.28,EUR
21,.1~22,22,H2,01,03,01/03,2024-01-03T00:00:00,1,3,HH-P02,Large Bag (1kg),Raw materials,V02,Continental Printing Co.,0.12,EUR
22,.1~23,23,H2,01,03,01/03,2024-01-03T00:00:00,1,3,HH-P03,Small Box (500g),Raw materials,V02,Continental Printing Co.,0.21,EUR
23,.1~24,24,H2,01,03,01/03,2024-01-03T00:00:00,1,3,HH-P04,Small Bag (500g),Raw materials,V02,Continental Printing Co.,0.09,EUR
24,.1~25,25,H2,01,03,01/03,2024-01-03T00:00:00,1,3,HH-R01,Nuts,Raw materials,V01,Foodbroker Inc.,1.82,EUR
25,.1~26,26,H2,01,03,01/03,2024-01-03T00:00:00,1,3,HH-R02,Blueberries,Raw materials,V01,Foodbroker Inc.,4.00,EUR
26,.1~27,27,H2,01,03,01/03,2024-01-03T00:00:00,1,3,HH-R03,Strawberries,Raw materials,V01,Foodbroker Inc.,4.02,EUR
27,.1~28,28,H2,01,03,01/03,2024-01-03T00:00:00,1,3,HH-R04,Raisins,Raw materials,V01,Foodbroker Inc.,1.07,EUR
28,.1~29,29,H2,01,03,01/03,2024-01-03T00:00:00,1,3,HH-R05,Wheat,Raw materials,V01,Foodbroker Inc.,0.99,EUR
29,.1~30,30,H2,01,03,01/03,2024-01-03T00:00:00,1,3,HH-R06,Oats,Raw materials,V01,Foodbroker Inc.,0.92,EUR
30,.1~31,31,H2,01,04,01/04,2024-01-04T00:00:00,1,4,HH-P01,Large Box (1kg),Raw materials,V02,Continental Printing Co.,0.28,EUR
31,.1~32,32,H2,01,04,01/04,2024-01-04T00:00:00,1,4,HH-P02,Large Bag (1kg),Raw materials,V02,Continental Printing Co.,0.12,EUR
32,.1~33,33,H2,01,04,01/04,2024-01-04T00:00:00,1,4,HH-P03,Small Box (500g),Raw materials,V02,Continental Printing Co.,0.21,EUR
33,.1~34,34,H2,01,04,01/04,2024-01-04T00:00:00,1,4,HH-P04,Small Bag (500g),Raw materials,V02,Continental Printing Co.,0.09,EUR
34,.1~35,35,H2,01,04,01/04,2024-01-04T00:00:00,1,4,HH-R01,Nuts,Raw materials,V01,Foodbroker Inc.,1.82,EUR
35,.1~36,36,H2,01,04,01/04,2024-01-04T00:00:00,1,4,HH-R02,Blueberries,Raw materials,V01,Foodbroker Inc.,4.00,EUR
36,.1~37,37,H2,01,04,01/04,2024-01-04T00:00:00,1,4,HH-R03,Strawberries,Raw materials,V01,Foodbroker Inc.,4.02,EUR
37,.1~38,38,H2,01,04,01/04,2024-01-04T00:00:00,1,4,HH-R04,Raisins,Raw materials,V01,Foodbroker Inc.,1.07,EUR
38,.1~39,39,H2,01,04,01/04,2024-01-04T00:00:00,1,4,HH-R05,Wheat,Raw materials,V01,Foodbroker Inc.,0.99,EUR
39,.1~40,40,H2,01,04,01/04,2024-01-04T00:00:00,1,4,HH-R06,Oats,Raw materials,V01,Foodbroker Inc.,0.92,EUR
40,.1~41,41,H2,01,05,01/05,2024-01-05T00:00:00,1,5,HH-P01,Large Box (1kg),Raw materials,V02,Continental Printing Co.,0.28,EUR
41,.1~42,42,H2,01,05,01/05,2024-01-05T00:00:00,1,5,HH-P02,Large Bag (1kg),Raw materials,V02,Continental Printing Co.,0.12,EUR
42,.1~43,43,H2,01,05,01/05,2024-01-05T00:00:00,1,5,HH-P03,Small Box (500g),Raw materials,V02,Continental Printing Co.,0.21,EUR
43,.1~44,44,H2,01,05,01/05,2024-01-05T00:00:00,1,5,HH-P04,Small Bag (500g),Raw materials,V02,Continental Printing Co.,0.09,EUR
44,.1~45,45,H2,01,05,01/05,2024-01-05T00:00:00,1,5,HH-R01,Nuts,Raw materials,V01,Foodbroker Inc.,1.82,EUR
45,.1~46,46,H2,01,05,01/05,2024-01-05T00:00:00,1,5,HH-R02,Blueberries,Raw materials,V01,Foodbroker Inc.,4.00,EUR
46,.1~47,47,H2,01,05,01/05,2024-01-05T00:00:00,1,5,HH-R03,Strawberries,Raw materials,V01,Foodbroker Inc.,4.02,EUR
47,.1~48,48,H2,01,05,01/05,2024-01-05T00:00:00,1,5,HH-R04,Raisins,Raw materials,V01,Foodbroker Inc.,1.07,EUR
48,.1~49,49,H2,01,05,01/05,2024-01-05T00:00:00,1,5,HH-R05,Wheat,Raw materials,V01,Foodbroker Inc.,0.99,EUR
49,.1~50,50,H2,01,05,01/05,2024-01-05T00:00:00,1,5,HH-R06,Oats,Raw materials,V01,Foodbroker Inc.,0.92,EUR
50,.1~51,51,H2,01,06,01/06,2024-01-06T00:00:00,2,6,HH-P01,Large Box (1kg),Raw materials,V02,Continental Printing Co.,0.28,EUR
51,.1~52,52,H2,01,06,01/06,2024-01-06T00:00:00,2,6,HH-P02,Large Bag (1kg),Raw materials,V02,Continental Printing Co.,0.12,EUR
52,.1~53,53,H2,01,06,01/06,2024-01-06T00:00:00,2,6,HH-P03,Small Box (500g),Raw materials,V02,Continental Printing Co.,0.21,EUR
53,.1~54,54,H2,01,06,01/06,2024-01-06T00:00:00,2,6,HH-P04,Small Bag (500g),Raw materials,V02,Continental Printing Co.,0.09,EUR
54,.1~55,55,H2,01,06,01/06,2024-01-06T00:00:00,2,6,HH-R01,Nuts,Raw materials,V01,Foodbroker Inc.,1.75,EUR
55,.1~56,56,H2,01,06,01/06,2024-01-06T00:00:00,2,6,HH-R02,Blueberries,Raw materials,V01,Foodbroker Inc.,3.93,EUR
56,.1~57,57,H2,01,06,01/06,2024-01-06T00:00:00,2,6,HH-R03,Strawberries,Raw materials,V01,Foodbroker Inc.,4.19,EUR
57,.1~58,58,H2,01,06,01/06,2024-01-06T00:00:00,2,6,HH-R04,Raisins,Raw materials,V01,Foodbroker Inc.,1.18,EUR
58,.1~59,59,H2,01,06,01/06,2024-01-06T00:00:00,2,6,HH-R05,Wheat,Raw materials,V01,Foodbroker Inc.,0.94,EUR
59,.1~60,60,H2,01,06,01/06,2024-01-06T00:00:00,2,6,HH-R06,Oats,Raw materials,V01,Foodbroker Inc.,0.84,EUR
60,.1~61,61,H2,01,07,01/07,2024-01-07T00:00:00,2,7,HH-P01,Large Box (1kg),Raw materials,V02,Continental Printing Co.,0.28,EUR
61,.1~62,62,H2,01,07,01/07,2024-01-07T00:00:00,2,7,HH-P02,Large Bag (1kg),Raw materials,V02,Continental Printing Co.,0.12,EUR
62,.1~63,63,H2,01,07,01/07,2024-01-07T00:00:00,2,7,HH-P03,Small Box (500g),Raw materials,V02,Continental Printing Co.,0.21,EUR
63,.1~64,64,H2,01,07,01/07,2024-01-07T00:00:00,2,7,HH-P04,Small Bag (500g),Raw materials,V02,Continental Printing Co.,0.09,EUR
64,.1~65,65,H2,01,07,01/07,2024-01-07T00:00:00,2,7,HH-R01,Nuts,Raw materials,V01,Foodbroker Inc.,1.75,EUR
65,.1~66,66,H2,01,07,01/07,2024-01-07T00:00:00,2,7,HH-R02,Blueberries,Raw materials,V01,Foodbroker Inc.,3.93,EUR
66,.1~67,67,H2,01,07,01/07,2024-01-07T00:00:00,2,7,HH-R03,Strawberries,Raw materials,V01,Foodbroker Inc.,4.19,EUR
67,.1~68,68,H2,01,07,01/07,2024-01-07T00:00:00,2,7,HH-R04,Raisins,Raw materials,V01,Foodbroker Inc.,1.18,EUR
68,.1~69,69,H2,01,07,01/07,2024-01-07T00:00:00,2,7,HH-R05,Wheat,Raw materials,V01,Foodbroker Inc.,0.94,EUR
69,.1~70,70,H2,01,07,01/07,2024-01-07T00:00:00,2,7,HH-R06,Oats,Raw materials,V01,Foodbroker Inc.,0.84,EUR
70,.1~71,71,H2,01,08,01/08,2024-01-08T00:00:00,2,8,HH-P01,Large Box (1kg),Raw materials,V02,Continental Printing Co.,0.28,EUR
71,.1~72,72,H2,01,08,01/08,2024-01-08T00:00:00,2,8,HH-P02,Large Bag (1kg),Raw materials,V02,Continental Printing Co.,0.12,EUR
72,.1~73,73,H2,01,08,01/08,2024-01-08T00:00:00,2,8,HH-P03,Small Box (500g),Raw materials,V02,Continental Printing Co.,0.21,EUR
73,.1~74,74,H2,01,08,01/08,2024-01-08T00:00:00,2,8,HH-P04,Small Bag (500g),Raw materials,V02,Continental Printing Co.,0.09,EUR
74,.1~75,75,H2,01,08,01/08,2024-01-08T00:00:00,2,8,HH-R01,Nuts,Raw materials,V01,Foodbroker Inc.,1.75,EUR
75,.1~76,76,H2,01,08,01/08,2024-01-08T00:00:00,2,8,HH-R02,Blueberries,Raw materials,V01,Foodbroker Inc.,3.93,EUR
76,.1~77,77,H2,01,08,01/08,2024-01-08T00:00:00,2,8,HH-R03,Strawberries,Raw materials,V01,Foodbroker Inc.,4.19,EUR
77,.1~78,78,H2,01,08,01/08,2024-01-08T00:00:00,2,8,HH-R04,Raisins,Raw materials,V01,Foodbroker Inc.,1.18,EUR
78,.1~79,79,H2,01,08,01/08,2024-01-08T00:00:00,2,8,HH-R05,Wheat,Raw materials,V01,Foodbroker Inc.,0.94,EUR
79,.1~80,80,H2,01,08,01/08,2024-01-08T00:00:00,2,8,HH-R06,Oats,Raw materials,V01,Foodbroker Inc.,0.84,EUR
80,.1~81,81,H2,01,09,01/09,2024-01-09T00:00:00,2,9,HH-P01,Large Box (1kg),Raw materials,V02,Continental Printing Co.,0.28,EUR
81,.1~82,82,H2,01,09,01/09,2024-01-09T00:00:00,2,9,HH-P02,Large Bag (1kg),Raw materials,V02,Continental Printing Co.,0.12,EUR
82,.1~83,83,H2,01,09,01/09,2024-01-09T00:00:00,2,9,HH-P03,Small Box (500g),Raw materials,V02,Continental Printing Co.,0.21,EUR
83,.1~84,84,H2,01,09,01/09,2024-01-09T00:00:00,2,9,HH-P04,Small Bag (500g),Raw materials,V02,Continental Printing Co.,0.09,EUR
84,.1~85,85,H2,01,09,01/09,2024-01-09T00:00:00,2,9,HH-R01,Nuts,Raw materials,V01,Foodbroker Inc.,1.75,EUR
85,.1~86,86,H2,01,09,01/09,2024-01-09T00:00:00,2,9,HH-R02,Blueberries,Raw materials,V01,Foodbroker Inc.,3.93,EUR
86,.1~87,87,H2,01,09,01/09,2024-01-09T00:00:00,2,9,HH-R03,Strawberries,Raw materials,V01,Foodbroker Inc.,4.19,EUR
87,.1~88,88,H2,01,09,01/09,2024-01-09T00:00:00,2,9,HH-R04,Raisins,Raw materials,V01,Foodbroker Inc.,1.18,EUR
88,.1~89,89,H2,01,09,01/09,2024-01-09T00:00:00,2,9,HH-R05,Wheat,Raw materials,V01,Foodbroker Inc.,0.94,EUR
89,.1~90,90,H2,01,09,01/09,2024-01-09T00:00:00,2,9,HH-R06,Oats,Raw materials,V01,Foodbroker Inc.,0.84,EUR
90,.1~91,91,H2,01,10,01/10,2024-01-10T00:00:00,2,10,HH-P01,Large Box (1kg),Raw materials,V02,Continental Printing Co.,0.28,EUR
91,.1~92,92,H2,01,10,01/10,2024-01-10T00:00:00,2,10,HH-P02,Large Bag (1kg),Raw materials,V02,Continental Printing Co.,0.12,EUR
92,.1~93,93,H2,01,10,01/10,2024-01-10T00:00:00,2,10,HH-P03,Small Box (500g),Raw materials,V02,Continental Printing Co.,0.21,EUR
93,.1~94,94,H2,01,10,01/10,2024-01-10T00:00:00,2,10,HH-P04,Small Bag (500g),Raw materials,V02,Continental Printing Co.,0.09,EUR
94,.1~95,95,H2,01,10,01/10,2024-01-10T00:00:00,2,10,HH-R01,Nuts,Raw materials,V01,Foodbroker Inc.,1.75,EUR
95,.1~96,96,H2,01,10,01/10,2024-01-10T00:00:00,2,10,HH-R02,Blueberries,Raw materials,V01,Foodbroker Inc.,3.93,EUR
96,.1~97,97,H2,01,10,01/10,2024-01-10T00:00:00,2,10,HH-R03,Strawberries,Raw materials,V01,Foodbroker Inc.,4.19,EUR
97,.1~98,98,H2,01,10,01/10,2024-01-10T00:00:00,2,10,HH-R04,Raisins,Raw materials,V01,Foodbroker Inc.,1.18,EUR
98,.1~99,99,H2,01,10,01/10,2024-01-10T00:00:00,2,10,HH-R05,Wheat,Raw materials,V01,Foodbroker Inc.,0.94,EUR
99,.1~100,100,H2,01,10,01/10,2024-01-10T00:00:00,2,10,HH-R06,Oats,Raw materials,V01,Foodbroker Inc.,0.84,EUR
100,.1~101,101,H2,01,11,01/11,2024-01-11T00:00:00,3,11,HH-P01,Large Box (1kg),Raw materials,V02,Continental Printing Co.,0.28,EUR
101,.1~102,102,H2,01,11,01/11,2024-01-11T00:00:00,3,11,HH-P02,Large Bag (1kg),Raw materials,V02,Continental Printing Co.,0.12,EUR
102,.1~103,103,H2,01,11,01/11,2024-01-11T00:00:00,3,11,HH-P03,Small Box (500g),Raw materials,V02,Continental Printing Co.,0.21,EUR
103,.1~104,104,H2,01,11,01/11,2024-01-11T00:00:00,3,11,HH-P04,Small Bag (500g),Raw materials,V02,Continental Printing Co.,0.09,EUR
104,.1~105,105,H2,01,11,01/11,2024-01-11T00:00:00,3,11,HH-R01,Nuts,Raw materials,V01,Foodbroker Inc.,1.83,EUR
105,.1~106,106,H2,01,11,01/11,2024-01-11T00:00:00,3,11,HH-R02,Blueberries,Raw materials,V01,Foodbroker Inc.,3.96,EUR
106,.1~107,107,H2,01,11,01/11,2024-01-11T00:00:00,3,11,HH-R03,Strawberries,Raw materials,V01,Foodbroker Inc.,4.25,EUR
107,.1~108,108,H2,01,11,01/11,2024-01-11T00:00:00,3,11,HH-R04,Raisins,Raw materials,V01,Foodbroker Inc.,1.23,EUR
108,.1~109,109,H2,01,11,01/11,2024-01-11T00:00:00,3,11,HH-R05,Wheat,Raw materials,V01,Foodbroker Inc.,0.92,EUR
109,.1~110,110,H2,01,11,01/11,2024-01-11T00:00:00,3,11,HH-R06,Oats,Raw materials,V01,Foodbroker Inc.,0.78,EUR
110,.1~111,111,H2,01,12,01/12,2024-01-12T00:00:00,3,12,HH-P01,Large Box (1kg),Raw materials,V02,Continental Printing Co.,0.28,EUR
111,.1~112,112,H2,01,12,01/12,2024-01-12T00:00:00,3,12,HH-P02,Large Bag (1kg),Raw materials,V02,Continental Printing Co.,0.12,EUR
112,.1~113,113,H2,01,12,01/12,2024-01-12T00:00:00,3,12,HH-P03,Small Box (500g),Raw materials,V02,Continental Printing Co.,0.21,EUR
113,.1~114,114,H2,01,12,01/12,2024-01-12T00:00:00,3,12,HH-P04,Small Bag (500g),Raw materials,V02,Continental Printing Co.,0.09,EUR
114,.1~115,115,H2,01,12,01/12,2024-01-12T00:00:00,3,12,HH-R01,Nuts,Raw materials,V01,Foodbroker Inc.,1.83,EUR
115,.1~116,116,H2,01,12,01/12,2024-01-12T00:00:00,3,12,HH-R02,Blueberries,Raw materials,V01,Foodbroker Inc.,3.96,EUR
116,.1~117,117,H2,01,12,01/12,2024-01-12T00:00:00,3,12,HH-R03,Strawberries,Raw materials,V01,Foodbroker Inc.,4.25,EUR
117,.1~118,118,H2,01,12,01/12,2024-01-12T00:00:00,3,12,HH-R04,Raisins,Raw materials,V01,Foodbroker Inc.,1.23,EUR
118,.1~119,119,H2,01,12,01/12,2024-01-12T00:00:00,3,12,HH-R05,Wheat,Raw materials,V01,Foodbroker Inc.,0.92,EUR
119,.1~120,120,H2,01,12,01/12,2024-01-12T00:00:00,3,12,HH-R06,Oats,Raw materials,V01,Foodbroker Inc.,0.78,EUR
120,.1~121,121,H2,01,13,01/13,2024-01-13T00:00:00,3,13,HH-P01,Large Box (1kg),Raw materials,V02,Continental Printing Co.,0.28,EUR
121,.1~122,122,H2,01,13,01/13,2024-01-13T00:00:00,3,13,HH-P02,Large Bag (1kg),Raw materials,V02,Continental Printing Co.,0.12,EUR
122,.1~123,123,H2,01,13,01/13,2024-01-13T00:00:00,3,13,HH-P03,Small Box (500g),Raw materials,V02,Continental Printing Co.,0.21,EUR
123,.1~124,124,H2,01,13,01/13,2024-01-13T00:00:00,3,13,HH-P04,Small Bag (500g),Raw materials,V02,Continental Printing Co.,0.09,EUR
124,.1~125,125,H2,01,13,01/13,2024-01-13T00:00:00,3,13,HH-R01,Nuts,Raw materials,V01,Foodbroker Inc.,1.83,EUR
125,.1~126,126,H2,01,13,01/13,2024-01-13T00:00:00,3,13,HH-R02,Blueberries,Raw materials,V01,Foodbroker Inc.,3.96,EUR
126,.1~127,127,H2,01,13,01/13,2024-01-13T00:00:00,3,13,HH-R03,Strawberries,Raw materials,V01,Foodbroker Inc.,4.25,EUR
127,.1~128,128,H2,01,13,01/13,2024-01-13T00:00:00,3,13,HH-R04,Raisins,Raw materials,V01,Foodbroker Inc.,1.23,EUR
128,.1~129,129,H2,01,13,01/13,2024-01-13T00:00:00,3,13,HH-R05,Wheat,Raw materials,V01,Foodbroker Inc.,0.92,EUR
129,.1~130,130,H2,01,13,01/13,2024-01-13T00:00:00,3,13,HH-R06,Oats,Raw materials,V01,Foodbroker Inc.,0.78,EUR
130,.1~131,131,H2,01,14,01/14,2024-01-14T00:00:00,3,14,HH-P01,Large Box (1kg),Raw materials,V02,Continental Printing Co.,0.28,EUR
131,.1~132,132,H2,01,14,01/14,2024-01-14T00:00:00,3,14,HH-P02,Large Bag (1kg),Raw materials,V02,Continental Printing Co.,0.12,EUR
132,.1~133,133,H2,01,14,01/14,2024-01-14T00:00:00,3,14,HH-P03,Small Box (500g),Raw materials,V02,Continental Printing Co.,0.21,EUR
133,.1~134,134,H2,01,14,01/14,2024-01-14T00:00:00,3,14,HH-P04,Small Bag (500g),Raw materials,V02,Continental Printing Co.,0.09,EUR
134,.1~135,135,H2,01,14,01/14,2024-01-14T00:00:00,3,14,HH-R01,Nuts,Raw materials,V01,Foodbroker Inc.,1.83,EUR
135,.1~136,136,H2,01,14,01/14,2024-01-14T00:00:00,3,14,HH-R02,Blueberries,Raw materials,V01,Foodbroker Inc.,3.96,EUR
136,.1~137,137,H2,01,14,01/14,2024-01-14T00:00:00,3,14,HH-R03,Strawberries,Raw materials,V01,Foodbroker Inc.,4.25,EUR
137,.1~138,138,H2,01,14,01/14,2024-01-14T00:00:00,3,14,HH-R04,Raisins,Raw materials,V01,Foodbroker Inc.,1.23,EUR
138,.1~139,139,H2,01,14,01/14,2024-01-14T00:00:00,3,14,HH-R05,Wheat,Raw materials,V01,Foodbroker Inc.,0.92,EUR
139,.1~140,140,H2,01,14,01/14,2024-01-14T00:00:00,3,14,HH-R06,Oats,Raw materials,V01,Foodbroker Inc.,0.78,EUR
140,.1~141,141,H2,01,15,01/15,2024-01-15T00:00:00,3,15,HH-P01,Large Box (1kg),Raw materials,V02,Continental Printing Co.,0.28,EUR
141,.1~142,142,H2,01,15,01/15,2024-01-15T00:00:00,3,15,HH-P02,Large Bag (1kg),Raw materials,V02,Continental Printing Co.,0.12,EUR
142,.1~143,143,H2,01,15,01/15,2024-01-15T00:00:00,3,15,HH-P03,Small Box (500g),Raw materials,V02,Continental Printing Co.,0.21,EUR
143,.1~144,144,H2,01,15,01/15,2024-01-15T00:00:00,3,15,HH-P04,Small Bag (500g),Raw materials,V02,Continental Printing Co.,0.09,EUR
144,.1~145,145,H2,01,15,01/15,2024-01-15T00:00:00,3,15,HH-R01,Nuts,Raw materials,V01,Foodbroker Inc.,1.83,EUR
145,.1~146,146,H2,01,15,01/15,2024-01-15T00:00:00,3,15,HH-R02,Blueberries,Raw materials,V01,Foodbroker Inc.,3.96,EUR
146,.1~147,147,H2,01,15,01/15,2024-01-15T00:00:00,3,15,HH-R03,Strawberries,Raw materials,V01,Foodbroker Inc.,4.25,EUR
147,.1~148,148,H2,01,15,01/15,2024-01-15T00:00:00,3,15,HH-R04,Raisins,Raw materials,V01,Foodbroker Inc.,1.23,EUR
148,.1~149,149,H2,01,15,01/15,2024-01-15T00:00:00,3,15,HH-R05,Wheat,Raw materials,V01,Foodbroker Inc.,0.92,EUR
149,.1~150,150,H2,01,15,01/15,2024-01-15T00:00:00,3,15,HH-R06,Oats,Raw materials,V01,Foodbroker Inc.,0.78,EUR
150,.1~151,151,H2,01,16,01/16,2024-01-16T00:00:00,4,16,HH-P01,Large Box (1kg),Raw materials,V02,Continental Printing Co.,0.28,EUR
151,.1~152,152,H2,01,16,01/16,2024-01-16T00:00:00,4,16,HH-P02,Large Bag (1kg),Raw materials,V02,Continental Printing Co.,0.12,EUR
152,.1~153,153,H2,01,16,01/16,2024-01-16T00:00:00,4,16,HH-P03,Small Box (500g),Raw materials,V02,Continental Printing Co.,0.21,EUR
153,.1~154,154,H2,01,16,01/16,2024-01-16T00:00:00,4,16,HH-P04,Small Bag (500g),Raw materials,V02,Continental Printing Co.,0.09,EUR
154,.1~155,155,H2,01,16,01/16,2024-01-16T00:00:00,4,16,HH-R01,Nuts,Raw materials,V01,Foodbroker Inc.,1.87,EUR
155,.1~156,156,H2,01,16,01/16,2024-01-16T00:00:00,4,16,HH-R02,Blueberries,Raw materials,V01,Foodbroker Inc.,4.01,EUR
156,.1~157,157,H2,01,16,01/16,2024-01-16T00:00:00,4,16,HH-R03,Strawberries,Raw materials,V01,Foodbroker Inc.,4.27,EUR
157,.1~158,158,H2,01,16,01/16,2024-01-16T00:00:00,4,16,HH-R04,Raisins,Raw materials,V01,Foodbroker Inc.,1.34,EUR
158,.1~159,159,H2,01,16,01/16,2024-01-16T00:00:00,4,16,HH-R05,Wheat,Raw materials,V01,Foodbroker Inc.,0.90,EUR
159,.1~160,160,H2,01,16,01/16,2024-01-16T00:00:00,4,16,HH-R06,Oats,Raw materials,V01,Foodbroker Inc.,0.75,EUR
160,.1~161,161,H2,01,17,01/17,2024-01-17T00:00:00,4,17,HH-P01,Large Box (1kg),Raw materials,V02,Continental Printing Co.,0.28,EUR
161,.1~162,162,H2,01,17,01/17,2024-01-17T00:00:00,4,17,HH-P02,Large Bag (1kg),Raw materials,V02,Continental Printing Co.,0.12,EUR
162,.1~163,163,H2,01,17,01/17,2024-01-17T00:00:00,4,17,HH-P03,Small Box (500g),Raw materials,V02,Continental Printing Co.,0.21,EUR
163,.1~164,164,H2,01,17,01/17,2024-01-17T00:00:00,4,17,HH-P04,Small Bag (500g),Raw materials,V02,Continental Printing Co.,0.09,EUR
164,.1~165,165,H2,01,17,01/17,2024-01-17T00:00:00,4,17,HH-R01,Nuts,Raw materials,V01,Foodbroker Inc.,1.87,EUR
165,.1~166,166,H2,01,17,01/17,2024-01-17T00:00:00,4,17,HH-R02,Blueberries,Raw materials,V01,Foodbroker Inc.,4.01,EUR
166,.1~167,167,H2,01,17,01/17,2024-01-17T00:00:00,4,17,HH-R03,Strawberries,Raw materials,V01,Foodbroker Inc.,4.27,EUR
167,.1~168,168,H2,01,17,01/17,2024-01-17T00:00:00,4,17,HH-R04,Raisins,Raw materials,V01,Foodbroker Inc.,1.34,EUR
168,.1~169,169,H2,01,17,01/17,2024-01-17T00:00:00,4,17,HH-R05,Wheat,Raw materials,V01,Foodbroker Inc.,0.90,EUR
169,.1~170,170,H2,01,17,01/17,2024-01-17T00:00:00,4,17,HH-R06,Oats,Raw materials,V01,Foodbroker Inc.,0.75,EUR
170,.1~171,171,H2,01,18,01/18,2024-01-18T00:00:00,4,18,HH-P01,Large Box (1kg),Raw materials,V02,Continental Printing Co.,0.28,EUR
171,.1~172,172,H2,01,18,01/18,2024-01-18T00:00:00,4,18,HH-P02,Large Bag (1kg),Raw materials,V02,Continental Printing Co.,0.12,EUR
172,.1~173,173,H2,01,18,01/18,2024-01-18T00:00:00,4,18,HH-P03,Small Box (500g),Raw materials,V02,Continental Printing Co.,0.21,EUR
173,.1~174,174,H2,01,18,01/18,2024-01-18T00:00:00,4,18,HH-P04,Small Bag (500g),Raw materials,V02,Continental Printing Co.,0.09,EUR
174,.1~175,175,H2,01,18,01/18,2024-01-18T00:00:00,4,18,HH-R01,Nuts,Raw materials,V01,Foodbroker Inc.,1.87,EUR
175,.1~176,176,H2,01,18,01/18,2024-01-18T00:00:00,4,18,HH-R02,Blueberries,Raw materials,V01,Foodbroker Inc.,4.01,EUR
176,.1~177,177,H2,01,18,01/18,2024-01-18T00:00:00,4,18,HH-R03,Strawberries,Raw materials,V01,Foodbroker Inc.,4.27,EUR
177,.1~178,178,H2,01,18,01/18,2024-01-18T00:00:00,4,18,HH-R04,Raisins,Raw materials,V01,Foodbroker Inc.,1.34,EUR
178,.1~179,179,H2,01,18,01/18,2024-01-18T00:00:00,4,18,HH-R05,Wheat,Raw materials,V01,Foodbroker Inc.,0.90,EUR
179,.1~180,180,H2,01,18,01/18,2024-01-18T00:00:00,4,18,HH-R06,Oats,Raw materials,V01,Foodbroker Inc.,0.75,EUR
180,.1~181,181,H2,01,19,01/19,2024-01-19T00:00:00,4,19,HH-P01,Large Box (1kg),Raw materials,V02,Continental Printing Co.,0.28,EUR
181,.1~182,182,H2,01,19,01/19,2024-01-19T00:00:00,4,19,HH-P02,Large Bag (1kg),Raw materials,V02,Continental Printing Co.,0.12,EUR
182,.1~183,183,H2,01,19,01/19,2024-01-19T00:00:00,4,19,HH-P03,Small Box (500g),Raw materials,V02,Continental Printing Co.,0.21,EUR
183,.1~184,184,H2,01,19,01/19,2024-01-19T00:00:00,4,19,HH-P04,Small Bag (500g),Raw materials,V02,Continental Printing Co.,0.09,EUR
184,.1~185,185,H2,01,19,01/19,2024-01-19T00:00:00,4,19,HH-R01,Nuts,Raw materials,V01,Foodbroker Inc.,1.87,EUR
185,.1~186,186,H2,01,19,01/19,2024-01-19T00:00:00,4,19,HH-R02,Blueberries,Raw materials,V01,Foodbroker Inc.,4.01,EUR
186,.1~187,187,H2,01,19,01/19,2024-01-19T00:00:00,4,19,HH-R03,Strawberries,Raw materials,V01,Foodbroker Inc.,4.27,EUR
187,.1~188,188,H2,01,19,01/19,2024-01-19T00:00:00,4,19,HH-R04,Raisins,Raw materials,V01,Foodbroker Inc.,1.34,EUR
188,.1~189,189,H2,01,19,01/19,2024-01-19T00:00:00,4,19,HH-R05,Wheat,Raw materials,V01,Foodbroker Inc.,0.90,EUR
189,.1~190,190,H2,01,19,01/19,2024-01-19T00:00:00,4,19,HH-R06,Oats,Raw materials,V01,Foodbroker Inc.,0.75,EUR
190,.1~191,191,H2,01,20,01/20,2024-01-20T00:00:00,4,20,HH-P01,Large Box (1kg),Raw materials,V02,Continental Printing Co.,0.28,EUR
191,.1~192,192,H2,01,20,01/20,2024-01-20T00:00:00,4,20,HH-P02,Large Bag (1kg),Raw materials,V02,Continental Printing Co.,0.12,EUR
192,.1~193,193,H2,01,20,01/20,2024-01-20T00:00:00,4,20,HH-P03,Small Box (500g),Raw materials,V02,Continental Printing Co.,0.21,EUR
193,.1~194,194,H2,01,20,01/20,2024-01-20T00:00:00,4,20,HH-P04,Small Bag (500g),Raw materials,V02,Continental Printing Co.,0.09,EUR
194,.1~195,195,H2,01,20,01/20,2024-01-20T00:00:00,4,20,HH-R01,Nuts,Raw materials,V01,Foodbroker Inc.,1.87,EUR
195,.1~196,196,H2,01,20,01/20,2024-01-20T00:00:00,4,20,HH-R02,Blueberries,Raw materials,V01,Foodbroker Inc.,4.01,EUR
196,.1~197,197,H2,01,20,01/20,2024-01-20T00:00:00,4,20,HH-R03,Strawberries,Raw materials,V01,Foodbroker Inc.,4.27,EUR
197,.1~198,198,H2,01,20,01/20,2024-01-20T00:00:00,4,20,HH-R04,Raisins,Raw materials,V01,Foodbroker Inc.,1.34,EUR
198,.1~199,199,H2,01,20,01/20,2024-01-20T00:00:00,4,20,HH-R05,Wheat,Raw materials,V01,Foodbroker Inc.,0.90,EUR
199,.1~200,200,H2,01,20,01/20,2024-01-20T00:00:00,4,20,HH-R06,Oats,Raw materials,V01,Foodbroker Inc.,0.75,EUR
