,ID,ROW_ID,COMPANY_CODE,SIM_ROUND,SIM_STEP,SIM_DATE,SIM_CALENDAR_DATE,SIM_PERIOD,SIM_ELAPSED_STEPS,GL_ACCOUNT_NUMBER,GL_ACCOUNT_NAME,FS_LEVEL_1,FS_LEVEL_2,FS_LEVEL_3,FS_LEVEL_4,DEBIT_CREDIT_INDICATOR,AMOUNT_ABS,AMOUNT,AMOUNT_INV,AMOUNT_BS,AMOUNT_IS,CURRENCY
0,.1~1,1,C2,01,01,01/01,2024-01-01T00:00:00,1,1,1000,Land,Balance Sheet,Assets,Long-Term Assets,,Debit,500000.00,500000.00,-500000.00,500000.00,0.00,EUR
1,.1~2,2,C2,01,01,01/01,2024-01-01T00:00:00,1,1,2000,Buildings,Balance Sheet,Assets,Long-Term Assets,,Debit,1500000.00,1500000.00,-1500000.00,1500000.00,0.00,EUR
2,.1~3,3,C2,01,01,01/01,2024-01-01T00:00:00,1,1,11000,Machinery and equipment,Balance Sheet,Assets,Long-Term Assets,,Debit,26000000.00,26000000.00,-26000000.00,26000000.00,0.00,EUR
3,.1~4,4,C2,01,01,01/01,2024-01-01T00:00:00,1,1,70000,Common stock,Balance Sheet,Liabilities and Owners' Equity,Equity,Shareholders Equity,Credit,20000000.00,-20000000.00,20000000.00,-20000000.00,0.00,EUR
4,.1~5,5,C2,01,01,01/01,2024-01-01T00:00:00,1,1,113101,Bank Loan,Balance Sheet,Liabilities and Owners' Equity,Liabilities,Current Liabilities,Credit,8500000.00,-8500000.00,8500000.00,-8500000.00,0.00,EUR
5,.1~6,6,C2,01,01,01/01,2024-01-01T00:00:00,1,1,113300,Bank Cash Account,Balance Sheet,Assets,Current Assets,,Credit,28500000.00,-28500000.00,28500000.00,-28500000.00,0.00,EUR
6,.1~7,7,C2,01,01,01/01,2024-01-01T00:00:00,1,1,113300,Bank Cash Account,Balance Sheet,Assets,Current Assets,,Debit,28500000.00,28500000.00,-28500000.00,28500000.00,0.00,EUR
7,.1~8,8,C2,01,01,01/01,2024-01-01T00:00:00,1,1,478000,Lean Manufacturing Program Expenses,Income Statement,"Sales, General, and Administrative Expenses",Production Improvement Expenses,,Debit,500000.00,500000.00,-500000.00,0.00,-500000.00,EUR
8,.1~9,9,C2,01,02,01/02,2024-01-02T00:00:00,1,2,160000,Accounts payable-domestic,Balance Sheet,Liabilities and Owners' Equity,Liabilities,Current Liabilities,Credit,469528.00,-469528.00,469528.00,-469528.00,0.00,EUR
9,.1~10,10,C2,01,02,01/02,2024-01-02T00:00:00,1,2,191100,GR/IR Clearing - External procurement,Balance Sheet,Liabilities and Owners' Equity,Liabilities,Current Liabilities,Credit,469528.00,-469528.00,469528.00,-469528.00,0.00,EUR
10,.1~11,11,C2,01,02,01/02,2024-01-02T00:00:00,1,2,191100,GR/IR Clearing - External procurement,Balance Sheet,Liabilities and Owners' Equity,Liabilities,Current Liabilities,Debit,469528.00,469528.00,-469528.00,469528.00,0.00,EUR
11,.1~12,12,C2,01,02,01/02,2024-01-02T00:00:00,1,2,300000,Raw materials,Balance Sheet,Assets,Current Assets,,Debit,469528.00,469528.00,-469528.00,469528.00,0.00,EUR
12,.1~13,13,C2,01,03,01/03,2024-01-03T00:00:00,1,3,300000,Raw materials,Balance Sheet,Assets,Current Assets,,Credit,23588.50,-23588.50,23588.50,-23588.50,0.00,EUR
13,.1~14,14,C2,01,03,01/03,2024-01-03T00:00:00,1,3,400000,Consumption Raw Materials,Income Statement,Inventory Change,,,Debit,23588.50,23588.50,-23588.50,0.00,-23588.50,EUR
14,.1~15,15,C2,01,03,01/03,2024-01-03T00:00:00,1,3,792000,Finished goods,Balance Sheet,Assets,Current Assets,,Debit,23400.00,23400.00,-23400.00,23400.00,0.00,EUR
15,.1~16,16,C2,01,03,01/03,2024-01-03T00:00:00,1,3,895000,Total Finished Products Produced,Income Statement,Inventory Change,,,Credit,23400.00,-23400.00,23400.00,0.00,23400.00,EUR
16,.1~17,17,C2,01,04,01/04,2024-01-04T00:00:00,1,4,140000,Customers - Domestic Receivables,Balance Sheet,Assets,Current Assets,,Debit,49373.56,49373.56,-49373.56,49373.56,0.00,EUR
17,.1~18,18,C2,01,04,01/04,2024-01-04T00:00:00,1,4,300000,Raw materials,Balance Sheet,Assets,Current Assets,,Credit,19959.50,-19959.50,19959.50,-19959.50,0.00,EUR
18,.1~19,19,C2,01,04,01/04,2024-01-04T00:00:00,1,4,400000,Consumption Raw Materials,Income Statement,Inventory Change,,,Debit,19959.50,19959.50,-19959.50,0.00,-19959.50,EUR
19,.1~20,20,C2,01,04,01/04,2024-01-04T00:00:00,1,4,792000,Finished goods,Balance Sheet,Assets,Current Assets,,Credit,7057.80,-7057.80,7057.80,-7057.80,0.00,EUR
20,.1~21,21,C2,01,04,01/04,2024-01-04T00:00:00,1,4,792000,Finished goods,Balance Sheet,Assets,Current Assets,,Debit,19800.00,19800.00,-19800.00,19800.00,0.00,EUR
21,.1~22,22,C2,01,04,01/04,2024-01-04T00:00:00,1,4,800000,Sales revenues - domestic,Income Statement,Revenues,,,Credit,49373.56,-49373.56,49373.56,0.00,49373.56,EUR
22,.1~23,23,C2,01,04,01/04,2024-01-04T00:00:00,1,4,893010,Total fin.prod. sold,Income Statement,Cost of Goods Sold,,,Debit,7057.80,7057.80,-7057.80,0.00,-7057.80,EUR
23,.1~24,24,C2,01,04,01/04,2024-01-04T00:00:00,1,4,895000,Total Finished Products Produced,Income Statement,Inventory Change,,,Credit,19800.00,-19800.00,19800.00,0.00,19800.00,EUR
24,.1~25,25,C2,01,05,01/05,2024-01-05T00:00:00,1,5,2010,Accumulated Depreciation - Buildings,Balance Sheet,Assets,Long-Term Assets,,Credit,1250.00,-1250.00,1250.00,-1250.00,0.00,EUR
25,.1~26,26,C2,01,05,01/05,2024-01-05T00:00:00,1,5,11010,Accumulated depreciation - machinery and equipment,Balance Sheet,Assets,Long-Term Assets,,Credit,54166.67,-54166.67,54166.67,-54166.67,0.00,EUR
26,.1~27,27,C2,01,05,01/05,2024-01-05T00:00:00,1,5,113101,Bank Loan,Balance Sheet,Liabilities and Owners' Equity,Liabilities,Current Liabilities,Credit,15094.65,-15094.65,15094.65,-15094.65,0.00,EUR
27,.1~28,28,C2,01,05,01/05,2024-01-05T00:00:00,1,5,113300,Bank Cash Account,Balance Sheet,Assets,Current Assets,,Credit,90094.65,-90094.65,90094.65,-90094.65,0.00,EUR
28,.1~29,29,C2,01,05,01/05,2024-01-05T00:00:00,1,5,113300,Bank Cash Account,Balance Sheet,Assets,Current Assets,,Debit,15094.65,15094.65,-15094.65,15094.65,0.00,EUR
29,.1~30,30,C2,01,05,01/05,2024-01-05T00:00:00,1,5,140000,Customers - Domestic Receivables,Balance Sheet,Assets,Current Assets,,Debit,10122.04,10122.04,-10122.04,10122.04,0.00,EUR
30,.1~31,31,C2,01,05,01/05,2024-01-05T00:00:00,1,5,211120,Depreciation-buildings,Income Statement,Operating Expenses,,,Debit,1250.00,1250.00,-1250.00,0.00,-1250.00,EUR
31,.1~32,32,C2,01,05,01/05,2024-01-05T00:00:00,1,5,211130,Depreciation - machinery and equipment,Income Statement,Operating Expenses,,,Debit,54166.67,54166.67,-54166.67,0.00,-54166.67,EUR
32,.1~33,33,C2,01,05,01/05,2024-01-05T00:00:00,1,5,300000,Raw materials,Balance Sheet,Assets,Current Assets,,Credit,31755.26,-31755.26,31755.26,-31755.26,0.00,EUR
33,.1~34,34,C2,01,05,01/05,2024-01-05T00:00:00,1,5,400000,Consumption Raw Materials,Income Statement,Inventory Change,,,Debit,31755.26,31755.26,-31755.26,0.00,-31755.26,EUR
34,.1~35,35,C2,01,05,01/05,2024-01-05T00:00:00,1,5,476900,Interest expenses,Income Statement,"Sales, General, and Administrative Expenses",Interest Expenses,,Debit,15094.65,15094.65,-15094.65,0.00,-15094.65,EUR
35,.1~36,36,C2,01,05,01/05,2024-01-05T00:00:00,1,5,500000,Direct labor costs,Income Statement,Operating Expenses,,,Debit,20000.00,20000.00,-20000.00,0.00,-20000.00,EUR
36,.1~37,37,C2,01,05,01/05,2024-01-05T00:00:00,1,5,510000,Factory Overhead Expenses,Income Statement,Operating Expenses,,,Debit,15000.00,15000.00,-15000.00,0.00,-15000.00,EUR
37,.1~38,38,C2,01,05,01/05,2024-01-05T00:00:00,1,5,520000,"Sales, General and Administrative Expenses",Income Statement,"Sales, General, and Administrative Expenses",SG&A,,Debit,40000.00,40000.00,-40000.00,0.00,-40000.00,EUR
38,.1~39,39,C2,01,05,01/05,2024-01-05T00:00:00,1,5,792000,Finished goods,Balance Sheet,Assets,Current Assets,,Credit,1424.70,-1424.70,1424.70,-1424.70,0.00,EUR
39,.1~40,40,C2,01,05,01/05,2024-01-05T00:00:00,1,5,792000,Finished goods,Balance Sheet,Assets,Current Assets,,Debit,31569.18,31569.18,-31569.18,31569.18,0.00,EUR
40,.1~41,41,C2,01,05,01/05,2024-01-05T00:00:00,1,5,800000,Sales revenues - domestic,Income Statement,Revenues,,,Credit,10122.04,-10122.04,10122.04,0.00,10122.04,EUR
41,.1~42,42,C2,01,05,01/05,2024-01-05T00:00:00,1,5,893010,Total fin.prod. sold,Income Statement,Cost of Goods Sold,,,Debit,1424.70,1424.70,-1424.70,0.00,-1424.70,EUR
42,.1~43,43,C2,01,05,01/05,2024-01-05T00:00:00,1,5,895000,Total Finished Products Produced,Income Statement,Inventory Change,,,Credit,31569.18,-31569.18,31569.18,0.00,31569.18,EUR
43,.1~44,44,C2,01,06,01/06,2024-01-06T00:00:00,2,6,113101,Bank Loan,Balance Sheet,Liabilities and Owners' Equity,Liabilities,Current Liabilities,Credit,75000.00,-75000.00,75000.00,-75000.00,0.00,EUR
44,.1~45,45,C2,01,06,01/06,2024-01-06T00:00:00,2,6,113300,Bank Cash Account,Balance Sheet,Assets,Current Assets,,Debit,75000.00,75000.00,-75000.00,75000.00,0.00,EUR
45,.1~46,46,C2,01,06,01/06,2024-01-06T00:00:00,2,6,140000,Customers - Domestic Receivables,Balance Sheet,Assets,Current Assets,,Debit,74287.27,74287.27,-74287.27,74287.27,0.00,EUR
46,.1~47,47,C2,01,06,01/06,2024-01-06T00:00:00,2,6,300000,Raw materials,Balance Sheet,Assets,Current Assets,,Credit,27632.74,-27632.74,27632.74,-27632.74,0.00,EUR
47,.1~48,48,C2,01,06,01/06,2024-01-06T00:00:00,2,6,400000,Consumption Raw Materials,Income Statement,Inventory Change,,,Debit,27632.74,27632.74,-27632.74,0.00,-27632.74,EUR
48,.1~49,49,C2,01,06,01/06,2024-01-06T00:00:00,2,6,792000,Finished goods,Balance Sheet,Assets,Current Assets,,Credit,13283.52,-13283.52,13283.52,-13283.52,0.00,EUR
49,.1~50,50,C2,01,06,01/06,2024-01-06T00:00:00,2,6,792000,Finished goods,Balance Sheet,Assets,Current Assets,,Debit,27470.82,27470.82,-27470.82,27470.82,0.00,EUR
50,.1~51,51,C2,01,06,01/06,2024-01-06T00:00:00,2,6,800000,Sales revenues - domestic,Income Statement,Revenues,,,Credit,74287.27,-74287.27,74287.27,0.00,74287.27,EUR
51,.1~52,52,C2,01,06,01/06,2024-01-06T00:00:00,2,6,893010,Total fin.prod. sold,Income Statement,Cost of Goods Sold,,,Debit,13283.52,13283.52,-13283.52,0.00,-13283.52,EUR
52,.1~53,53,C2,01,06,01/06,2024-01-06T00:00:00,2,6,895000,Total Finished Products Produced,Income Statement,Inventory Change,,,Credit,27470.82,-27470.82,27470.82,0.00,27470.82,EUR
53,.1~54,54,C2,01,07,01/07,2024-01-07T00:00:00,2,7,113300,Bank Cash Account,Balance Sheet,Assets,Current Assets,,Debit,4936.80,4936.80,-4936.80,4936.80,0.00,EUR
54,.1~55,55,C2,01,07,01/07,2024-01-07T00:00:00,2,7,140000,Customers - Domestic Receivables,Balance Sheet,Assets,Current Assets,,Credit,4936.80,-4936.80,4936.80,-4936.80,0.00,EUR
55,.1~56,56,C2,01,07,01/07,2024-01-07T00:00:00,2,7,140000,Customers - Domestic Receivables,Balance Sheet,Assets,Current Assets,,Debit,59866.38,59866.38,-59866.38,59866.38,0.00,EUR
56,.1~57,57,C2,01,07,01/07,2024-01-07T00:00:00,2,7,300000,Raw materials,Balance Sheet,Assets,Current Assets,,Credit,35198.81,-35198.81,35198.81,-35198.81,0.00,EUR
57,.1~58,58,C2,01,07,01/07,2024-01-07T00:00:00,2,7,400000,Consumption Raw Materials,Income Statement,Inventory Change,,,Debit,35198.81,35198.81,-35198.81,0.00,-35198.81,EUR
58,.1~59,59,C2,01,07,01/07,2024-01-07T00:00:00,2,7,792000,Finished goods,Balance Sheet,Assets,Current Assets,,Credit,10177.20,-10177.20,10177.20,-10177.20,0.00,EUR
59,.1~60,60,C2,01,07,01/07,2024-01-07T00:00:00,2,7,792000,Finished goods,Balance Sheet,Assets,Current Assets,,Debit,35211.48,35211.48,-35211.48,35211.48,0.00,EUR
60,.1~61,61,C2,01,07,01/07,2024-01-07T00:00:00,2,7,800000,Sales revenues - domestic,Income Statement,Revenues,,,Credit,59866.38,-59866.38,59866.38,0.00,59866.38,EUR
61,.1~62,62,C2,01,07,01/07,2024-01-07T00:00:00,2,7,893010,Total fin.prod. sold,Income Statement,Cost of Goods Sold,,,Debit,10177.20,10177.20,-10177.20,0.00,-10177.20,EUR
62,.1~63,63,C2,01,07,01/07,2024-01-07T00:00:00,2,7,895000,Total Finished Products Produced,Income Statement,Inventory Change,,,Credit,35211.48,-35211.48,35211.48,0.00,35211.48,EUR
63,.1~64,64,C2,01,08,01/08,2024-01-08T00:00:00,2,8,140000,Customers - Domestic Receivables,Balance Sheet,Assets,Current Assets,,Debit,190950.93,190950.93,-190950.93,190950.93,0.00,EUR
64,.1~65,65,C2,01,08,01/08,2024-01-08T00:00:00,2,8,300000,Raw materials,Balance Sheet,Assets,Current Assets,,Credit,36127.00,-36127.00,36127.00,-36127.00,0.00,EUR
65,.1~66,66,C2,01,08,01/08,2024-01-08T00:00:00,2,8,400000,Consumption Raw Materials,Income Statement,Inventory Change,,,Debit,36127.00,36127.00,-36127.00,0.00,-36127.00,EUR
66,.1~67,67,C2,01,08,01/08,2024-01-08T00:00:00,2,8,792000,Finished goods,Balance Sheet,Assets,Current Assets,,Credit,40619.83,-40619.83,40619.83,-40619.83,0.00,EUR
67,.1~68,68,C2,01,08,01/08,2024-01-08T00:00:00,2,8,792000,Finished goods,Balance Sheet,Assets,Current Assets,,Debit,36140.00,36140.00,-36140.00,36140.00,0.00,EUR
68,.1~69,69,C2,01,08,01/08,2024-01-08T00:00:00,2,8,800000,Sales revenues - domestic,Income Statement,Revenues,,,Credit,190950.93,-190950.93,190950.93,0.00,190950.93,EUR
69,.1~70,70,C2,01,08,01/08,2024-01-08T00:00:00,2,8,893010,Total fin.prod. sold,Income Statement,Cost of Goods Sold,,,Debit,40619.83,40619.83,-40619.83,0.00,-40619.83,EUR
70,.1~71,71,C2,01,08,01/08,2024-01-08T00:00:00,2,8,895000,Total Finished Products Produced,Income Statement,Inventory Change,,,Credit,36140.00,-36140.00,36140.00,0.00,36140.00,EUR
71,.1~72,72,C2,01,09,01/09,2024-01-09T00:00:00,2,9,140000,Customers - Domestic Receivables,Balance Sheet,Assets,Current Assets,,Debit,203541.19,203541.19,-203541.19,203541.19,0.00,EUR
72,.1~73,73,C2,01,09,01/09,2024-01-09T00:00:00,2,9,300000,Raw materials,Balance Sheet,Assets,Current Assets,,Credit,38068.15,-38068.15,38068.15,-38068.15,0.00,EUR
73,.1~74,74,C2,01,09,01/09,2024-01-09T00:00:00,2,9,400000,Consumption Raw Materials,Income Statement,Inventory Change,,,Debit,38068.15,38068.15,-38068.15,0.00,-38068.15,EUR
74,.1~75,75,C2,01,09,01/09,2024-01-09T00:00:00,2,9,792000,Finished goods,Balance Sheet,Assets,Current Assets,,Credit,41538.66,-41538.66,41538.66,-41538.66,0.00,EUR
75,.1~76,76,C2,01,09,01/09,2024-01-09T00:00:00,2,9,792000,Finished goods,Balance Sheet,Assets,Current Assets,,Debit,38123.96,38123.96,-38123.96,38123.96,0.00,EUR
76,.1~77,77,C2,01,09,01/09,2024-01-09T00:00:00,2,9,800000,Sales revenues - domestic,Income Statement,Revenues,,,Credit,203541.19,-203541.19,203541.19,0.00,203541.19,EUR
77,.1~78,78,C2,01,09,01/09,2024-01-09T00:00:00,2,9,893010,Total fin.prod. sold,Income Statement,Cost of Goods Sold,,,Debit,41538.66,41538.66,-41538.66,0.00,-41538.66,EUR
78,.1~79,79,C2,01,09,01/09,2024-01-09T00:00:00,2,9,895000,Total Finished Products Produced,Income Statement,Inventory Change,,,Credit,38123.96,-38123.96,38123.96,0.00,38123.96,EUR
79,.1~80,80,C2,01,10,01/10,2024-01-10T00:00:00,2,10,2010,Accumulated Depreciation - Buildings,Balance Sheet,Assets,Long-Term Assets,,Credit,1250.00,-1250.00,1250.00,-1250.00,0.00,EUR
80,.1~81,81,C2,01,10,01/10,2024-01-10T00:00:00,2,10,11010,Accumulated depreciation - machinery and equipment,Balance Sheet,Assets,Long-Term Assets,,Credit,54166.67,-54166.67,54166.67,-54166.67,0.00,EUR
81,.1~82,82,C2,01,10,01/10,2024-01-10T00:00:00,2,10,113101,Bank Loan,Balance Sheet,Liabilities and Owners' Equity,Liabilities,Current Liabilities,Credit,10553.92,-10553.92,10553.92,-10553.92,0.00,EUR
82,.1~83,83,C2,01,10,01/10,2024-01-10T00:00:00,2,10,113300,Bank Cash Account,Balance Sheet,Assets,Current Assets,,Credit,90490.72,-90490.72,90490.72,-90490.72,0.00,EUR
83,.1~84,84,C2,01,10,01/10,2024-01-10T00:00:00,2,10,113300,Bank Cash Account,Balance Sheet,Assets,Current Assets,,Debit,19354.48,19354.48,-19354.48,19354.48,0.00,EUR
84,.1~85,85,C2,01,10,01/10,2024-01-10T00:00:00,2,10,140000,Customers - Domestic Receivables,Balance Sheet,Assets,Current Assets,,Credit,8800.56,-8800.56,8800.56,-8800.56,0.00,EUR
85,.1~86,86,C2,01,10,01/10,2024-01-10T00:00:00,2,10,140000,Customers - Domestic Receivables,Balance Sheet,Assets,Current Assets,,Debit,173346.43,173346.43,-173346.43,173346.43,0.00,EUR
86,.1~87,87,C2,01,10,01/10,2024-01-10T00:00:00,2,10,160000,Accounts payable-domestic,Balance Sheet,Liabilities and Owners' Equity,Liabilities,Current Liabilities,Credit,438976.00,-438976.00,438976.00,-438976.00,0.00,EUR
87,.1~88,88,C2,01,10,01/10,2024-01-10T00:00:00,2,10,191100,GR/IR Clearing - External procurement,Balance Sheet,Liabilities and Owners' Equity,Liabilities,Current Liabilities,Credit,438976.00,-438976.00,438976.00,-438976.00,0.00,EUR
88,.1~89,89,C2,01,10,01/10,2024-01-10T00:00:00,2,10,191100,GR/IR Clearing - External procurement,Balance Sheet,Liabilities and Owners' Equity,Liabilities,Current Liabilities,Debit,438976.00,438976.00,-438976.00,438976.00,0.00,EUR
89,.1~90,90,C2,01,10,01/10,2024-01-10T00:00:00,2,10,211120,Depreciation-buildings,Income Statement,Operating Expenses,,,Debit,1250.00,1250.00,-1250.00,0.00,-1250.00,EUR
90,.1~91,91,C2,01,10,01/10,2024-01-10T00:00:00,2,10,211130,Depreciation - machinery and equipment,Income Statement,Operating Expenses,,,Debit,54166.67,54166.67,-54166.67,0.00,-54166.67,EUR
91,.1~92,92,C2,01,10,01/10,2024-01-10T00:00:00,2,10,300000,Raw materials,Balance Sheet,Assets,Current Assets,,Credit,58511.25,-58511.25,58511.25,-58511.25,0.00,EUR
92,.1~93,93,C2,01,10,01/10,2024-01-10T00:00:00,2,10,300000,Raw materials,Balance Sheet,Assets,Current Assets,,Debit,438976.00,438976.00,-438976.00,438976.00,0.00,EUR
93,.1~94,94,C2,01,10,01/10,2024-01-10T00:00:00,2,10,400000,Consumption Raw Materials,Income Statement,Inventory Change,,,Debit,58511.25,58511.25,-58511.25,0.00,-58511.25,EUR
94,.1~95,95,C2,01,10,01/10,2024-01-10T00:00:00,2,10,476900,Interest expenses,Income Statement,"Sales, General, and Administrative Expenses",Interest Expenses,,Debit,15490.72,15490.72,-15490.72,0.00,-15490.72,EUR
95,.1~96,96,C2,01,10,01/10,2024-01-10T00:00:00,2,10,500000,Direct labor costs,Income Statement,Operating Expenses,,,Debit,20000.00,20000.00,-20000.00,0.00,-20000.00,EUR
96,.1~97,97,C2,01,10,01/10,2024-01-10T00:00:00,2,10,510000,Factory Overhead Expenses,Income Statement,Operating Expenses,,,Debit,15000.00,15000.00,-15000.00,0.00,-15000.00,EUR
97,.1~98,98,C2,01,10,01/10,2024-01-10T00:00:00,2,10,520000,"Sales, General and Administrative Expenses",Income Statement,"Sales, General, and Administrative Expenses",SG&A,,Debit,40000.00,40000.00,-40000.00,0.00,-40000.00,EUR
98,.1~99,99,C2,01,10,01/10,2024-01-10T00:00:00,2,10,792000,Finished goods,Balance Sheet,Assets,Current Assets,,Credit,41978.09,-41978.09,41978.09,-41978.09,0.00,EUR
99,.1~100,100,C2,01,10,01/10,2024-01-10T00:00:00,2,10,792000,Finished goods,Balance Sheet,Assets,Current Assets,,Debit,59280.00,59280.00,-59280.00,59280.00,0.00,EUR
100,.1~101,101,C2,01,10,01/10,2024-01-10T00:00:00,2,10,800000,Sales revenues - domestic,Income Statement,Revenues,,,Credit,173346.43,-173346.43,173346.43,0.00,173346.43,EUR
101,.1~102,102,C2,01,10,01/10,2024-01-10T00:00:00,2,10,893010,Total fin.prod. sold,Income Statement,Cost of Goods Sold,,,Debit,41978.09,41978.09,-41978.09,0.00,-41978.09,EUR
102,.1~103,103,C2,01,10,01/10,2024-01-10T00:00:00,2,10,895000,Total Finished Products Produced,Income Statement,Inventory Change,,,Credit,59280.00,-59280.00,59280.00,0.00,59280.00,EUR
103,.1~104,104,C2,01,11,01/11,2024-01-11T00:00:00,3,11,113101,Bank Loan,Balance Sheet,Liabilities and Owners' Equity,Liabilities,Current Liabilities,Credit,66199.44,-66199.44,66199.44,-66199.44,0.00,EUR
104,.1~105,105,C2,01,11,01/11,2024-01-11T00:00:00,3,11,113300,Bank Cash Account,Balance Sheet,Assets,Current Assets,,Debit,74548.48,74548.48,-74548.48,74548.48,0.00,EUR
105,.1~106,106,C2,01,11,01/11,2024-01-11T00:00:00,3,11,140000,Customers - Domestic Receivables,Balance Sheet,Assets,Current Assets,,Credit,8349.04,-8349.04,8349.04,-8349.04,0.00,EUR
106,.1~107,107,C2,01,11,01/11,2024-01-11T00:00:00,3,11,140000,Customers - Domestic Receivables,Balance Sheet,Assets,Current Assets,,Debit,219652.87,219652.87,-219652.87,219652.87,0.00,EUR
107,.1~108,108,C2,01,11,01/11,2024-01-11T00:00:00,3,11,300000,Raw materials,Balance Sheet,Assets,Current Assets,,Credit,58511.25,-58511.25,58511.25,-58511.25,0.00,EUR
108,.1~109,109,C2,01,11,01/11,2024-01-11T00:00:00,3,11,400000,Consumption Raw Materials,Income Statement,Inventory Change,,,Debit,58511.25,58511.25,-58511.25,0.00,-58511.25,EUR
109,.1~110,110,C2,01,11,01/11,2024-01-11T00:00:00,3,11,792000,Finished goods,Balance Sheet,Assets,Current Assets,,Credit,51548.29,-51548.29,51548.29,-51548.29,0.00,EUR
110,.1~111,111,C2,01,11,01/11,2024-01-11T00:00:00,3,11,792000,Finished goods,Balance Sheet,Assets,Current Assets,,Debit,59280.00,59280.00,-59280.00,59280.00,0.00,EUR
111,.1~112,112,C2,01,11,01/11,2024-01-11T00:00:00,3,11,800000,Sales revenues - domestic,Income Statement,Revenues,,,Credit,219652.87,-219652.87,219652.87,0.00,219652.87,EUR
112,.1~113,113,C2,01,11,01/11,2024-01-11T00:00:00,3,11,893010,Total fin.prod. sold,Income Statement,Cost of Goods Sold,,,Debit,51548.29,51548.29,-51548.29,0.00,-51548.29,EUR
113,.1~114,114,C2,01,11,01/11,2024-01-11T00:00:00,3,11,895000,Total Finished Products Produced,Income Statement,Inventory Change,,,Credit,59280.00,-59280.00,59280.00,0.00,59280.00,EUR
114,.1~115,115,C2,01,12,01/12,2024-01-12T00:00:00,3,12,113300,Bank Cash Account,Balance Sheet,Assets,Current Assets,,Debit,4467.48,4467.48,-4467.48,4467.48,0.00,EUR
115,.1~116,116,C2,01,12,01/12,2024-01-12T00:00:00,3,12,140000,Customers - Domestic Receivables,Balance Sheet,Assets,Current Assets,,Credit,4467.48,-4467.48,4467.48,-4467.48,0.00,EUR
116,.1~117,117,C2,01,12,01/12,2024-01-12T00:00:00,3,12,140000,Customers - Domestic Receivables,Balance Sheet,Assets,Current Assets,,Debit,157504.20,157504.20,-157504.20,157504.20,0.00,EUR
117,.1~118,118,C2,01,12,01/12,2024-01-12T00:00:00,3,12,300000,Raw materials,Balance Sheet,Assets,Current Assets,,Credit,44758.53,-44758.53,44758.53,-44758.53,0.00,EUR
118,.1~119,119,C2,01,12,01/12,2024-01-12T00:00:00,3,12,400000,Consumption Raw Materials,Income Statement,Inventory Change,,,Debit,44758.53,44758.53,-44758.53,0.00,-44758.53,EUR
119,.1~120,120,C2,01,12,01/12,2024-01-12T00:00:00,3,12,792000,Finished goods,Balance Sheet,Assets,Current Assets,,Credit,43909.32,-43909.32,43909.32,-43909.32,0.00,EUR
120,.1~121,121,C2,01,12,01/12,2024-01-12T00:00:00,3,12,792000,Finished goods,Balance Sheet,Assets,Current Assets,,Debit,45479.04,45479.04,-45479.04,45479.04,0.00,EUR
121,.1~122,122,C2,01,12,01/12,2024-01-12T00:00:00,3,12,800000,Sales revenues - domestic,Income Statement,Revenues,,,Credit,157504.20,-157504.20,157504.20,0.00,157504.20,EUR
122,.1~123,123,C2,01,12,01/12,2024-01-12T00:00:00,3,12,893010,Total fin.prod. sold,Income Statement,Cost of Goods Sold,,,Debit,43909.32,43909.32,-43909.32,0.00,-43909.32,EUR
123,.1~124,124,C2,01,12,01/12,2024-01-12T00:00:00,3,12,895000,Total Finished Products Produced,Income Statement,Inventory Change,,,Credit,45479.04,-45479.04,45479.04,0.00,45479.04,EUR
124,.1~125,125,C2,01,13,01/13,2024-01-13T00:00:00,3,13,113300,Bank Cash Account,Balance Sheet,Assets,Current Assets,,Debit,17846.76,17846.76,-17846.76,17846.76,0.00,EUR
125,.1~126,126,C2,01,13,01/13,2024-01-13T00:00:00,3,13,140000,Customers - Domestic Receivables,Balance Sheet,Assets,Current Assets,,Credit,17846.76,-17846.76,17846.76,-17846.76,0.00,EUR
126,.1~127,127,C2,01,13,01/13,2024-01-13T00:00:00,3,13,140000,Customers - Domestic Receivables,Balance Sheet,Assets,Current Assets,,Debit,215371.08,215371.08,-215371.08,215371.08,0.00,EUR
127,.1~128,128,C2,01,13,01/13,2024-01-13T00:00:00,3,13,300000,Raw materials,Balance Sheet,Assets,Current Assets,,Credit,52939.92,-52939.92,52939.92,-52939.92,0.00,EUR
128,.1~129,129,C2,01,13,01/13,2024-01-13T00:00:00,3,13,400000,Consumption Raw Materials,Income Statement,Inventory Change,,,Debit,52939.92,52939.92,-52939.92,0.00,-52939.92,EUR
129,.1~130,130,C2,01,13,01/13,2024-01-13T00:00:00,3,13,792000,Finished goods,Balance Sheet,Assets,Current Assets,,Credit,55968.72,-55968.72,55968.72,-55968.72,0.00,EUR
130,.1~131,131,C2,01,13,01/13,2024-01-13T00:00:00,3,13,792000,Finished goods,Balance Sheet,Assets,Current Assets,,Debit,53820.00,53820.00,-53820.00,53820.00,0.00,EUR
131,.1~132,132,C2,01,13,01/13,2024-01-13T00:00:00,3,13,800000,Sales revenues - domestic,Income Statement,Revenues,,,Credit,215371.08,-215371.08,215371.08,0.00,215371.08,EUR
132,.1~133,133,C2,01,13,01/13,2024-01-13T00:00:00,3,13,893010,Total fin.prod. sold,Income Statement,Cost of Goods Sold,,,Debit,55968.72,55968.72,-55968.72,0.00,-55968.72,EUR
133,.1~134,134,C2,01,13,01/13,2024-01-13T00:00:00,3,13,895000,Total Finished Products Produced,Income Statement,Inventory Change,,,Credit,53820.00,-53820.00,53820.00,0.00,53820.00,EUR
134,.1~135,135,C2,01,14,01/14,2024-01-14T00:00:00,3,14,113300,Bank Cash Account,Balance Sheet,Assets,Current Assets,,Debit,20967.42,20967.42,-20967.42,20967.42,0.00,EUR
135,.1~136,136,C2,01,14,01/14,2024-01-14T00:00:00,3,14,140000,Customers - Domestic Receivables,Balance Sheet,Assets,Current Assets,,Credit,20967.42,-20967.42,20967.42,-20967.42,0.00,EUR
136,.1~137,137,C2,01,14,01/14,2024-01-14T00:00:00,3,14,140000,Customers - Domestic Receivables,Balance Sheet,Assets,Current Assets,,Debit,255630.84,255630.84,-255630.84,255630.84,0.00,EUR
137,.1~138,138,C2,01,14,01/14,2024-01-14T00:00:00,3,14,300000,Raw materials,Balance Sheet,Assets,Current Assets,,Credit,42191.12,-42191.12,42191.12,-42191.12,0.00,EUR
138,.1~139,139,C2,01,14,01/14,2024-01-14T00:00:00,3,14,400000,Consumption Raw Materials,Income Statement,Inventory Change,,,Debit,42191.12,42191.12,-42191.12,0.00,-42191.12,EUR
139,.1~140,140,C2,01,14,01/14,2024-01-14T00:00:00,3,14,792000,Finished goods,Balance Sheet,Assets,Current Assets,,Credit,72059.01,-72059.01,72059.01,-72059.01,0.00,EUR
140,.1~141,141,C2,01,14,01/14,2024-01-14T00:00:00,3,14,792000,Finished goods,Balance Sheet,Assets,Current Assets,,Debit,42891.42,42891.42,-42891.42,42891.42,0.00,EUR
141,.1~142,142,C2,01,14,01/14,2024-01-14T00:00:00,3,14,800000,Sales revenues - domestic,Income Statement,Revenues,,,Credit,255630.84,-255630.84,255630.84,0.00,255630.84,EUR
142,.1~143,143,C2,01,14,01/14,2024-01-14T00:00:00,3,14,893010,Total fin.prod. sold,Income Statement,Cost of Goods Sold,,,Debit,72059.01,72059.01,-72059.01,0.00,-72059.01,EUR
143,.1~144,144,C2,01,14,01/14,2024-01-14T00:00:00,3,14,895000,Total Finished Products Produced,Income Statement,Inventory Change,,,Credit,42891.42,-42891.42,42891.42,0.00,42891.42,EUR
144,.1~145,145,C2,01,15,01/15,2024-01-15T00:00:00,3,15,2010,Accumulated Depreciation - Buildings,Balance Sheet,Assets,Long-Term Assets,,Credit,1250.00,-1250.00,1250.00,-1250.00,0.00,EUR
145,.1~146,146,C2,01,15,01/15,2024-01-15T00:00:00,3,15,11010,Accumulated depreciation - machinery and equipment,Balance Sheet,Assets,Long-Term Assets,,Credit,54166.67,-54166.67,54166.67,-54166.67,0.00,EUR
146,.1~147,147,C2,01,15,01/15,2024-01-15T00:00:00,3,15,113300,Bank Cash Account,Balance Sheet,Assets,Current Assets,,Credit,94767.30,-94767.30,94767.30,-94767.30,0.00,EUR
147,.1~148,148,C2,01,15,01/15,2024-01-15T00:00:00,3,15,113300,Bank Cash Account,Balance Sheet,Assets,Current Assets,,Debit,10083.04,10083.04,-10083.04,10083.04,0.00,EUR
148,.1~149,149,C2,01,15,01/15,2024-01-15T00:00:00,3,15,140000,Customers - Domestic Receivables,Balance Sheet,Assets,Current Assets,,Credit,10083.04,-10083.04,10083.04,-10083.04,0.00,EUR
149,.1~150,150,C2,01,15,01/15,2024-01-15T00:00:00,3,15,140000,Customers - Domestic Receivables,Balance Sheet,Assets,Current Assets,,Debit,225058.76,225058.76,-225058.76,225058.76,0.00,EUR
150,.1~151,151,C2,01,15,01/15,2024-01-15T00:00:00,3,15,211120,Depreciation-buildings,Income Statement,Operating Expenses,,,Debit,1250.00,1250.00,-1250.00,0.00,-1250.00,EUR
151,.1~152,152,C2,01,15,01/15,2024-01-15T00:00:00,3,15,211130,Depreciation - machinery and equipment,Income Statement,Operating Expenses,,,Debit,54166.67,54166.67,-54166.67,0.00,-54166.67,EUR
152,.1~153,153,C2,01,15,01/15,2024-01-15T00:00:00,3,15,300000,Raw materials,Balance Sheet,Assets,Current Assets,,Credit,31468.84,-31468.84,31468.84,-31468.84,0.00,EUR
153,.1~154,154,C2,01,15,01/15,2024-01-15T00:00:00,3,15,400000,Consumption Raw Materials,Income Statement,Inventory Change,,,Debit,31468.84,31468.84,-31468.84,0.00,-31468.84,EUR
154,.1~155,155,C2,01,15,01/15,2024-01-15T00:00:00,3,15,476900,Interest expenses,Income Statement,"Sales, General, and Administrative Expenses",Interest Expenses,,Debit,15467.30,15467.30,-15467.30,0.00,-15467.30,EUR
155,.1~156,156,C2,01,15,01/15,2024-01-15T00:00:00,3,15,478100,Warehousing Costs,Income Statement,Operating Expenses,,,Debit,4300.00,4300.00,-4300.00,0.00,-4300.00,EUR
156,.1~157,157,C2,01,15,01/15,2024-01-15T00:00:00,3,15,500000,Direct labor costs,Income Statement,Operating Expenses,,,Debit,20000.00,20000.00,-20000.00,0.00,-20000.00,EUR
157,.1~158,158,C2,01,15,01/15,2024-01-15T00:00:00,3,15,510000,Factory Overhead Expenses,Income Statement,Operating Expenses,,,Debit,15000.00,15000.00,-15000.00,0.00,-15000.00,EUR
158,.1~159,159,C2,01,15,01/15,2024-01-15T00:00:00,3,15,520000,"Sales, General and Administrative Expenses",Income Statement,"Sales, General, and Administrative Expenses",SG&A,,Debit,40000.00,40000.00,-40000.00,0.00,-40000.00,EUR
159,.1~160,160,C2,01,15,01/15,2024-01-15T00:00:00,3,15,792000,Finished goods,Balance Sheet,Assets,Current Assets,,Credit,64465.80,-64465.80,64465.80,-64465.80,0.00,EUR
160,.1~161,161,C2,01,15,01/15,2024-01-15T00:00:00,3,15,792000,Finished goods,Balance Sheet,Assets,Current Assets,,Debit,31980.00,31980.00,-31980.00,31980.00,0.00,EUR
161,.1~162,162,C2,01,15,01/15,2024-01-15T00:00:00,3,15,800000,Sales revenues - domestic,Income Statement,Revenues,,,Credit,225058.76,-225058.76,225058.76,0.00,225058.76,EUR
162,.1~163,163,C2,01,15,01/15,2024-01-15T00:00:00,3,15,893010,Total fin.prod. sold,Income Statement,Cost of Goods Sold,,,Debit,64465.80,64465.80,-64465.80,0.00,-64465.80,EUR
163,.1~164,164,C2,01,15,01/15,2024-01-15T00:00:00,3,15,895000,Total Finished Products Produced,Income Statement,Inventory Change,,,Credit,31980.00,-31980.00,31980.00,0.00,31980.00,EUR
164,.1~165,165,C2,01,16,01/16,2024-01-16T00:00:00,4,16,113101,Bank Loan,Balance Sheet,Liabilities and Owners' Equity,Liabilities,Current Liabilities,Credit,33053.56,-33053.56,33053.56,-33053.56,0.00,EUR
165,.1~166,166,C2,01,16,01/16,2024-01-16T00:00:00,4,16,113300,Bank Cash Account,Balance Sheet,Assets,Current Assets,,Debit,37773.44,37773.44,-37773.44,37773.44,0.00,EUR
166,.1~167,167,C2,01,16,01/16,2024-01-16T00:00:00,4,16,140000,Customers - Domestic Receivables,Balance Sheet,Assets,Current Assets,,Credit,4719.88,-4719.88,4719.88,-4719.88,0.00,EUR
167,.1~168,168,C2,01,16,01/16,2024-01-16T00:00:00,4,16,140000,Customers - Domestic Receivables,Balance Sheet,Assets,Current Assets,,Debit,168054.61,168054.61,-168054.61,168054.61,0.00,EUR
168,.1~169,169,C2,01,16,01/16,2024-01-16T00:00:00,4,16,300000,Raw materials,Balance Sheet,Assets,Current Assets,,Credit,31468.84,-31468.84,31468.84,-31468.84,0.00,EUR
169,.1~170,170,C2,01,16,01/16,2024-01-16T00:00:00,4,16,400000,Consumption Raw Materials,Income Statement,Inventory Change,,,Debit,31468.84,31468.84,-31468.84,0.00,-31468.84,EUR
170,.1~171,171,C2,01,16,01/16,2024-01-16T00:00:00,4,16,792000,Finished goods,Balance Sheet,Assets,Current Assets,,Credit,40915.56,-40915.56,40915.56,-40915.56,0.00,EUR
171,.1~172,172,C2,01,16,01/16,2024-01-16T00:00:00,4,16,792000,Finished goods,Balance Sheet,Assets,Current Assets,,Debit,31980.00,31980.00,-31980.00,31980.00,0.00,EUR
172,.1~173,173,C2,01,16,01/16,2024-01-16T00:00:00,4,16,800000,Sales revenues - domestic,Income Statement,Revenues,,,Credit,168054.61,-168054.61,168054.61,0.00,168054.61,EUR
173,.1~174,174,C2,01,16,01/16,2024-01-16T00:00:00,4,16,893010,Total fin.prod. sold,Income Statement,Cost of Goods Sold,,,Debit,40915.56,40915.56,-40915.56,0.00,-40915.56,EUR
174,.1~175,175,C2,01,16,01/16,2024-01-16T00:00:00,4,16,895000,Total Finished Products Produced,Income Statement,Inventory Change,,,Credit,31980.00,-31980.00,31980.00,0.00,31980.00,EUR
175,.1~176,176,C2,01,17,01/17,2024-01-17T00:00:00,4,17,113300,Bank Cash Account,Balance Sheet,Assets,Current Assets,,Debit,14646.68,14646.68,-14646.68,14646.68,0.00,EUR
176,.1~177,177,C2,01,17,01/17,2024-01-17T00:00:00,4,17,140000,Customers - Domestic Receivables,Balance Sheet,Assets,Current Assets,,Credit,14646.68,-14646.68,14646.68,-14646.68,0.00,EUR
177,.1~178,178,C2,01,17,01/17,2024-01-17T00:00:00,4,17,140000,Customers - Domestic Receivables,Balance Sheet,Assets,Current Assets,,Debit,19066.52,19066.52,-19066.52,19066.52,0.00,EUR
178,.1~179,179,C2,01,17,01/17,2024-01-17T00:00:00,4,17,300000,Raw materials,Balance Sheet,Assets,Current Assets,,Credit,21187.90,-21187.90,21187.90,-21187.90,0.00,EUR
179,.1~180,180,C2,01,17,01/17,2024-01-17T00:00:00,4,17,400000,Consumption Raw Materials,Income Statement,Inventory Change,,,Debit,21187.90,21187.90,-21187.90,0.00,-21187.90,EUR
180,.1~181,181,C2,01,17,01/17,2024-01-17T00:00:00,4,17,792000,Finished goods,Balance Sheet,Assets,Current Assets,,Credit,3135.27,-3135.27,3135.27,-3135.27,0.00,EUR
181,.1~182,182,C2,01,17,01/17,2024-01-17T00:00:00,4,17,792000,Finished goods,Balance Sheet,Assets,Current Assets,,Debit,21370.94,21370.94,-21370.94,21370.94,0.00,EUR
182,.1~183,183,C2,01,17,01/17,2024-01-17T00:00:00,4,17,800000,Sales revenues - domestic,Income Statement,Revenues,,,Credit,19066.52,-19066.52,19066.52,0.00,19066.52,EUR
183,.1~184,184,C2,01,17,01/17,2024-01-17T00:00:00,4,17,893010,Total fin.prod. sold,Income Statement,Cost of Goods Sold,,,Debit,3135.27,3135.27,-3135.27,0.00,-3135.27,EUR
184,.1~185,185,C2,01,17,01/17,2024-01-17T00:00:00,4,17,895000,Total Finished Products Produced,Income Statement,Inventory Change,,,Credit,21370.94,-21370.94,21370.94,0.00,21370.94,EUR
185,.1~186,186,C2,01,18,01/18,2024-01-18T00:00:00,4,18,140000,Customers - Domestic Receivables,Balance Sheet,Assets,Current Assets,,Debit,69611.66,69611.66,-69611.66,69611.66,0.00,EUR
186,.1~187,187,C2,01,18,01/18,2024-01-18T00:00:00,4,18,300000,Raw materials,Balance Sheet,Assets,Current Assets,,Credit,20555.34,-20555.34,20555.34,-20555.34,0.00,EUR
187,.1~188,188,C2,01,18,01/18,2024-01-18T00:00:00,4,18,400000,Consumption Raw Materials,Income Statement,Inventory Change,,,Debit,20555.34,20555.34,-20555.34,0.00,-20555.34,EUR
188,.1~189,189,C2,01,18,01/18,2024-01-18T00:00:00,4,18,792000,Finished goods,Balance Sheet,Assets,Current Assets,,Credit,13010.29,-13010.29,13010.29,-13010.29,0.00,EUR
189,.1~190,190,C2,01,18,01/18,2024-01-18T00:00:00,4,18,792000,Finished goods,Balance Sheet,Assets,Current Assets,,Debit,20540.00,20540.00,-20540.00,20540.00,0.00,EUR
190,.1~191,191,C2,01,18,01/18,2024-01-18T00:00:00,4,18,800000,Sales revenues - domestic,Income Statement,Revenues,,,Credit,69611.66,-69611.66,69611.66,0.00,69611.66,EUR
191,.1~192,192,C2,01,18,01/18,2024-01-18T00:00:00,4,18,893010,Total fin.prod. sold,Income Statement,Cost of Goods Sold,,,Debit,13010.29,13010.29,-13010.29,0.00,-13010.29,EUR
192,.1~193,193,C2,01,18,01/18,2024-01-18T00:00:00,4,18,895000,Total Finished Products Produced,Income Statement,Inventory Change,,,Credit,20540.00,-20540.00,20540.00,0.00,20540.00,EUR
193,.1~194,194,C2,01,19,01/19,2024-01-19T00:00:00,4,19,113300,Bank Cash Account,Balance Sheet,Assets,Current Assets,,Debit,77071.52,77071.52,-77071.52,77071.52,0.00,EUR
194,.1~195,195,C2,01,19,01/19,2024-01-19T00:00:00,4,19,140000,Customers - Domestic Receivables,Balance Sheet,Assets,Current Assets,,Credit,77071.52,-77071.52,77071.52,-77071.52,0.00,EUR
195,.1~196,196,C2,01,19,01/19,2024-01-19T00:00:00,4,19,140000,Customers - Domestic Receivables,Balance Sheet,Assets,Current Assets,,Debit,96939.73,96939.73,-96939.73,96939.73,0.00,EUR
196,.1~197,197,C2,01,19,01/19,2024-01-19T00:00:00,4,19,300000,Raw materials,Balance Sheet,Assets,Current Assets,,Credit,20555.34,-20555.34,20555.34,-20555.34,0.00,EUR
197,.1~198,198,C2,01,19,01/19,2024-01-19T00:00:00,4,19,400000,Consumption Raw Materials,Income Statement,Inventory Change,,,Debit,20555.34,20555.34,-20555.34,0.00,-20555.34,EUR
198,.1~199,199,C2,01,19,01/19,2024-01-19T00:00:00,4,19,792000,Finished goods,Balance Sheet,Assets,Current Assets,,Credit,15963.02,-15963.02,15963.02,-15963.02,0.00,EUR
199,.1~200,200,C2,01,19,01/19,2024-01-19T00:00:00,4,19,792000,Finished goods,Balance Sheet,Assets,Current Assets,,Debit,20540.00,20540.00,-20540.00,20540.00,0.00,EUR
200,.1~201,201,C2,01,19,01/19,2024-01-19T00:00:00,4,19,800000,Sales revenues - domestic,Income Statement,Revenues,,,Credit,96939.73,-96939.73,96939.73,0.00,96939.73,EUR
201,.1~202,202,C2,01,19,01/19,2024-01-19T00:00:00,4,19,893010,Total fin.prod. sold,Income Statement,Cost of Goods Sold,,,Debit,15963.02,15963.02,-15963.02,0.00,-15963.02,EUR
202,.1~203,203,C2,01,19,01/19,2024-01-19T00:00:00,4,19,895000,Total Finished Products Produced,Income Statement,Inventory Change,,,Credit,20540.00,-20540.00,20540.00,0.00,20540.00,EUR
203,.1~204,204,C2,01,20,01/20,2024-01-20T00:00:00,4,20,2010,Accumulated Depreciation - Buildings,Balance Sheet,Assets,Long-Term Assets,,Credit,1250.00,-1250.00,1250.00,-1250.00,0.00,EUR
204,.1~205,205,C2,01,20,01/20,2024-01-20T00:00:00,4,20,11010,Accumulated depreciation - machinery and equipment,Balance Sheet,Assets,Long-Term Assets,,Credit,54166.67,-54166.67,54166.67,-54166.67,0.00,EUR
205,.1~206,206,C2,01,20,01/20,2024-01-20T00:00:00,4,20,113300,Bank Cash Account,Balance Sheet,Assets,Current Assets,,Credit,90205.09,-90205.09,90205.09,-90205.09,0.00,EUR
206,.1~207,207,C2,01,20,01/20,2024-01-20T00:00:00,4,20,113300,Bank Cash Account,Balance Sheet,Assets,Current Assets,,Debit,18319.04,18319.04,-18319.04,18319.04,0.00,EUR
207,.1~208,208,C2,01,20,01/20,2024-01-20T00:00:00,4,20,140000,Customers - Domestic Receivables,Balance Sheet,Assets,Current Assets,,Credit,18319.04,-18319.04,18319.04,-18319.04,0.00,EUR
208,.1~209,209,C2,01,20,01/20,2024-01-20T00:00:00,4,20,140000,Customers - Domestic Receivables,Balance Sheet,Assets,Current Assets,,Debit,94350.68,94350.68,-94350.68,94350.68,0.00,EUR
209,.1~210,210,C2,01,20,01/20,2024-01-20T00:00:00,4,20,211120,Depreciation-buildings,Income Statement,Operating Expenses,,,Debit,1250.00,1250.00,-1250.00,0.00,-1250.00,EUR
210,.1~211,211,C2,01,20,01/20,2024-01-20T00:00:00,4,20,211130,Depreciation - machinery and equipment,Income Statement,Operating Expenses,,,Debit,54166.67,54166.67,-54166.67,0.00,-54166.67,EUR
211,.1~212,212,C2,01,20,01/20,2024-01-20T00:00:00,4,20,300000,Raw materials,Balance Sheet,Assets,Current Assets,,Credit,33965.87,-33965.87,33965.87,-33965.87,0.00,EUR
212,.1~213,213,C2,01,20,01/20,2024-01-20T00:00:00,4,20,400000,Consumption Raw Materials,Income Statement,Inventory Change,,,Debit,33965.87,33965.87,-33965.87,0.00,-33965.87,EUR
213,.1~214,214,C2,01,20,01/20,2024-01-20T00:00:00,4,20,476900,Interest expenses,Income Statement,"Sales, General, and Administrative Expenses",Interest Expenses,,Debit,15205.09,15205.09,-15205.09,0.00,-15205.09,EUR
214,.1~215,215,C2,01,20,01/20,2024-01-20T00:00:00,4,20,500000,Direct labor costs,Income Statement,Operating Expenses,,,Debit,20000.00,20000.00,-20000.00,0.00,-20000.00,EUR
215,.1~216,216,C2,01,20,01/20,2024-01-20T00:00:00,4,20,510000,Factory Overhead Expenses,Income Statement,Operating Expenses,,,Debit,15000.00,15000.00,-15000.00,0.00,-15000.00,EUR
216,.1~217,217,C2,01,20,01/20,2024-01-20T00:00:00,4,20,520000,"Sales, General and Administrative Expenses",Income Statement,"Sales, General, and Administrative Expenses",SG&A,,Debit,40000.00,40000.00,-40000.00,0.00,-40000.00,EUR
217,.1~218,218,C2,01,20,01/20,2024-01-20T00:00:00,4,20,792000,Finished goods,Balance Sheet,Assets,Current Assets,,Credit,17168.70,-17168.70,17168.70,-17168.70,0.00,EUR
218,.1~219,219,C2,01,20,01/20,2024-01-20T00:00:00,4,20,792000,Finished goods,Balance Sheet,Assets,Current Assets,,Debit,35095.60,35095.60,-35095.60,35095.60,0.00,EUR
219,.1~220,220,C2,01,20,01/20,2024-01-20T00:00:00,4,20,800000,Sales revenues - domestic,Income Statement,Revenues,,,Credit,94350.68,-94350.68,94350.68,0.00,94350.68,EUR
220,.1~221,221,C2,01,20,01/20,2024-01-20T00:00:00,4,20,893010,Total fin.prod. sold,Income Statement,Cost of Goods Sold,,,Debit,17168.70,17168.70,-17168.70,0.00,-17168.70,EUR
221,.1~222,222,C2,01,20,01/20,2024-01-20T00:00:00,4,20,895000,Total Finished Products Produced,Income Statement,Inventory Change,,,Credit,35095.60,-35095.60,35095.60,0.00,35095.60,EUR
222,.1~223,223,C2,02,01,02/01,2024-01-21T00:00:00,5,21,113300,Bank Cash Account,Balance Sheet,Assets,Current Assets,,Debit,51844.24,51844.24,-51844.24,51844.24,0.00,EUR
223,.1~224,224,C2,02,01,02/01,2024-01-21T00:00:00,5,21,140000,Customers - Domestic Receivables,Balance Sheet,Assets,Current Assets,,Credit,51844.24,-51844.24,51844.24,-51844.24,0.00,EUR
224,.1~225,225,C2,02,01,02/01,2024-01-21T00:00:00,5,21,140000,Customers - Domestic Receivables,Balance Sheet,Assets,Current Assets,,Debit,148098.07,148098.07,-148098.07,148098.07,0.00,EUR
225,.1~226,226,C2,02,01,02/01,2024-01-21T00:00:00,5,21,300000,Raw materials,Balance Sheet,Assets,Current Assets,,Credit,40764.02,-40764.02,40764.02,-40764.02,0.00,EUR
226,.1~227,227,C2,02,01,02/01,2024-01-21T00:00:00,5,21,400000,Consumption Raw Materials,Income Statement,Inventory Change,,,Debit,40764.02,40764.02,-40764.02,0.00,-40764.02,EUR
227,.1~228,228,C2,02,01,02/01,2024-01-21T00:00:00,5,21,792000,Finished goods,Balance Sheet,Assets,Current Assets,,Credit,28144.07,-28144.07,28144.07,-28144.07,0.00,EUR
228,.1~229,229,C2,02,01,02/01,2024-01-21T00:00:00,5,21,792000,Finished goods,Balance Sheet,Assets,Current Assets,,Debit,42120.00,42120.00,-42120.00,42120.00,0.00,EUR
229,.1~230,230,C2,02,01,02/01,2024-01-21T00:00:00,5,21,800000,Sales revenues - domestic,Income Statement,Revenues,,,Credit,148098.07,-148098.07,148098.07,0.00,148098.07,EUR
230,.1~231,231,C2,02,01,02/01,2024-01-21T00:00:00,5,21,893010,Total fin.prod. sold,Income Statement,Cost of Goods Sold,,,Debit,28144.07,28144.07,-28144.07,0.00,-28144.07,EUR
231,.1~232,232,C2,02,01,02/01,2024-01-21T00:00:00,5,21,895000,Total Finished Products Produced,Income Statement,Inventory Change,,,Credit,42120.00,-42120.00,42120.00,0.00,42120.00,EUR
232,.1~233,233,C2,02,02,02/02,2024-01-22T00:00:00,5,22,113300,Bank Cash Account,Balance Sheet,Assets,Current Assets,,Credit,469528.00,-469528.00,469528.00,-469528.00,0.00,EUR
233,.1~234,234,C2,02,02,02/02,2024-01-22T00:00:00,5,22,113300,Bank Cash Account,Balance Sheet,Assets,Current Assets,,Debit,34120.58,34120.58,-34120.58,34120.58,0.00,EUR
234,.1~235,235,C2,02,02,02/02,2024-01-22T00:00:00,5,22,140000,Customers - Domestic Receivables,Balance Sheet,Assets,Current Assets,,Credit,34120.58,-34120.58,34120.58,-34120.58,0.00,EUR
235,.1~236,236,C2,02,02,02/02,2024-01-22T00:00:00,5,22,140000,Customers - Domestic Receivables,Balance Sheet,Assets,Current Assets,,Debit,129801.97,129801.97,-129801.97,129801.97,0.00,EUR
236,.1~237,237,C2,02,02,02/02,2024-01-22T00:00:00,5,22,160000,Accounts payable-domestic,Balance Sheet,Liabilities and Owners' Equity,Liabilities,Current Liabilities,Debit,469528.00,469528.00,-469528.00,469528.00,0.00,EUR
237,.1~238,238,C2,02,02,02/02,2024-01-22T00:00:00,5,22,300000,Raw materials,Balance Sheet,Assets,Current Assets,,Credit,37447.25,-37447.25,37447.25,-37447.25,0.00,EUR
238,.1~239,239,C2,02,02,02/02,2024-01-22T00:00:00,5,22,400000,Consumption Raw Materials,Income Statement,Inventory Change,,,Debit,37447.25,37447.25,-37447.25,0.00,-37447.25,EUR
239,.1~240,240,C2,02,02,02/02,2024-01-22T00:00:00,5,22,792000,Finished goods,Balance Sheet,Assets,Current Assets,,Credit,26942.28,-26942.28,26942.28,-26942.28,0.00,EUR
240,.1~241,241,C2,02,02,02/02,2024-01-22T00:00:00,5,22,792000,Finished goods,Balance Sheet,Assets,Current Assets,,Debit,38562.12,38562.12,-38562.12,38562.12,0.00,EUR
241,.1~242,242,C2,02,02,02/02,2024-01-22T00:00:00,5,22,800000,Sales revenues - domestic,Income Statement,Revenues,,,Credit,129801.97,-129801.97,129801.97,0.00,129801.97,EUR
242,.1~243,243,C2,02,02,02/02,2024-01-22T00:00:00,5,22,893010,Total fin.prod. sold,Income Statement,Cost of Goods Sold,,,Debit,26942.28,26942.28,-26942.28,0.00,-26942.28,EUR
243,.1~244,244,C2,02,02,02/02,2024-01-22T00:00:00,5,22,895000,Total Finished Products Produced,Income Statement,Inventory Change,,,Credit,38562.12,-38562.12,38562.12,0.00,38562.12,EUR
244,.1~245,245,C2,02,03,02/03,2024-01-23T00:00:00,5,23,113101,Bank Loan,Balance Sheet,Liabilities and Owners' Equity,Liabilities,Current Liabilities,Credit,359011.15,-359011.15,359011.15,-359011.15,0.00,EUR
245,.1~246,246,C2,02,03,02/03,2024-01-23T00:00:00,5,23,113300,Bank Cash Account,Balance Sheet,Assets,Current Assets,,Debit,417081.56,417081.56,-417081.56,417081.56,0.00,EUR
246,.1~247,247,C2,02,03,02/03,2024-01-23T00:00:00,5,23,140000,Customers - Domestic Receivables,Balance Sheet,Assets,Current Assets,,Credit,58070.41,-58070.41,58070.41,-58070.41,0.00,EUR
247,.1~248,248,C2,02,03,02/03,2024-01-23T00:00:00,5,23,140000,Customers - Domestic Receivables,Balance Sheet,Assets,Current Assets,,Debit,82835.13,82835.13,-82835.13,82835.13,0.00,EUR
248,.1~249,249,C2,02,03,02/03,2024-01-23T00:00:00,5,23,160000,Accounts payable-domestic,Balance Sheet,Liabilities and Owners' Equity,Liabilities,Current Liabilities,Credit,469584.00,-469584.00,469584.00,-469584.00,0.00,EUR
249,.1~250,250,C2,02,03,02/03,2024-01-23T00:00:00,5,23,191100,GR/IR Clearing - External procurement,Balance Sheet,Liabilities and Owners' Equity,Liabilities,Current Liabilities,Credit,469584.00,-469584.00,469584.00,-469584.00,0.00,EUR
250,.1~251,251,C2,02,03,02/03,2024-01-23T00:00:00,5,23,191100,GR/IR Clearing - External procurement,Balance Sheet,Liabilities and Owners' Equity,Liabilities,Current Liabilities,Debit,469584.00,469584.00,-469584.00,469584.00,0.00,EUR
251,.1~252,252,C2,02,03,02/03,2024-01-23T00:00:00,5,23,300000,Raw materials,Balance Sheet,Assets,Current Assets,,Credit,56717.07,-56717.07,56717.07,-56717.07,0.00,EUR
252,.1~253,253,C2,02,03,02/03,2024-01-23T00:00:00,5,23,300000,Raw materials,Balance Sheet,Assets,Current Assets,,Debit,469584.00,469584.00,-469584.00,469584.00,0.00,EUR
253,.1~254,254,C2,02,03,02/03,2024-01-23T00:00:00,5,23,400000,Consumption Raw Materials,Income Statement,Inventory Change,,,Debit,56717.07,56717.07,-56717.07,0.00,-56717.07,EUR
254,.1~255,255,C2,02,03,02/03,2024-01-23T00:00:00,5,23,792000,Finished goods,Balance Sheet,Assets,Current Assets,,Credit,21773.98,-21773.98,21773.98,-21773.98,0.00,EUR
255,.1~256,256,C2,02,03,02/03,2024-01-23T00:00:00,5,23,792000,Finished goods,Balance Sheet,Assets,Current Assets,,Debit,59020.00,59020.00,-59020.00,59020.00,0.00,EUR
256,.1~257,257,C2,02,03,02/03,2024-01-23T00:00:00,5,23,800000,Sales revenues - domestic,Income Statement,Revenues,,,Credit,82835.13,-82835.13,82835.13,0.00,82835.13,EUR
257,.1~258,258,C2,02,03,02/03,2024-01-23T00:00:00,5,23,893010,Total fin.prod. sold,Income Statement,Cost of Goods Sold,,,Debit,21773.98,21773.98,-21773.98,0.00,-21773.98,EUR
258,.1~259,259,C2,02,03,02/03,2024-01-23T00:00:00,5,23,895000,Total Finished Products Produced,Income Statement,Inventory Change,,,Credit,59020.00,-59020.00,59020.00,0.00,59020.00,EUR
259,.1~260,260,C2,02,04,02/04,2024-01-24T00:00:00,5,24,113300,Bank Cash Account,Balance Sheet,Assets,Current Assets,,Debit,132168.51,132168.51,-132168.51,132168.51,0.00,EUR
260,.1~261,261,C2,02,04,02/04,2024-01-24T00:00:00,5,24,140000,Customers - Domestic Receivables,Balance Sheet,Assets,Current Assets,,Credit,132168.51,-132168.51,132168.51,-132168.51,0.00,EUR
261,.1~262,262,C2,02,04,02/04,2024-01-24T00:00:00,5,24,140000,Customers - Domestic Receivables,Balance Sheet,Assets,Current Assets,,Debit,163817.14,163817.14,-163817.14,163817.14,0.00,EUR
262,.1~263,263,C2,02,04,02/04,2024-01-24T00:00:00,5,24,300000,Raw materials,Balance Sheet,Assets,Current Assets,,Credit,56717.07,-56717.07,56717.07,-56717.07,0.00,EUR
263,.1~264,264,C2,02,04,02/04,2024-01-24T00:00:00,5,24,400000,Consumption Raw Materials,Income Statement,Inventory Change,,,Debit,56717.07,56717.07,-56717.07,0.00,-56717.07,EUR
264,.1~265,265,C2,02,04,02/04,2024-01-24T00:00:00,5,24,792000,Finished goods,Balance Sheet,Assets,Current Assets,,Credit,40244.45,-40244.45,40244.45,-40244.45,0.00,EUR
265,.1~266,266,C2,02,04,02/04,2024-01-24T00:00:00,5,24,792000,Finished goods,Balance Sheet,Assets,Current Assets,,Debit,59020.00,59020.00,-59020.00,59020.00,0.00,EUR
266,.1~267,267,C2,02,04,02/04,2024-01-24T00:00:00,5,24,800000,Sales revenues - domestic,Income Statement,Revenues,,,Credit,163817.14,-163817.14,163817.14,0.00,163817.14,EUR
267,.1~268,268,C2,02,04,02/04,2024-01-24T00:00:00,5,24,893010,Total fin.prod. sold,Income Statement,Cost of Goods Sold,,,Debit,40244.45,40244.45,-40244.45,0.00,-40244.45,EUR
268,.1~269,269,C2,02,04,02/04,2024-01-24T00:00:00,5,24,895000,Total Finished Products Produced,Income Statement,Inventory Change,,,Credit,59020.00,-59020.00,59020.00,0.00,59020.00,EUR
269,.1~270,270,C2,02,05,02/05,2024-01-25T00:00:00,5,25,2010,Accumulated Depreciation - Buildings,Balance Sheet,Assets,Long-Term Assets,,Credit,1250.00,-1250.00,1250.00,-1250.00,0.00,EUR
270,.1~271,271,C2,02,05,02/05,2024-01-25T00:00:00,5,25,11010,Accumulated depreciation - machinery and equipment,Balance Sheet,Assets,Long-Term Assets,,Credit,54166.67,-54166.67,54166.67,-54166.67,0.00,EUR
271,.1~272,272,C2,02,05,02/05,2024-01-25T00:00:00,5,25,113300,Bank Cash Account,Balance Sheet,Assets,Current Assets,,Credit,93567.81,-93567.81,93567.81,-93567.81,0.00,EUR
272,.1~273,273,C2,02,05,02/05,2024-01-25T00:00:00,5,25,113300,Bank Cash Account,Balance Sheet,Assets,Current Assets,,Debit,162546.84,162546.84,-162546.84,162546.84,0.00,EUR
273,.1~274,274,C2,02,05,02/05,2024-01-25T00:00:00,5,25,140000,Customers - Domestic Receivables,Balance Sheet,Assets,Current Assets,,Credit,162546.84,-162546.84,162546.84,-162546.84,0.00,EUR
274,.1~275,275,C2,02,05,02/05,2024-01-25T00:00:00,5,25,140000,Customers - Domestic Receivables,Balance Sheet,Assets,Current Assets,,Debit,163647.65,163647.65,-163647.65,163647.65,0.00,EUR
275,.1~276,276,C2,02,05,02/05,2024-01-25T00:00:00,5,25,211120,Depreciation-buildings,Income Statement,Operating Expenses,,,Debit,1250.00,1250.00,-1250.00,0.00,-1250.00,EUR
276,.1~277,277,C2,02,05,02/05,2024-01-25T00:00:00,5,25,211130,Depreciation - machinery and equipment,Income Statement,Operating Expenses,,,Debit,54166.67,54166.67,-54166.67,0.00,-54166.67,EUR
277,.1~278,278,C2,02,05,02/05,2024-01-25T00:00:00,5,25,300000,Raw materials,Balance Sheet,Assets,Current Assets,,Credit,31400.18,-31400.18,31400.18,-31400.18,0.00,EUR
278,.1~279,279,C2,02,05,02/05,2024-01-25T00:00:00,5,25,400000,Consumption Raw Materials,Income Statement,Inventory Change,,,Debit,31400.18,31400.18,-31400.18,0.00,-31400.18,EUR
279,.1~280,280,C2,02,05,02/05,2024-01-25T00:00:00,5,25,476900,Interest expenses,Income Statement,"Sales, General, and Administrative Expenses",Interest Expenses,,Debit,15467.81,15467.81,-15467.81,0.00,-15467.81,EUR
280,.1~281,281,C2,02,05,02/05,2024-01-25T00:00:00,5,25,478100,Warehousing Costs,Income Statement,Operating Expenses,,,Debit,3100.00,3100.00,-3100.00,0.00,-3100.00,EUR
281,.1~282,282,C2,02,05,02/05,2024-01-25T00:00:00,5,25,500000,Direct labor costs,Income Statement,Operating Expenses,,,Debit,20000.00,20000.00,-20000.00,0.00,-20000.00,EUR
282,.1~283,283,C2,02,05,02/05,2024-01-25T00:00:00,5,25,510000,Factory Overhead Expenses,Income Statement,Operating Expenses,,,Debit,15000.00,15000.00,-15000.00,0.00,-15000.00,EUR
283,.1~284,284,C2,02,05,02/05,2024-01-25T00:00:00,5,25,520000,"Sales, General and Administrative Expenses",Income Statement,"Sales, General, and Administrative Expenses",SG&A,,Debit,40000.00,40000.00,-40000.00,0.00,-40000.00,EUR
284,.1~285,285,C2,02,05,02/05,2024-01-25T00:00:00,5,25,792000,Finished goods,Balance Sheet,Assets,Current Assets,,Credit,39790.07,-39790.07,39790.07,-39790.07,0.00,EUR
285,.1~286,286,C2,02,05,02/05,2024-01-25T00:00:00,5,25,792000,Finished goods,Balance Sheet,Assets,Current Assets,,Debit,32088.66,32088.66,-32088.66,32088.66,0.00,EUR
286,.1~287,287,C2,02,05,02/05,2024-01-25T00:00:00,5,25,800000,Sales revenues - domestic,Income Statement,Revenues,,,Credit,163647.65,-163647.65,163647.65,0.00,163647.65,EUR
287,.1~288,288,C2,02,05,02/05,2024-01-25T00:00:00,5,25,893010,Total fin.prod. sold,Income Statement,Cost of Goods Sold,,,Debit,39790.07,39790.07,-39790.07,0.00,-39790.07,EUR
288,.1~289,289,C2,02,05,02/05,2024-01-25T00:00:00,5,25,895000,Total Finished Products Produced,Income Statement,Inventory Change,,,Credit,32088.66,-32088.66,32088.66,0.00,32088.66,EUR
289,.1~290,290,C2,02,06,02/06,2024-01-26T00:00:00,6,26,113300,Bank Cash Account,Balance Sheet,Assets,Current Assets,,Debit,215077.74,215077.74,-215077.74,215077.74,0.00,EUR
290,.1~291,291,C2,02,06,02/06,2024-01-26T00:00:00,6,26,140000,Customers - Domestic Receivables,Balance Sheet,Assets,Current Assets,,Credit,215077.74,-215077.74,215077.74,-215077.74,0.00,EUR
291,.1~292,292,C2,02,06,02/06,2024-01-26T00:00:00,6,26,140000,Customers - Domestic Receivables,Balance Sheet,Assets,Current Assets,,Debit,189223.32,189223.32,-189223.32,189223.32,0.00,EUR
292,.1~293,293,C2,02,06,02/06,2024-01-26T00:00:00,6,26,300000,Raw materials,Balance Sheet,Assets,Current Assets,,Credit,29210.89,-29210.89,29210.89,-29210.89,0.00,EUR
293,.1~294,294,C2,02,06,02/06,2024-01-26T00:00:00,6,26,400000,Consumption Raw Materials,Income Statement,Inventory Change,,,Debit,29210.89,29210.89,-29210.89,0.00,-29210.89,EUR
294,.1~295,295,C2,02,06,02/06,2024-01-26T00:00:00,6,26,792000,Finished goods,Balance Sheet,Assets,Current Assets,,Credit,46102.78,-46102.78,46102.78,-46102.78,0.00,EUR
295,.1~296,296,C2,02,06,02/06,2024-01-26T00:00:00,6,26,792000,Finished goods,Balance Sheet,Assets,Current Assets,,Debit,29380.00,29380.00,-29380.00,29380.00,0.00,EUR
296,.1~297,297,C2,02,06,02/06,2024-01-26T00:00:00,6,26,800000,Sales revenues - domestic,Income Statement,Revenues,,,Credit,189223.32,-189223.32,189223.32,0.00,189223.32,EUR
297,.1~298,298,C2,02,06,02/06,2024-01-26T00:00:00,6,26,893010,Total fin.prod. sold,Income Statement,Cost of Goods Sold,,,Debit,46102.78,46102.78,-46102.78,0.00,-46102.78,EUR
298,.1~299,299,C2,02,06,02/06,2024-01-26T00:00:00,6,26,895000,Total Finished Products Produced,Income Statement,Inventory Change,,,Credit,29380.00,-29380.00,29380.00,0.00,29380.00,EUR
299,.1~300,300,C2,02,07,02/07,2024-01-27T00:00:00,6,27,113300,Bank Cash Account,Balance Sheet,Assets,Current Assets,,Debit,179369.14,179369.14,-179369.14,179369.14,0.00,EUR
300,.1~301,301,C2,02,07,02/07,2024-01-27T00:00:00,6,27,140000,Customers - Domestic Receivables,Balance Sheet,Assets,Current Assets,,Credit,179369.14,-179369.14,179369.14,-179369.14,0.00,EUR
301,.1~302,302,C2,02,07,02/07,2024-01-27T00:00:00,6,27,140000,Customers - Domestic Receivables,Balance Sheet,Assets,Current Assets,,Debit,177001.28,177001.28,-177001.28,177001.28,0.00,EUR
302,.1~303,303,C2,02,07,02/07,2024-01-27T00:00:00,6,27,300000,Raw materials,Balance Sheet,Assets,Current Assets,,Credit,25847.15,-25847.15,25847.15,-25847.15,0.00,EUR
303,.1~304,304,C2,02,07,02/07,2024-01-27T00:00:00,6,27,400000,Consumption Raw Materials,Income Statement,Inventory Change,,,Debit,25847.15,25847.15,-25847.15,0.00,-25847.15,EUR
304,.1~305,305,C2,02,07,02/07,2024-01-27T00:00:00,6,27,792000,Finished goods,Balance Sheet,Assets,Current Assets,,Credit,44126.14,-44126.14,44126.14,-44126.14,0.00,EUR
305,.1~306,306,C2,02,07,02/07,2024-01-27T00:00:00,6,27,792000,Finished goods,Balance Sheet,Assets,Current Assets,,Debit,25996.78,25996.78,-25996.78,25996.78,0.00,EUR
306,.1~307,307,C2,02,07,02/07,2024-01-27T00:00:00,6,27,800000,Sales revenues - domestic,Income Statement,Revenues,,,Credit,177001.28,-177001.28,177001.28,0.00,177001.28,EUR
307,.1~308,308,C2,02,07,02/07,2024-01-27T00:00:00,6,27,893010,Total fin.prod. sold,Income Statement,Cost of Goods Sold,,,Debit,44126.14,44126.14,-44126.14,0.00,-44126.14,EUR
308,.1~309,309,C2,02,07,02/07,2024-01-27T00:00:00,6,27,895000,Total Finished Products Produced,Income Statement,Inventory Change,,,Credit,25996.78,-25996.78,25996.78,0.00,25996.78,EUR
309,.1~310,310,C2,02,08,02/08,2024-01-28T00:00:00,6,28,113300,Bank Cash Account,Balance Sheet,Assets,Current Assets,,Debit,211856.67,211856.67,-211856.67,211856.67,0.00,EUR
310,.1~311,311,C2,02,08,02/08,2024-01-28T00:00:00,6,28,140000,Customers - Domestic Receivables,Balance Sheet,Assets,Current Assets,,Credit,211856.67,-211856.67,211856.67,-211856.67,0.00,EUR
311,.1~312,312,C2,02,08,02/08,2024-01-28T00:00:00,6,28,140000,Customers - Domestic Receivables,Balance Sheet,Assets,Current Assets,,Debit,171792.27,171792.27,-171792.27,171792.27,0.00,EUR
312,.1~313,313,C2,02,08,02/08,2024-01-28T00:00:00,6,28,300000,Raw materials,Balance Sheet,Assets,Current Assets,,Credit,22148.59,-22148.59,22148.59,-22148.59,0.00,EUR
313,.1~314,314,C2,02,08,02/08,2024-01-28T00:00:00,6,28,400000,Consumption Raw Materials,Income Statement,Inventory Change,,,Debit,22148.59,22148.59,-22148.59,0.00,-22148.59,EUR
314,.1~315,315,C2,02,08,02/08,2024-01-28T00:00:00,6,28,792000,Finished goods,Balance Sheet,Assets,Current Assets,,Credit,47203.64,-47203.64,47203.64,-47203.64,0.00,EUR
315,.1~316,316,C2,02,08,02/08,2024-01-28T00:00:00,6,28,792000,Finished goods,Balance Sheet,Assets,Current Assets,,Debit,22194.00,22194.00,-22194.00,22194.00,0.00,EUR
316,.1~317,317,C2,02,08,02/08,2024-01-28T00:00:00,6,28,800000,Sales revenues - domestic,Income Statement,Revenues,,,Credit,171792.27,-171792.27,171792.27,0.00,171792.27,EUR
317,.1~318,318,C2,02,08,02/08,2024-01-28T00:00:00,6,28,893010,Total fin.prod. sold,Income Statement,Cost of Goods Sold,,,Debit,47203.64,47203.64,-47203.64,0.00,-47203.64,EUR
318,.1~319,319,C2,02,08,02/08,2024-01-28T00:00:00,6,28,895000,Total Finished Products Produced,Income Statement,Inventory Change,,,Credit,22194.00,-22194.00,22194.00,0.00,22194.00,EUR
319,.1~320,320,C2,02,09,02/09,2024-01-29T00:00:00,6,29,113300,Bank Cash Account,Balance Sheet,Assets,Current Assets,,Debit,254491.90,254491.90,-254491.90,254491.90,0.00,EUR
320,.1~321,321,C2,02,09,02/09,2024-01-29T00:00:00,6,29,140000,Customers - Domestic Receivables,Balance Sheet,Assets,Current Assets,,Credit,254491.90,-254491.90,254491.90,-254491.90,0.00,EUR
321,.1~322,322,C2,02,09,02/09,2024-01-29T00:00:00,6,29,140000,Customers - Domestic Receivables,Balance Sheet,Assets,Current Assets,,Debit,111332.77,111332.77,-111332.77,111332.77,0.00,EUR
322,.1~323,323,C2,02,09,02/09,2024-01-29T00:00:00,6,29,300000,Raw materials,Balance Sheet,Assets,Current Assets,,Credit,20963.02,-20963.02,20963.02,-20963.02,0.00,EUR
323,.1~324,324,C2,02,09,02/09,2024-01-29T00:00:00,6,29,400000,Consumption Raw Materials,Income Statement,Inventory Change,,,Debit,20963.02,20963.02,-20963.02,0.00,-20963.02,EUR
324,.1~325,325,C2,02,09,02/09,2024-01-29T00:00:00,6,29,792000,Finished goods,Balance Sheet,Assets,Current Assets,,Credit,26037.74,-26037.74,26037.74,-26037.74,0.00,EUR
325,.1~326,326,C2,02,09,02/09,2024-01-29T00:00:00,6,29,792000,Finished goods,Balance Sheet,Assets,Current Assets,,Debit,21006.00,21006.00,-21006.00,21006.00,0.00,EUR
326,.1~327,327,C2,02,09,02/09,2024-01-29T00:00:00,6,29,800000,Sales revenues - domestic,Income Statement,Revenues,,,Credit,111332.77,-111332.77,111332.77,0.00,111332.77,EUR
327,.1~328,328,C2,02,09,02/09,2024-01-29T00:00:00,6,29,893010,Total fin.prod. sold,Income Statement,Cost of Goods Sold,,,Debit,26037.74,26037.74,-26037.74,0.00,-26037.74,EUR
328,.1~329,329,C2,02,09,02/09,2024-01-29T00:00:00,6,29,895000,Total Finished Products Produced,Income Statement,Inventory Change,,,Credit,21006.00,-21006.00,21006.00,0.00,21006.00,EUR
329,.1~330,330,C2,02,10,02/10,2024-01-30T00:00:00,6,30,2010,Accumulated Depreciation - Buildings,Balance Sheet,Assets,Long-Term Assets,,Credit,1250.00,-1250.00,1250.00,-1250.00,0.00,EUR
330,.1~331,331,C2,02,10,02/10,2024-01-30T00:00:00,6,30,11010,Accumulated depreciation - machinery and equipment,Balance Sheet,Assets,Long-Term Assets,,Credit,54166.67,-54166.67,54166.67,-54166.67,0.00,EUR
331,.1~332,332,C2,02,10,02/10,2024-01-30T00:00:00,6,30,113300,Bank Cash Account,Balance Sheet,Assets,Current Assets,,Credit,531472.09,-531472.09,531472.09,-531472.09,0.00,EUR
332,.1~333,333,C2,02,10,02/10,2024-01-30T00:00:00,6,30,113300,Bank Cash Account,Balance Sheet,Assets,Current Assets,,Debit,90601.18,90601.18,-90601.18,90601.18,0.00,EUR
333,.1~334,334,C2,02,10,02/10,2024-01-30T00:00:00,6,30,140000,Customers - Domestic Receivables,Balance Sheet,Assets,Current Assets,,Credit,90601.18,-90601.18,90601.18,-90601.18,0.00,EUR
334,.1~335,335,C2,02,10,02/10,2024-01-30T00:00:00,6,30,140000,Customers - Domestic Receivables,Balance Sheet,Assets,Current Assets,,Debit,49045.18,49045.18,-49045.18,49045.18,0.00,EUR
335,.1~336,336,C2,02,10,02/10,2024-01-30T00:00:00,6,30,160000,Accounts payable-domestic,Balance Sheet,Liabilities and Owners' Equity,Liabilities,Current Liabilities,Debit,438976.00,438976.00,-438976.00,438976.00,0.00,EUR
336,.1~337,337,C2,02,10,02/10,2024-01-30T00:00:00,6,30,211120,Depreciation-buildings,Income Statement,Operating Expenses,,,Debit,1250.00,1250.00,-1250.00,0.00,-1250.00,EUR
337,.1~338,338,C2,02,10,02/10,2024-01-30T00:00:00,6,30,211130,Depreciation - machinery and equipment,Income Statement,Operating Expenses,,,Debit,54166.67,54166.67,-54166.67,0.00,-54166.67,EUR
338,.1~339,339,C2,02,10,02/10,2024-01-30T00:00:00,6,30,300000,Raw materials,Balance Sheet,Assets,Current Assets,,Credit,32060.66,-32060.66,32060.66,-32060.66,0.00,EUR
339,.1~340,340,C2,02,10,02/10,2024-01-30T00:00:00,6,30,400000,Consumption Raw Materials,Income Statement,Inventory Change,,,Debit,32060.66,32060.66,-32060.66,0.00,-32060.66,EUR
340,.1~341,341,C2,02,10,02/10,2024-01-30T00:00:00,6,30,476900,Interest expenses,Income Statement,"Sales, General, and Administrative Expenses",Interest Expenses,,Debit,15496.09,15496.09,-15496.09,0.00,-15496.09,EUR
341,.1~342,342,C2,02,10,02/10,2024-01-30T00:00:00,6,30,478100,Warehousing Costs,Income Statement,Operating Expenses,,,Debit,2000.00,2000.00,-2000.00,0.00,-2000.00,EUR
342,.1~343,343,C2,02,10,02/10,2024-01-30T00:00:00,6,30,500000,Direct labor costs,Income Statement,Operating Expenses,,,Debit,20000.00,20000.00,-20000.00,0.00,-20000.00,EUR
343,.1~344,344,C2,02,10,02/10,2024-01-30T00:00:00,6,30,510000,Factory Overhead Expenses,Income Statement,Operating Expenses,,,Debit,15000.00,15000.00,-15000.00,0.00,-15000.00,EUR
344,.1~345,345,C2,02,10,02/10,2024-01-30T00:00:00,6,30,520000,"Sales, General and Administrative Expenses",Income Statement,"Sales, General, and Administrative Expenses",SG&A,,Debit,40000.00,40000.00,-40000.00,0.00,-40000.00,EUR
345,.1~346,346,C2,02,10,02/10,2024-01-30T00:00:00,6,30,792000,Finished goods,Balance Sheet,Assets,Current Assets,,Credit,7308.57,-7308.57,7308.57,-7308.57,0.00,EUR
346,.1~347,347,C2,02,10,02/10,2024-01-30T00:00:00,6,30,792000,Finished goods,Balance Sheet,Assets,Current Assets,,Debit,29920.98,29920.98,-29920.98,29920.98,0.00,EUR
347,.1~348,348,C2,02,10,02/10,2024-01-30T00:00:00,6,30,800000,Sales revenues - domestic,Income Statement,Revenues,,,Credit,49045.18,-49045.18,49045.18,0.00,49045.18,EUR
348,.1~349,349,C2,02,10,02/10,2024-01-30T00:00:00,6,30,893010,Total fin.prod. sold,Income Statement,Cost of Goods Sold,,,Debit,7308.57,7308.57,-7308.57,0.00,-7308.57,EUR
349,.1~350,350,C2,02,10,02/10,2024-01-30T00:00:00,6,30,895000,Total Finished Products Produced,Income Statement,Inventory Change,,,Credit,29920.98,-29920.98,29920.98,0.00,29920.98,EUR
350,.1~351,351,C2,02,11,02/11,2024-01-31T00:00:00,7,31,113300,Bank Cash Account,Balance Sheet,Assets,Current Assets,,Debit,145874.11,145874.11,-145874.11,145874.11,0.00,EUR
351,.1~352,352,C2,02,11,02/11,2024-01-31T00:00:00,7,31,140000,Customers - Domestic Receivables,Balance Sheet,Assets,Current Assets,,Credit,145874.11,-145874.11,145874.11,-145874.11,0.00,EUR
352,.1~353,353,C2,02,11,02/11,2024-01-31T00:00:00,7,31,140000,Customers - Domestic Receivables,Balance Sheet,Assets,Current Assets,,Debit,81752.68,81752.68,-81752.68,81752.68,0.00,EUR
353,.1~354,354,C2,02,11,02/11,2024-01-31T00:00:00,7,31,160000,Accounts payable-domestic,Balance Sheet,Liabilities and Owners' Equity,Liabilities,Current Liabilities,Credit,127100.00,-127100.00,127100.00,-127100.00,0.00,EUR
354,.1~355,355,C2,02,11,02/11,2024-01-31T00:00:00,7,31,191100,GR/IR Clearing - External procurement,Balance Sheet,Liabilities and Owners' Equity,Liabilities,Current Liabilities,Credit,127100.00,-127100.00,127100.00,-127100.00,0.00,EUR
355,.1~356,356,C2,02,11,02/11,2024-01-31T00:00:00,7,31,191100,GR/IR Clearing - External procurement,Balance Sheet,Liabilities and Owners' Equity,Liabilities,Current Liabilities,Debit,127100.00,127100.00,-127100.00,127100.00,0.00,EUR
356,.1~357,357,C2,02,11,02/11,2024-01-31T00:00:00,7,31,300000,Raw materials,Balance Sheet,Assets,Current Assets,,Credit,31201.35,-31201.35,31201.35,-31201.35,0.00,EUR
357,.1~358,358,C2,02,11,02/11,2024-01-31T00:00:00,7,31,300000,Raw materials,Balance Sheet,Assets,Current Assets,,Debit,127100.00,127100.00,-127100.00,127100.00,0.00,EUR
358,.1~359,359,C2,02,11,02/11,2024-01-31T00:00:00,7,31,400000,Consumption Raw Materials,Income Statement,Inventory Change,,,Debit,31201.35,31201.35,-31201.35,0.00,-31201.35,EUR
359,.1~360,360,C2,02,11,02/11,2024-01-31T00:00:00,7,31,792000,Finished goods,Balance Sheet,Assets,Current Assets,,Credit,13162.27,-13162.27,13162.27,-13162.27,0.00,EUR
360,.1~361,361,C2,02,11,02/11,2024-01-31T00:00:00,7,31,792000,Finished goods,Balance Sheet,Assets,Current Assets,,Debit,29119.02,29119.02,-29119.02,29119.02,0.00,EUR
361,.1~362,362,C2,02,11,02/11,2024-01-31T00:00:00,7,31,800000,Sales revenues - domestic,Income Statement,Revenues,,,Credit,81752.68,-81752.68,81752.68,0.00,81752.68,EUR
362,.1~363,363,C2,02,11,02/11,2024-01-31T00:00:00,7,31,893010,Total fin.prod. sold,Income Statement,Cost of Goods Sold,,,Debit,13162.27,13162.27,-13162.27,0.00,-13162.27,EUR
363,.1~364,364,C2,02,11,02/11,2024-01-31T00:00:00,7,31,895000,Total Finished Products Produced,Income Statement,Inventory Change,,,Credit,29119.02,-29119.02,29119.02,0.00,29119.02,EUR
364,.1~365,365,C2,02,12,02/12,2024-02-01T00:00:00,7,32,113300,Bank Cash Account,Balance Sheet,Assets,Current Assets,,Debit,196546.95,196546.95,-196546.95,196546.95,0.00,EUR
365,.1~366,366,C2,02,12,02/12,2024-02-01T00:00:00,7,32,140000,Customers - Domestic Receivables,Balance Sheet,Assets,Current Assets,,Credit,196546.95,-196546.95,196546.95,-196546.95,0.00,EUR
366,.1~367,367,C2,02,12,02/12,2024-02-01T00:00:00,7,32,140000,Customers - Domestic Receivables,Balance Sheet,Assets,Current Assets,,Debit,85783.91,85783.91,-85783.91,85783.91,0.00,EUR
367,.1~368,368,C2,02,12,02/12,2024-02-01T00:00:00,7,32,160000,Accounts payable-domestic,Balance Sheet,Liabilities and Owners' Equity,Liabilities,Current Liabilities,Credit,401545.50,-401545.50,401545.50,-401545.50,0.00,EUR
368,.1~369,369,C2,02,12,02/12,2024-02-01T00:00:00,7,32,191100,GR/IR Clearing - External procurement,Balance Sheet,Liabilities and Owners' Equity,Liabilities,Current Liabilities,Credit,401545.50,-401545.50,401545.50,-401545.50,0.00,EUR
369,.1~370,370,C2,02,12,02/12,2024-02-01T00:00:00,7,32,191100,GR/IR Clearing - External procurement,Balance Sheet,Liabilities and Owners' Equity,Liabilities,Current Liabilities,Debit,401545.50,401545.50,-401545.50,401545.50,0.00,EUR
370,.1~371,371,C2,02,12,02/12,2024-02-01T00:00:00,7,32,300000,Raw materials,Balance Sheet,Assets,Current Assets,,Credit,49467.12,-49467.12,49467.12,-49467.12,0.00,EUR
371,.1~372,372,C2,02,12,02/12,2024-02-01T00:00:00,7,32,300000,Raw materials,Balance Sheet,Assets,Current Assets,,Debit,401545.50,401545.50,-401545.50,401545.50,0.00,EUR
372,.1~373,373,C2,02,12,02/12,2024-02-01T00:00:00,7,32,400000,Consumption Raw Materials,Income Statement,Inventory Change,,,Debit,49467.12,49467.12,-49467.12,0.00,-49467.12,EUR
373,.1~374,374,C2,02,12,02/12,2024-02-01T00:00:00,7,32,792000,Finished goods,Balance Sheet,Assets,Current Assets,,Credit,13473.24,-13473.24,13473.24,-13473.24,0.00,EUR
374,.1~375,375,C2,02,12,02/12,2024-02-01T00:00:00,7,32,792000,Finished goods,Balance Sheet,Assets,Current Assets,,Debit,49663.44,49663.44,-49663.44,49663.44,0.00,EUR
375,.1~376,376,C2,02,12,02/12,2024-02-01T00:00:00,7,32,800000,Sales revenues - domestic,Income Statement,Revenues,,,Credit,85783.91,-85783.91,85783.91,0.00,85783.91,EUR
376,.1~377,377,C2,02,12,02/12,2024-02-01T00:00:00,7,32,893010,Total fin.prod. sold,Income Statement,Cost of Goods Sold,,,Debit,13473.24,13473.24,-13473.24,0.00,-13473.24,EUR
377,.1~378,378,C2,02,12,02/12,2024-02-01T00:00:00,7,32,895000,Total Finished Products Produced,Income Statement,Inventory Change,,,Credit,49663.44,-49663.44,49663.44,0.00,49663.44,EUR
378,.1~379,379,C2,02,13,02/13,2024-02-02T00:00:00,7,33,113300,Bank Cash Account,Balance Sheet,Assets,Current Assets,,Debit,148399.87,148399.87,-148399.87,148399.87,0.00,EUR
379,.1~380,380,C2,02,13,02/13,2024-02-02T00:00:00,7,33,140000,Customers - Domestic Receivables,Balance Sheet,Assets,Current Assets,,Credit,148399.87,-148399.87,148399.87,-148399.87,0.00,EUR
380,.1~381,381,C2,02,13,02/13,2024-02-02T00:00:00,7,33,140000,Customers - Domestic Receivables,Balance Sheet,Assets,Current Assets,,Debit,220408.16,220408.16,-220408.16,220408.16,0.00,EUR
381,.1~382,382,C2,02,13,02/13,2024-02-02T00:00:00,7,33,300000,Raw materials,Balance Sheet,Assets,Current Assets,,Credit,53607.25,-53607.25,53607.25,-53607.25,0.00,EUR
382,.1~383,383,C2,02,13,02/13,2024-02-02T00:00:00,7,33,400000,Consumption Raw Materials,Income Statement,Inventory Change,,,Debit,53607.25,53607.25,-53607.25,0.00,-53607.25,EUR
383,.1~384,384,C2,02,13,02/13,2024-02-02T00:00:00,7,33,792000,Finished goods,Balance Sheet,Assets,Current Assets,,Credit,51786.63,-51786.63,51786.63,-51786.63,0.00,EUR
384,.1~385,385,C2,02,13,02/13,2024-02-02T00:00:00,7,33,792000,Finished goods,Balance Sheet,Assets,Current Assets,,Debit,53820.00,53820.00,-53820.00,53820.00,0.00,EUR
385,.1~386,386,C2,02,13,02/13,2024-02-02T00:00:00,7,33,800000,Sales revenues - domestic,Income Statement,Revenues,,,Credit,220408.16,-220408.16,220408.16,0.00,220408.16,EUR
386,.1~387,387,C2,02,13,02/13,2024-02-02T00:00:00,7,33,893010,Total fin.prod. sold,Income Statement,Cost of Goods Sold,,,Debit,51786.63,51786.63,-51786.63,0.00,-51786.63,EUR
387,.1~388,388,C2,02,13,02/13,2024-02-02T00:00:00,7,33,895000,Total Finished Products Produced,Income Statement,Inventory Change,,,Credit,53820.00,-53820.00,53820.00,0.00,53820.00,EUR
388,.1~389,389,C2,02,14,02/14,2024-02-03T00:00:00,7,34,113300,Bank Cash Account,Balance Sheet,Assets,Current Assets,,Debit,134762.85,134762.85,-134762.85,134762.85,0.00,EUR
389,.1~390,390,C2,02,14,02/14,2024-02-03T00:00:00,7,34,140000,Customers - Domestic Receivables,Balance Sheet,Assets,Current Assets,,Credit,134762.85,-134762.85,134762.85,-134762.85,0.00,EUR
390,.1~391,391,C2,02,14,02/14,2024-02-03T00:00:00,7,34,140000,Customers - Domestic Receivables,Balance Sheet,Assets,Current Assets,,Debit,206803.66,206803.66,-206803.66,206803.66,0.00,EUR
391,.1~392,392,C2,02,14,02/14,2024-02-03T00:00:00,7,34,300000,Raw materials,Balance Sheet,Assets,Current Assets,,Credit,39472.77,-39472.77,39472.77,-39472.77,0.00,EUR
392,.1~393,393,C2,02,14,02/14,2024-02-03T00:00:00,7,34,400000,Consumption Raw Materials,Income Statement,Inventory Change,,,Debit,39472.77,39472.77,-39472.77,0.00,-39472.77,EUR
393,.1~394,394,C2,02,14,02/14,2024-02-03T00:00:00,7,34,792000,Finished goods,Balance Sheet,Assets,Current Assets,,Credit,47523.83,-47523.83,47523.83,-47523.83,0.00,EUR
394,.1~395,395,C2,02,14,02/14,2024-02-03T00:00:00,7,34,792000,Finished goods,Balance Sheet,Assets,Current Assets,,Debit,39641.18,39641.18,-39641.18,39641.18,0.00,EUR
395,.1~396,396,C2,02,14,02/14,2024-02-03T00:00:00,7,34,800000,Sales revenues - domestic,Income Statement,Revenues,,,Credit,206803.66,-206803.66,206803.66,0.00,206803.66,EUR
396,.1~397,397,C2,02,14,02/14,2024-02-03T00:00:00,7,34,893010,Total fin.prod. sold,Income Statement,Cost of Goods Sold,,,Debit,47523.83,47523.83,-47523.83,0.00,-47523.83,EUR
397,.1~398,398,C2,02,14,02/14,2024-02-03T00:00:00,7,34,895000,Total Finished Products Produced,Income Statement,Inventory Change,,,Credit,39641.18,-39641.18,39641.18,0.00,39641.18,EUR
398,.1~399,399,C2,02,15,02/15,2024-02-04T00:00:00,7,35,2010,Accumulated Depreciation - Buildings,Balance Sheet,Assets,Long-Term Assets,,Credit,1250.00,-1250.00,1250.00,-1250.00,0.00,EUR
399,.1~400,400,C2,02,15,02/15,2024-02-04T00:00:00,7,35,11010,Accumulated depreciation - machinery and equipment,Balance Sheet,Assets,Long-Term Assets,,Credit,54166.67,-54166.67,54166.67,-54166.67,0.00,EUR
400,.1~401,401,C2,02,15,02/15,2024-02-04T00:00:00,7,35,113300,Bank Cash Account,Balance Sheet,Assets,Current Assets,,Credit,103747.63,-103747.63,103747.63,-103747.63,0.00,EUR
401,.1~402,402,C2,02,15,02/15,2024-02-04T00:00:00,7,35,113300,Bank Cash Account,Balance Sheet,Assets,Current Assets,,Debit,186542.11,186542.11,-186542.11,186542.11,0.00,EUR
402,.1~403,403,C2,02,15,02/15,2024-02-04T00:00:00,7,35,140000,Customers - Domestic Receivables,Balance Sheet,Assets,Current Assets,,Credit,186542.11,-186542.11,186542.11,-186542.11,0.00,EUR
403,.1~404,404,C2,02,15,02/15,2024-02-04T00:00:00,7,35,140000,Customers - Domestic Receivables,Balance Sheet,Assets,Current Assets,,Debit,269452.34,269452.34,-269452.34,269452.34,0.00,EUR
404,.1~405,405,C2,02,15,02/15,2024-02-04T00:00:00,7,35,211120,Depreciation-buildings,Income Statement,Operating Expenses,,,Debit,1250.00,1250.00,-1250.00,0.00,-1250.00,EUR
405,.1~406,406,C2,02,15,02/15,2024-02-04T00:00:00,7,35,211130,Depreciation - machinery and equipment,Income Statement,Operating Expenses,,,Debit,54166.67,54166.67,-54166.67,0.00,-54166.67,EUR
406,.1~407,407,C2,02,15,02/15,2024-02-04T00:00:00,7,35,300000,Raw materials,Balance Sheet,Assets,Current Assets,,Credit,35957.41,-35957.41,35957.41,-35957.41,0.00,EUR
407,.1~408,408,C2,02,15,02/15,2024-02-04T00:00:00,7,35,400000,Consumption Raw Materials,Income Statement,Inventory Change,,,Debit,35957.41,35957.41,-35957.41,0.00,-35957.41,EUR
408,.1~409,409,C2,02,15,02/15,2024-02-04T00:00:00,7,35,476900,Interest expenses,Income Statement,"Sales, General, and Administrative Expenses",Interest Expenses,,Debit,15147.63,15147.63,-15147.63,0.00,-15147.63,EUR
409,.1~410,410,C2,02,15,02/15,2024-02-04T00:00:00,7,35,478100,Warehousing Costs,Income Statement,Operating Expenses,,,Debit,13600.00,13600.00,-13600.00,0.00,-13600.00,EUR
410,.1~411,411,C2,02,15,02/15,2024-02-04T00:00:00,7,35,500000,Direct labor costs,Income Statement,Operating Expenses,,,Debit,20000.00,20000.00,-20000.00,0.00,-20000.00,EUR
411,.1~412,412,C2,02,15,02/15,2024-02-04T00:00:00,7,35,510000,Factory Overhead Expenses,Income Statement,Operating Expenses,,,Debit,15000.00,15000.00,-15000.00,0.00,-15000.00,EUR
412,.1~413,413,C2,02,15,02/15,2024-02-04T00:00:00,7,35,520000,"Sales, General and Administrative Expenses",Income Statement,"Sales, General, and Administrative Expenses",SG&A,,Debit,40000.00,40000.00,-40000.00,0.00,-40000.00,EUR
413,.1~414,414,C2,02,15,02/15,2024-02-04T00:00:00,7,35,792000,Finished goods,Balance Sheet,Assets,Current Assets,,Credit,62052.74,-62052.74,62052.74,-62052.74,0.00,EUR
414,.1~415,415,C2,02,15,02/15,2024-02-04T00:00:00,7,35,792000,Finished goods,Balance Sheet,Assets,Current Assets,,Debit,36140.00,36140.00,-36140.00,36140.00,0.00,EUR
415,.1~416,416,C2,02,15,02/15,2024-02-04T00:00:00,7,35,800000,Sales revenues - domestic,Income Statement,Revenues,,,Credit,269452.34,-269452.34,269452.34,0.00,269452.34,EUR
416,.1~417,417,C2,02,15,02/15,2024-02-04T00:00:00,7,35,893010,Total fin.prod. sold,Income Statement,Cost of Goods Sold,,,Debit,62052.74,62052.74,-62052.74,0.00,-62052.74,EUR
417,.1~418,418,C2,02,15,02/15,2024-02-04T00:00:00,7,35,895000,Total Finished Products Produced,Income Statement,Inventory Change,,,Credit,36140.00,-36140.00,36140.00,0.00,36140.00,EUR
418,.1~419,419,C2,02,16,02/16,2024-02-05T00:00:00,8,36,113300,Bank Cash Account,Balance Sheet,Assets,Current Assets,,Debit,190899.60,190899.60,-190899.60,190899.60,0.00,EUR
419,.1~420,420,C2,02,16,02/16,2024-02-05T00:00:00,8,36,140000,Customers - Domestic Receivables,Balance Sheet,Assets,Current Assets,,Credit,190899.60,-190899.60,190899.60,-190899.60,0.00,EUR
420,.1~421,421,C2,02,16,02/16,2024-02-05T00:00:00,8,36,140000,Customers - Domestic Receivables,Balance Sheet,Assets,Current Assets,,Debit,343150.76,343150.76,-343150.76,343150.76,0.00,EUR
421,.1~422,422,C2,02,16,02/16,2024-02-05T00:00:00,8,36,300000,Raw materials,Balance Sheet,Assets,Current Assets,,Credit,35957.41,-35957.41,35957.41,-35957.41,0.00,EUR
422,.1~423,423,C2,02,16,02/16,2024-02-05T00:00:00,8,36,400000,Consumption Raw Materials,Income Statement,Inventory Change,,,Debit,35957.41,35957.41,-35957.41,0.00,-35957.41,EUR
423,.1~424,424,C2,02,16,02/16,2024-02-05T00:00:00,8,36,792000,Finished goods,Balance Sheet,Assets,Current Assets,,Credit,74707.81,-74707.81,74707.81,-74707.81,0.00,EUR
424,.1~425,425,C2,02,16,02/16,2024-02-05T00:00:00,8,36,792000,Finished goods,Balance Sheet,Assets,Current Assets,,Debit,36140.00,36140.00,-36140.00,36140.00,0.00,EUR
425,.1~426,426,C2,02,16,02/16,2024-02-05T00:00:00,8,36,800000,Sales revenues - domestic,Income Statement,Revenues,,,Credit,343150.76,-343150.76,343150.76,0.00,343150.76,EUR
426,.1~427,427,C2,02,16,02/16,2024-02-05T00:00:00,8,36,893010,Total fin.prod. sold,Income Statement,Cost of Goods Sold,,,Debit,74707.81,74707.81,-74707.81,0.00,-74707.81,EUR
427,.1~428,428,C2,02,16,02/16,2024-02-05T00:00:00,8,36,895000,Total Finished Products Produced,Income Statement,Inventory Change,,,Credit,36140.00,-36140.00,36140.00,0.00,36140.00,EUR
428,.1~429,429,C2,02,17,02/17,2024-02-06T00:00:00,8,37,113300,Bank Cash Account,Balance Sheet,Assets,Current Assets,,Debit,116565.40,116565.40,-116565.40,116565.40,0.00,EUR
429,.1~430,430,C2,02,17,02/17,2024-02-06T00:00:00,8,37,140000,Customers - Domestic Receivables,Balance Sheet,Assets,Current Assets,,Credit,116565.40,-116565.40,116565.40,-116565.40,0.00,EUR
430,.1~431,431,C2,02,17,02/17,2024-02-06T00:00:00,8,37,140000,Customers - Domestic Receivables,Balance Sheet,Assets,Current Assets,,Debit,195005.08,195005.08,-195005.08,195005.08,0.00,EUR
431,.1~432,432,C2,02,17,02/17,2024-02-06T00:00:00,8,37,300000,Raw materials,Balance Sheet,Assets,Current Assets,,Credit,44983.96,-44983.96,44983.96,-44983.96,0.00,EUR
432,.1~433,433,C2,02,17,02/17,2024-02-06T00:00:00,8,37,400000,Consumption Raw Materials,Income Statement,Inventory Change,,,Debit,44983.96,44983.96,-44983.96,0.00,-44983.96,EUR
433,.1~434,434,C2,02,17,02/17,2024-02-06T00:00:00,8,37,792000,Finished goods,Balance Sheet,Assets,Current Assets,,Credit,34262.24,-34262.24,34262.24,-34262.24,0.00,EUR
434,.1~435,435,C2,02,17,02/17,2024-02-06T00:00:00,8,37,792000,Finished goods,Balance Sheet,Assets,Current Assets,,Debit,45534.10,45534.10,-45534.10,45534.10,0.00,EUR
435,.1~436,436,C2,02,17,02/17,2024-02-06T00:00:00,8,37,800000,Sales revenues - domestic,Income Statement,Revenues,,,Credit,195005.08,-195005.08,195005.08,0.00,195005.08,EUR
436,.1~437,437,C2,02,17,02/17,2024-02-06T00:00:00,8,37,893010,Total fin.prod. sold,Income Statement,Cost of Goods Sold,,,Debit,34262.24,34262.24,-34262.24,0.00,-34262.24,EUR
437,.1~438,438,C2,02,17,02/17,2024-02-06T00:00:00,8,37,895000,Total Finished Products Produced,Income Statement,Inventory Change,,,Credit,45534.10,-45534.10,45534.10,0.00,45534.10,EUR
438,.1~439,439,C2,02,18,02/18,2024-02-07T00:00:00,8,38,113300,Bank Cash Account,Balance Sheet,Assets,Current Assets,,Debit,153476.44,153476.44,-153476.44,153476.44,0.00,EUR
439,.1~440,440,C2,02,18,02/18,2024-02-07T00:00:00,8,38,140000,Customers - Domestic Receivables,Balance Sheet,Assets,Current Assets,,Credit,153476.44,-153476.44,153476.44,-153476.44,0.00,EUR
440,.1~441,441,C2,02,18,02/18,2024-02-07T00:00:00,8,38,140000,Customers - Domestic Receivables,Balance Sheet,Assets,Current Assets,,Debit,121448.67,121448.67,-121448.67,121448.67,0.00,EUR
441,.1~442,442,C2,02,18,02/18,2024-02-07T00:00:00,8,38,300000,Raw materials,Balance Sheet,Assets,Current Assets,,Credit,58500.10,-58500.10,58500.10,-58500.10,0.00,EUR
442,.1~443,443,C2,02,18,02/18,2024-02-07T00:00:00,8,38,400000,Consumption Raw Materials,Income Statement,Inventory Change,,,Debit,58500.10,58500.10,-58500.10,0.00,-58500.10,EUR
443,.1~444,444,C2,02,18,02/18,2024-02-07T00:00:00,8,38,792000,Finished goods,Balance Sheet,Assets,Current Assets,,Credit,27176.86,-27176.86,27176.86,-27176.86,0.00,EUR
444,.1~445,445,C2,02,18,02/18,2024-02-07T00:00:00,8,38,792000,Finished goods,Balance Sheet,Assets,Current Assets,,Debit,59280.00,59280.00,-59280.00,59280.00,0.00,EUR
445,.1~446,446,C2,02,18,02/18,2024-02-07T00:00:00,8,38,800000,Sales revenues - domestic,Income Statement,Revenues,,,Credit,121448.67,-121448.67,121448.67,0.00,121448.67,EUR
446,.1~447,447,C2,02,18,02/18,2024-02-07T00:00:00,8,38,893010,Total fin.prod. sold,Income Statement,Cost of Goods Sold,,,Debit,27176.86,27176.86,-27176.86,0.00,-27176.86,EUR
447,.1~448,448,C2,02,18,02/18,2024-02-07T00:00:00,8,38,895000,Total Finished Products Produced,Income Statement,Inventory Change,,,Credit,59280.00,-59280.00,59280.00,0.00,59280.00,EUR
448,.1~449,449,C2,02,19,02/19,2024-02-08T00:00:00,8,39,113300,Bank Cash Account,Balance Sheet,Assets,Current Assets,,Debit,141380.49,141380.49,-141380.49,141380.49,0.00,EUR
449,.1~450,450,C2,02,19,02/19,2024-02-08T00:00:00,8,39,140000,Customers - Domestic Receivables,Balance Sheet,Assets,Current Assets,,Credit,141380.49,-141380.49,141380.49,-141380.49,0.00,EUR
450,.1~451,451,C2,02,19,02/19,2024-02-08T00:00:00,8,39,140000,Customers - Domestic Receivables,Balance Sheet,Assets,Current Assets,,Debit,149393.78,149393.78,-149393.78,149393.78,0.00,EUR
451,.1~452,452,C2,02,19,02/19,2024-02-08T00:00:00,8,39,300000,Raw materials,Balance Sheet,Assets,Current Assets,,Credit,48054.72,-48054.72,48054.72,-48054.72,0.00,EUR
452,.1~453,453,C2,02,19,02/19,2024-02-08T00:00:00,8,39,400000,Consumption Raw Materials,Income Statement,Inventory Change,,,Debit,48054.72,48054.72,-48054.72,0.00,-48054.72,EUR
453,.1~454,454,C2,02,19,02/19,2024-02-08T00:00:00,8,39,792000,Finished goods,Balance Sheet,Assets,Current Assets,,Credit,33696.30,-33696.30,33696.30,-33696.30,0.00,EUR
454,.1~455,455,C2,02,19,02/19,2024-02-08T00:00:00,8,39,792000,Finished goods,Balance Sheet,Assets,Current Assets,,Debit,48745.08,48745.08,-48745.08,48745.08,0.00,EUR
455,.1~456,456,C2,02,19,02/19,2024-02-08T00:00:00,8,39,800000,Sales revenues - domestic,Income Statement,Revenues,,,Credit,149393.78,-149393.78,149393.78,0.00,149393.78,EUR
456,.1~457,457,C2,02,19,02/19,2024-02-08T00:00:00,8,39,893010,Total fin.prod. sold,Income Statement,Cost of Goods Sold,,,Debit,33696.30,33696.30,-33696.30,0.00,-33696.30,EUR
457,.1~458,458,C2,02,19,02/19,2024-02-08T00:00:00,8,39,895000,Total Finished Products Produced,Income Statement,Inventory Change,,,Credit,48745.08,-48745.08,48745.08,0.00,48745.08,EUR
458,.1~459,459,C2,02,20,02/20,2024-02-09T00:00:00,8,40,2010,Accumulated Depreciation - Buildings,Balance Sheet,Assets,Long-Term Assets,,Credit,1250.00,-1250.00,1250.00,-1250.00,0.00,EUR
459,.1~460,460,C2,02,20,02/20,2024-02-09T00:00:00,8,40,11010,Accumulated depreciation - machinery and equipment,Balance Sheet,Assets,Long-Term Assets,,Credit,54166.67,-54166.67,54166.67,-54166.67,0.00,EUR
460,.1~461,461,C2,02,20,02/20,2024-02-09T00:00:00,8,40,113101,Bank Loan,Balance Sheet,Liabilities and Owners' Equity,Liabilities,Current Liabilities,Debit,1060000.00,1060000.00,-1060000.00,1060000.00,0.00,EUR
461,.1~462,462,C2,02,20,02/20,2024-02-09T00:00:00,8,40,113300,Bank Cash Account,Balance Sheet,Assets,Current Assets,,Credit,1159711.14,-1159711.14,1159711.14,-1159711.14,0.00,EUR
462,.1~463,463,C2,02,20,02/20,2024-02-09T00:00:00,8,40,113300,Bank Cash Account,Balance Sheet,Assets,Current Assets,,Debit,40184.48,40184.48,-40184.48,40184.48,0.00,EUR
463,.1~464,464,C2,02,20,02/20,2024-02-09T00:00:00,8,40,140000,Customers - Domestic Receivables,Balance Sheet,Assets,Current Assets,,Credit,40184.48,-40184.48,40184.48,-40184.48,0.00,EUR
464,.1~465,465,C2,02,20,02/20,2024-02-09T00:00:00,8,40,140000,Customers - Domestic Receivables,Balance Sheet,Assets,Current Assets,,Debit,115338.58,115338.58,-115338.58,115338.58,0.00,EUR
465,.1~466,466,C2,02,20,02/20,2024-02-09T00:00:00,8,40,211120,Depreciation-buildings,Income Statement,Operating Expenses,,,Debit,1250.00,1250.00,-1250.00,0.00,-1250.00,EUR
466,.1~467,467,C2,02,20,02/20,2024-02-09T00:00:00,8,40,211130,Depreciation - machinery and equipment,Income Statement,Operating Expenses,,,Debit,54166.67,54166.67,-54166.67,0.00,-54166.67,EUR
467,.1~468,468,C2,02,20,02/20,2024-02-09T00:00:00,8,40,300000,Raw materials,Balance Sheet,Assets,Current Assets,,Credit,40277.49,-40277.49,40277.49,-40277.49,0.00,EUR
468,.1~469,469,C2,02,20,02/20,2024-02-09T00:00:00,8,40,400000,Consumption Raw Materials,Income Statement,Inventory Change,,,Debit,40277.49,40277.49,-40277.49,0.00,-40277.49,EUR
469,.1~470,470,C2,02,20,02/20,2024-02-09T00:00:00,8,40,476900,Interest expenses,Income Statement,"Sales, General, and Administrative Expenses",Interest Expenses,,Debit,14711.14,14711.14,-14711.14,0.00,-14711.14,EUR
470,.1~471,471,C2,02,20,02/20,2024-02-09T00:00:00,8,40,478100,Warehousing Costs,Income Statement,Operating Expenses,,,Debit,10000.00,10000.00,-10000.00,0.00,-10000.00,EUR
471,.1~472,472,C2,02,20,02/20,2024-02-09T00:00:00,8,40,500000,Direct labor costs,Income Statement,Operating Expenses,,,Debit,20000.00,20000.00,-20000.00,0.00,-20000.00,EUR
472,.1~473,473,C2,02,20,02/20,2024-02-09T00:00:00,8,40,510000,Factory Overhead Expenses,Income Statement,Operating Expenses,,,Debit,15000.00,15000.00,-15000.00,0.00,-15000.00,EUR
473,.1~474,474,C2,02,20,02/20,2024-02-09T00:00:00,8,40,520000,"Sales, General and Administrative Expenses",Income Statement,"Sales, General, and Administrative Expenses",SG&A,,Debit,40000.00,40000.00,-40000.00,0.00,-40000.00,EUR
474,.1~475,475,C2,02,20,02/20,2024-02-09T00:00:00,8,40,792000,Finished goods,Balance Sheet,Assets,Current Assets,,Credit,25949.38,-25949.38,25949.38,-25949.38,0.00,EUR
475,.1~476,476,C2,02,20,02/20,2024-02-09T00:00:00,8,40,792000,Finished goods,Balance Sheet,Assets,Current Assets,,Debit,42120.00,42120.00,-42120.00,42120.00,0.00,EUR
476,.1~477,477,C2,02,20,02/20,2024-02-09T00:00:00,8,40,800000,Sales revenues - domestic,Income Statement,Revenues,,,Credit,115338.58,-115338.58,115338.58,0.00,115338.58,EUR
477,.1~478,478,C2,02,20,02/20,2024-02-09T00:00:00,8,40,893010,Total fin.prod. sold,Income Statement,Cost of Goods Sold,,,Debit,25949.38,25949.38,-25949.38,0.00,-25949.38,EUR
478,.1~479,479,C2,02,20,02/20,2024-02-09T00:00:00,8,40,895000,Total Finished Products Produced,Income Statement,Inventory Change,,,Credit,42120.00,-42120.00,42120.00,0.00,42120.00,EUR
