,ID,ROW_ID,COMPANY_CODE,SIM_ROUND,SIM_STEP,SIM_DATE,SIM_CALENDAR_DATE,SIM_PERIOD,SIM_ELAPSED_STEPS,MATERIAL_NUMBER,MATERIAL_DESCRIPTION,MATERIAL_SIZE,MATERIAL_LABEL,MATERIAL_CODE,YIELD,UNIT
0,.1~465,465,C2,02,19,02/19,2024-02-08T00:00:00,8,39,CC-F12,1kg Blueberry Muesli,1kg,Blueberry Muesli,F12,0,ST
1,.1~189,189,C2,01,16,01/16,2024-01-16T00:00:00,4,16,CC-F12,1kg Blueberry Muesli,1kg,Blueberry Muesli,F12,0,ST
2,.1~365,365,C2,02,11,02/11,2024-01-31T00:00:00,7,31,CC-F12,1kg Blueberry Muesli,1kg,Blueberry Muesli,F12,0,ST
3,.1~263,263,C2,02,02,02/02,2024-01-22T00:00:00,5,22,CC-F12,1kg Blueberry Muesli,1kg,Blueberry Muesli,F12,5.328E3,ST
4,.1~94,94,C2,01,08,01/08,2024-01-08T00:00:00,2,8,CC-F12,1kg Blueberry Muesli,1kg,Blueberry Muesli,F12,0,ST
5,.1~102,102,C2,01,09,01/09,2024-01-09T00:00:00,2,9,CC-F12,1kg Blueberry Muesli,1kg,Blueberry Muesli,F12,0,ST
6,.1~56,56,C2,01,05,01/05,2024-01-05T00:00:00,1,5,CC-F12,1kg Blueberry Muesli,1kg,Blueberry Muesli,F12,0,ST
7,.1~18,18,C2,01,02,01/02,2024-01-02T00:00:00,1,2,CC-F12,1kg Blueberry Muesli,1kg,Blueberry Muesli,F12,0,ST
8,.1~199,199,C2,01,17,01/17,2024-01-17T00:00:00,4,17,CC-F12,1kg Blueberry Muesli,1kg,Blueberry Muesli,F12,0,ST
9,.1~380,380,C2,02,12,02/12,2024-02-01T00:00:00,7,32,CC-F12,1kg Blueberry Muesli,1kg,Blueberry Muesli,F12,0,ST
10,.1~478,478,C2,02,20,02/20,2024-02-09T00:00:00,8,40,CC-F12,1kg Blueberry Muesli,1kg,Blueberry Muesli,F12,0,ST
11,.1~245,245,C2,02,01,02/01,2024-01-21T00:00:00,5,21,CC-F12,1kg Blueberry Muesli,1kg,Blueberry Muesli,F12,0,ST
12,.1~409,409,C2,02,15,02/15,2024-02-04T00:00:00,7,35,CC-F12,1kg Blueberry Muesli,1kg,Blueberry Muesli,F12,0,ST
13,.1~206,206,C2,01,18,01/18,2024-01-18T00:00:00,4,18,CC-F12,1kg Blueberry Muesli,1kg,Blueberry Muesli,F12,0,ST
14,.1~237,237,C2,01,20,01/20,2024-01-20T00:00:00,4,20,CC-F12,1kg Blueberry Muesli,1kg,Blueberry Muesli,F12,0,ST
15,.1~5,5,C2,01,01,01/01,2024-01-01T00:00:00,1,1,CC-F12,1kg Blueberry Muesli,1kg,Blueberry Muesli,F12,0,ST
16,.1~394,394,C2,02,13,02/13,2024-02-02T00:00:00,7,33,CC-F12,1kg Blueberry Muesli,1kg,Blueberry Muesli,F12,0,ST
17,.1~74,74,C2,01,07,01/07,2024-01-07T00:00:00,2,7,CC-F12,1kg Blueberry Muesli,1kg,Blueberry Muesli,F12,0,ST
18,.1~68,68,C2,01,06,01/06,2024-01-06T00:00:00,2,6,CC-F12,1kg Blueberry Muesli,1kg,Blueberry Muesli,F12,0,ST
19,.1~398,398,C2,02,14,02/14,2024-02-03T00:00:00,7,34,CC-F12,1kg Blueberry Muesli,1kg,Blueberry Muesli,F12,0,ST
20,.1~221,221,C2,01,19,01/19,2024-01-19T00:00:00,4,19,CC-F12,1kg Blueberry Muesli,1kg,Blueberry Muesli,F12,0,ST
21,.1~449,449,C2,02,18,02/18,2024-02-07T00:00:00,8,38,CC-F12,1kg Blueberry Muesli,1kg,Blueberry Muesli,F12,0,ST
22,.1~288,288,C2,02,04,02/04,2024-01-24T00:00:00,5,24,CC-F12,1kg Blueberry Muesli,1kg,Blueberry Muesli,F12,2.6E4,ST
23,.1~119,119,C2,01,10,01/10,2024-01-10T00:00:00,2,10,CC-F12,1kg Blueberry Muesli,1kg,Blueberry Muesli,F12,0,ST
24,.1~134,134,C2,01,12,01/12,2024-01-12T00:00:00,3,12,CC-F12,1kg Blueberry Muesli,1kg,Blueberry Muesli,F12,0,ST
25,.1~43,43,C2,01,04,01/04,2024-01-04T00:00:00,1,4,CC-F12,1kg Blueberry Muesli,1kg,Blueberry Muesli,F12,0,ST
26,.1~161,161,C2,01,14,01/14,2024-01-14T00:00:00,3,14,CC-F12,1kg Blueberry Muesli,1kg,Blueberry Muesli,F12,0,ST
27,.1~323,323,C2,02,07,02/07,2024-01-27T00:00:00,6,27,CC-F12,1kg Blueberry Muesli,1kg,Blueberry Muesli,F12,0,ST
28,.1~32,32,C2,01,03,01/03,2024-01-03T00:00:00,1,3,CC-F12,1kg Blueberry Muesli,1kg,Blueberry Muesli,F12,0,ST
29,.1~307,307,C2,02,06,02/06,2024-01-26T00:00:00,6,26,CC-F12,1kg Blueberry Muesli,1kg,Blueberry Muesli,F12,0,ST
30,.1~299,299,C2,02,05,02/05,2024-01-25T00:00:00,5,25,CC-F12,1kg Blueberry Muesli,1kg,Blueberry Muesli,F12,6.672E3,ST
31,.1~126,126,C2,01,11,01/11,2024-01-11T00:00:00,3,11,CC-F12,1kg Blueberry Muesli,1kg,Blueberry Muesli,F12,0,ST
32,.1~346,346,C2,02,09,02/09,2024-01-29T00:00:00,6,29,CC-F12,1kg Blueberry Muesli,1kg,Blueberry Muesli,F12,0,ST
33,.1~425,425,C2,02,16,02/16,2024-02-05T00:00:00,8,36,CC-F12,1kg Blueberry Muesli,1kg,Blueberry Muesli,F12,0,ST
34,.1~176,176,C2,01,15,01/15,2024-01-15T00:00:00,3,15,CC-F12,1kg Blueberry Muesli,1kg,Blueberry Muesli,F12,0,ST
35,.1~146,146,C2,01,13,01/13,2024-01-13T00:00:00,3,13,CC-F12,1kg Blueberry Muesli,1kg,Blueberry Muesli,F12,0,ST
36,.1~276,276,C2,02,03,02/03,2024-01-23T00:00:00,5,23,CC-F12,1kg Blueberry Muesli,1kg,Blueberry Muesli,F12,2.6E4,ST
37,.1~331,331,C2,02,08,02/08,2024-01-28T00:00:00,6,28,CC-F12,1kg Blueberry Muesli,1kg,Blueberry Muesli,F12,0,ST
38,.1~437,437,C2,02,17,02/17,2024-02-06T00:00:00,8,37,CC-F12,1kg Blueberry Muesli,1kg,Blueberry Muesli,F12,0,ST
39,.1~356,356,C2,02,10,02/10,2024-01-30T00:00:00,6,30,CC-F12,1kg Blueberry Muesli,1kg,Blueberry Muesli,F12,0,ST
40,.1~168,168,C2,01,14,01/14,2024-01-14T00:00:00,3,14,CC-F16,1kg Mixed Fruit Muesli,1kg,Mixed Fruit Muesli,F16,1.9336E4,ST
41,.1~289,289,C2,02,05,02/05,2024-01-25T00:00:00,5,25,CC-F16,1kg Mixed Fruit Muesli,1kg,Mixed Fruit Muesli,F16,0,ST
42,.1~156,156,C2,01,13,01/13,2024-01-13T00:00:00,3,13,CC-F16,1kg Mixed Fruit Muesli,1kg,Mixed Fruit Muesli,F16,2.6E4,ST
43,.1~301,301,C2,02,06,02/06,2024-01-26T00:00:00,6,26,CC-F16,1kg Mixed Fruit Muesli,1kg,Mixed Fruit Muesli,F16,0,ST
44,.1~144,144,C2,01,12,01/12,2024-01-12T00:00:00,3,12,CC-F16,1kg Mixed Fruit Muesli,1kg,Mixed Fruit Muesli,F16,1.8664E4,ST
45,.1~35,35,C2,01,03,01/03,2024-01-03T00:00:00,1,3,CC-F16,1kg Mixed Fruit Muesli,1kg,Mixed Fruit Muesli,F16,0,ST
46,.1~442,442,C2,02,17,02/17,2024-02-06T00:00:00,8,37,CC-F16,1kg Mixed Fruit Muesli,1kg,Mixed Fruit Muesli,F16,0,ST
47,.1~319,319,C2,02,07,02/07,2024-01-27T00:00:00,6,27,CC-F16,1kg Mixed Fruit Muesli,1kg,Mixed Fruit Muesli,F16,0,ST
48,.1~332,332,C2,02,08,02/08,2024-01-28T00:00:00,6,28,CC-F16,1kg Mixed Fruit Muesli,1kg,Mixed Fruit Muesli,F16,0,ST
49,.1~121,121,C2,01,11,01/11,2024-01-11T00:00:00,3,11,CC-F16,1kg Mixed Fruit Muesli,1kg,Mixed Fruit Muesli,F16,0,ST
50,.1~44,44,C2,01,04,01/04,2024-01-04T00:00:00,1,4,CC-F16,1kg Mixed Fruit Muesli,1kg,Mixed Fruit Muesli,F16,0,ST
51,.1~339,339,C2,02,09,02/09,2024-01-29T00:00:00,6,29,CC-F16,1kg Mixed Fruit Muesli,1kg,Mixed Fruit Muesli,F16,0,ST
52,.1~430,430,C2,02,16,02/16,2024-02-05T00:00:00,8,36,CC-F16,1kg Mixed Fruit Muesli,1kg,Mixed Fruit Muesli,F16,0,ST
53,.1~113,113,C2,01,10,01/10,2024-01-10T00:00:00,2,10,CC-F16,1kg Mixed Fruit Muesli,1kg,Mixed Fruit Muesli,F16,0,ST
54,.1~351,351,C2,02,10,02/10,2024-01-30T00:00:00,6,30,CC-F16,1kg Mixed Fruit Muesli,1kg,Mixed Fruit Muesli,F16,0,ST
55,.1~106,106,C2,01,09,01/09,2024-01-09T00:00:00,2,9,CC-F16,1kg Mixed Fruit Muesli,1kg,Mixed Fruit Muesli,F16,0,ST
56,.1~369,369,C2,02,11,02/11,2024-01-31T00:00:00,7,31,CC-F16,1kg Mixed Fruit Muesli,1kg,Mixed Fruit Muesli,F16,0,ST
57,.1~418,418,C2,02,15,02/15,2024-02-04T00:00:00,7,35,CC-F16,1kg Mixed Fruit Muesli,1kg,Mixed Fruit Muesli,F16,0,ST
58,.1~91,91,C2,01,08,01/08,2024-01-08T00:00:00,2,8,CC-F16,1kg Mixed Fruit Muesli,1kg,Mixed Fruit Muesli,F16,0,ST
59,.1~59,59,C2,01,05,01/05,2024-01-05T00:00:00,1,5,CC-F16,1kg Mixed Fruit Muesli,1kg,Mixed Fruit Muesli,F16,0,ST
60,.1~61,61,C2,01,06,01/06,2024-01-06T00:00:00,2,6,CC-F16,1kg Mixed Fruit Muesli,1kg,Mixed Fruit Muesli,F16,0,ST
61,.1~83,83,C2,01,07,01/07,2024-01-07T00:00:00,2,7,CC-F16,1kg Mixed Fruit Muesli,1kg,Mixed Fruit Muesli,F16,0,ST
62,.1~384,384,C2,02,12,02/12,2024-02-01T00:00:00,7,32,CC-F16,1kg Mixed Fruit Muesli,1kg,Mixed Fruit Muesli,F16,2.3992E4,ST
63,.1~408,408,C2,02,14,02/14,2024-02-03T00:00:00,7,34,CC-F16,1kg Mixed Fruit Muesli,1kg,Mixed Fruit Muesli,F16,1.4008E4,ST
64,.1~396,396,C2,02,13,02/13,2024-02-02T00:00:00,7,33,CC-F16,1kg Mixed Fruit Muesli,1kg,Mixed Fruit Muesli,F16,2.6E4,ST
65,.1~464,464,C2,02,19,02/19,2024-02-08T00:00:00,8,39,CC-F16,1kg Mixed Fruit Muesli,1kg,Mixed Fruit Muesli,F16,0,ST
66,.1~187,187,C2,01,16,01/16,2024-01-16T00:00:00,4,16,CC-F16,1kg Mixed Fruit Muesli,1kg,Mixed Fruit Muesli,F16,0,ST
67,.1~247,247,C2,02,01,02/01,2024-01-21T00:00:00,5,21,CC-F16,1kg Mixed Fruit Muesli,1kg,Mixed Fruit Muesli,F16,0,ST
68,.1~261,261,C2,02,02,02/02,2024-01-22T00:00:00,5,22,CC-F16,1kg Mixed Fruit Muesli,1kg,Mixed Fruit Muesli,F16,0,ST
69,.1~233,233,C2,01,20,01/20,2024-01-20T00:00:00,4,20,CC-F16,1kg Mixed Fruit Muesli,1kg,Mixed Fruit Muesli,F16,0,ST
70,.1~215,215,C2,01,18,01/18,2024-01-18T00:00:00,4,18,CC-F16,1kg Mixed Fruit Muesli,1kg,Mixed Fruit Muesli,F16,0,ST
71,.1~271,271,C2,02,03,02/03,2024-01-23T00:00:00,5,23,CC-F16,1kg Mixed Fruit Muesli,1kg,Mixed Fruit Muesli,F16,0,ST
72,.1~20,20,C2,01,02,01/02,2024-01-02T00:00:00,1,2,CC-F16,1kg Mixed Fruit Muesli,1kg,Mixed Fruit Muesli,F16,0,ST
73,.1~174,174,C2,01,15,01/15,2024-01-15T00:00:00,3,15,CC-F16,1kg Mixed Fruit Muesli,1kg,Mixed Fruit Muesli,F16,0,ST
74,.1~227,227,C2,01,19,01/19,2024-01-19T00:00:00,4,19,CC-F16,1kg Mixed Fruit Muesli,1kg,Mixed Fruit Muesli,F16,0,ST
75,.1~281,281,C2,02,04,02/04,2024-01-24T00:00:00,5,24,CC-F16,1kg Mixed Fruit Muesli,1kg,Mixed Fruit Muesli,F16,0,ST
76,.1~469,469,C2,02,20,02/20,2024-02-09T00:00:00,8,40,CC-F16,1kg Mixed Fruit Muesli,1kg,Mixed Fruit Muesli,F16,0,ST
77,.1~1,1,C2,01,01,01/01,2024-01-01T00:00:00,1,1,CC-F16,1kg Mixed Fruit Muesli,1kg,Mixed Fruit Muesli,F16,0,ST
78,.1~453,453,C2,02,18,02/18,2024-02-07T00:00:00,8,38,CC-F16,1kg Mixed Fruit Muesli,1kg,Mixed Fruit Muesli,F16,0,ST
79,.1~200,200,C2,01,17,01/17,2024-01-17T00:00:00,4,17,CC-F16,1kg Mixed Fruit Muesli,1kg,Mixed Fruit Muesli,F16,0,ST
80,.1~240,240,C2,01,20,01/20,2024-01-20T00:00:00,4,20,CC-F11,1kg Nut Muesli,1kg,Nut Muesli,F11,2.1662E4,ST
81,.1~480,480,C2,02,20,02/20,2024-02-09T00:00:00,8,40,CC-F11,1kg Nut Muesli,1kg,Nut Muesli,F11,2.6E4,ST
82,.1~388,388,C2,02,13,02/13,2024-02-02T00:00:00,7,33,CC-F11,1kg Nut Muesli,1kg,Nut Muesli,F11,0,ST
83,.1~321,321,C2,02,07,02/07,2024-01-27T00:00:00,6,27,CC-F11,1kg Nut Muesli,1kg,Nut Muesli,F11,0,ST
84,.1~309,309,C2,02,06,02/06,2024-01-26T00:00:00,6,26,CC-F11,1kg Nut Muesli,1kg,Nut Muesli,F11,0,ST
85,.1~403,403,C2,02,14,02/14,2024-02-03T00:00:00,7,34,CC-F11,1kg Nut Muesli,1kg,Nut Muesli,F11,0,ST
86,.1~440,440,C2,02,17,02/17,2024-02-06T00:00:00,8,37,CC-F11,1kg Nut Muesli,1kg,Nut Muesli,F11,0,ST
87,.1~329,329,C2,02,08,02/08,2024-01-28T00:00:00,6,28,CC-F11,1kg Nut Muesli,1kg,Nut Muesli,F11,0,ST
88,.1~293,293,C2,02,05,02/05,2024-01-25T00:00:00,5,25,CC-F11,1kg Nut Muesli,1kg,Nut Muesli,F11,0,ST
89,.1~252,252,C2,02,01,02/01,2024-01-21T00:00:00,5,21,CC-F11,1kg Nut Muesli,1kg,Nut Muesli,F11,2.6E4,ST
90,.1~376,376,C2,02,12,02/12,2024-02-01T00:00:00,7,32,CC-F11,1kg Nut Muesli,1kg,Nut Muesli,F11,0,ST
91,.1~285,285,C2,02,04,02/04,2024-01-24T00:00:00,5,24,CC-F11,1kg Nut Muesli,1kg,Nut Muesli,F11,0,ST
92,.1~415,415,C2,02,15,02/15,2024-02-04T00:00:00,7,35,CC-F11,1kg Nut Muesli,1kg,Nut Muesli,F11,0,ST
93,.1~451,451,C2,02,18,02/18,2024-02-07T00:00:00,8,38,CC-F11,1kg Nut Muesli,1kg,Nut Muesli,F11,0,ST
94,.1~342,342,C2,02,09,02/09,2024-01-29T00:00:00,6,29,CC-F11,1kg Nut Muesli,1kg,Nut Muesli,F11,0,ST
95,.1~467,467,C2,02,19,02/19,2024-02-08T00:00:00,8,39,CC-F11,1kg Nut Muesli,1kg,Nut Muesli,F11,9.9E2,ST
96,.1~428,428,C2,02,16,02/16,2024-02-05T00:00:00,8,36,CC-F11,1kg Nut Muesli,1kg,Nut Muesli,F11,0,ST
97,.1~363,363,C2,02,11,02/11,2024-01-31T00:00:00,7,31,CC-F11,1kg Nut Muesli,1kg,Nut Muesli,F11,0,ST
98,.1~275,275,C2,02,03,02/03,2024-01-23T00:00:00,5,23,CC-F11,1kg Nut Muesli,1kg,Nut Muesli,F11,0,ST
99,.1~264,264,C2,02,02,02/02,2024-01-22T00:00:00,5,22,CC-F11,1kg Nut Muesli,1kg,Nut Muesli,F11,1.6338E4,ST
100,.1~357,357,C2,02,10,02/10,2024-01-30T00:00:00,6,30,CC-F11,1kg Nut Muesli,1kg,Nut Muesli,F11,0,ST
101,.1~79,79,C2,01,07,01/07,2024-01-07T00:00:00,2,7,CC-F11,1kg Nut Muesli,1kg,Nut Muesli,F11,0,ST
102,.1~64,64,C2,01,06,01/06,2024-01-06T00:00:00,2,6,CC-F11,1kg Nut Muesli,1kg,Nut Muesli,F11,0,ST
103,.1~85,85,C2,01,08,01/08,2024-01-08T00:00:00,2,8,CC-F11,1kg Nut Muesli,1kg,Nut Muesli,F11,0,ST
104,.1~181,181,C2,01,16,01/16,2024-01-16T00:00:00,4,16,CC-F11,1kg Nut Muesli,1kg,Nut Muesli,F11,0,ST
105,.1~54,54,C2,01,05,01/05,2024-01-05T00:00:00,1,5,CC-F11,1kg Nut Muesli,1kg,Nut Muesli,F11,0,ST
106,.1~173,173,C2,01,15,01/15,2024-01-15T00:00:00,3,15,CC-F11,1kg Nut Muesli,1kg,Nut Muesli,F11,0,ST
107,.1~202,202,C2,01,17,01/17,2024-01-17T00:00:00,4,17,CC-F11,1kg Nut Muesli,1kg,Nut Muesli,F11,0,ST
108,.1~105,105,C2,01,09,01/09,2024-01-09T00:00:00,2,9,CC-F11,1kg Nut Muesli,1kg,Nut Muesli,F11,0,ST
109,.1~38,38,C2,01,04,01/04,2024-01-04T00:00:00,1,4,CC-F11,1kg Nut Muesli,1kg,Nut Muesli,F11,0,ST
110,.1~117,117,C2,01,10,01/10,2024-01-10T00:00:00,2,10,CC-F11,1kg Nut Muesli,1kg,Nut Muesli,F11,0,ST
111,.1~26,26,C2,01,03,01/03,2024-01-03T00:00:00,1,3,CC-F11,1kg Nut Muesli,1kg,Nut Muesli,F11,0,ST
112,.1~124,124,C2,01,11,01/11,2024-01-11T00:00:00,3,11,CC-F11,1kg Nut Muesli,1kg,Nut Muesli,F11,0,ST
113,.1~211,211,C2,01,18,01/18,2024-01-18T00:00:00,4,18,CC-F11,1kg Nut Muesli,1kg,Nut Muesli,F11,0,ST
114,.1~6,6,C2,01,01,01/01,2024-01-01T00:00:00,1,1,CC-F11,1kg Nut Muesli,1kg,Nut Muesli,F11,0,ST
115,.1~147,147,C2,01,13,01/13,2024-01-13T00:00:00,3,13,CC-F11,1kg Nut Muesli,1kg,Nut Muesli,F11,0,ST
116,.1~21,21,C2,01,02,01/02,2024-01-02T00:00:00,1,2,CC-F11,1kg Nut Muesli,1kg,Nut Muesli,F11,0,ST
117,.1~157,157,C2,01,14,01/14,2024-01-14T00:00:00,3,14,CC-F11,1kg Nut Muesli,1kg,Nut Muesli,F11,0,ST
118,.1~137,137,C2,01,12,01/12,2024-01-12T00:00:00,3,12,CC-F11,1kg Nut Muesli,1kg,Nut Muesli,F11,0,ST
119,.1~218,218,C2,01,19,01/19,2024-01-19T00:00:00,4,19,CC-F11,1kg Nut Muesli,1kg,Nut Muesli,F11,0,ST
120,.1~367,367,C2,02,11,02/11,2024-01-31T00:00:00,7,31,CC-F15,1kg Original Muesli,1kg,Original Muesli,F15,0,ST
121,.1~101,101,C2,01,09,01/09,2024-01-09T00:00:00,2,9,CC-F15,1kg Original Muesli,1kg,Original Muesli,F15,0,ST
122,.1~95,95,C2,01,08,01/08,2024-01-08T00:00:00,2,8,CC-F15,1kg Original Muesli,1kg,Original Muesli,F15,0,ST
123,.1~248,248,C2,02,01,02/01,2024-01-21T00:00:00,5,21,CC-F15,1kg Original Muesli,1kg,Original Muesli,F15,0,ST
124,.1~209,209,C2,01,18,01/18,2024-01-18T00:00:00,4,18,CC-F15,1kg Original Muesli,1kg,Original Muesli,F15,0,ST
125,.1~235,235,C2,01,20,01/20,2024-01-20T00:00:00,4,20,CC-F15,1kg Original Muesli,1kg,Original Muesli,F15,0,ST
126,.1~383,383,C2,02,12,02/12,2024-02-01T00:00:00,7,32,CC-F15,1kg Original Muesli,1kg,Original Muesli,F15,0,ST
127,.1~222,222,C2,01,19,01/19,2024-01-19T00:00:00,4,19,CC-F15,1kg Original Muesli,1kg,Original Muesli,F15,0,ST
128,.1~392,392,C2,02,13,02/13,2024-02-02T00:00:00,7,33,CC-F15,1kg Original Muesli,1kg,Original Muesli,F15,0,ST
129,.1~77,77,C2,01,07,01/07,2024-01-07T00:00:00,2,7,CC-F15,1kg Original Muesli,1kg,Original Muesli,F15,0,ST
130,.1~397,397,C2,02,14,02/14,2024-02-03T00:00:00,7,34,CC-F15,1kg Original Muesli,1kg,Original Muesli,F15,0,ST
131,.1~169,169,C2,01,15,01/15,2024-01-15T00:00:00,3,15,CC-F15,1kg Original Muesli,1kg,Original Muesli,F15,0,ST
132,.1~291,291,C2,02,05,02/05,2024-01-25T00:00:00,5,25,CC-F15,1kg Original Muesli,1kg,Original Muesli,F15,0,ST
133,.1~158,158,C2,01,14,01/14,2024-01-14T00:00:00,3,14,CC-F15,1kg Original Muesli,1kg,Original Muesli,F15,0,ST
134,.1~283,283,C2,02,04,02/04,2024-01-24T00:00:00,5,24,CC-F15,1kg Original Muesli,1kg,Original Muesli,F15,0,ST
135,.1~306,306,C2,02,06,02/06,2024-01-26T00:00:00,6,26,CC-F15,1kg Original Muesli,1kg,Original Muesli,F15,0,ST
136,.1~145,145,C2,01,13,01/13,2024-01-13T00:00:00,3,13,CC-F15,1kg Original Muesli,1kg,Original Muesli,F15,0,ST
137,.1~314,314,C2,02,07,02/07,2024-01-27T00:00:00,6,27,CC-F15,1kg Original Muesli,1kg,Original Muesli,F15,0,ST
138,.1~270,270,C2,02,03,02/03,2024-01-23T00:00:00,5,23,CC-F15,1kg Original Muesli,1kg,Original Muesli,F15,0,ST
139,.1~136,136,C2,01,12,01/12,2024-01-12T00:00:00,3,12,CC-F15,1kg Original Muesli,1kg,Original Muesli,F15,0,ST
140,.1~185,185,C2,01,16,01/16,2024-01-16T00:00:00,4,16,CC-F15,1kg Original Muesli,1kg,Original Muesli,F15,0,ST
141,.1~334,334,C2,02,08,02/08,2024-01-28T00:00:00,6,28,CC-F15,1kg Original Muesli,1kg,Original Muesli,F15,0,ST
142,.1~123,123,C2,01,11,01/11,2024-01-11T00:00:00,3,11,CC-F15,1kg Original Muesli,1kg,Original Muesli,F15,0,ST
143,.1~259,259,C2,02,02,02/02,2024-01-22T00:00:00,5,22,CC-F15,1kg Original Muesli,1kg,Original Muesli,F15,0,ST
144,.1~344,344,C2,02,09,02/09,2024-01-29T00:00:00,6,29,CC-F15,1kg Original Muesli,1kg,Original Muesli,F15,0,ST
145,.1~349,349,C2,02,10,02/10,2024-01-30T00:00:00,6,30,CC-F15,1kg Original Muesli,1kg,Original Muesli,F15,0,ST
146,.1~195,195,C2,01,17,01/17,2024-01-17T00:00:00,4,17,CC-F15,1kg Original Muesli,1kg,Original Muesli,F15,0,ST
147,.1~111,111,C2,01,10,01/10,2024-01-10T00:00:00,2,10,CC-F15,1kg Original Muesli,1kg,Original Muesli,F15,0,ST
148,.1~42,42,C2,01,04,01/04,2024-01-04T00:00:00,1,4,CC-F15,1kg Original Muesli,1kg,Original Muesli,F15,0,ST
149,.1~29,29,C2,01,03,01/03,2024-01-03T00:00:00,1,3,CC-F15,1kg Original Muesli,1kg,Original Muesli,F15,0,ST
150,.1~452,452,C2,02,18,02/18,2024-02-07T00:00:00,8,38,CC-F15,1kg Original Muesli,1kg,Original Muesli,F15,0,ST
151,.1~423,423,C2,02,16,02/16,2024-02-05T00:00:00,8,36,CC-F15,1kg Original Muesli,1kg,Original Muesli,F15,0,ST
152,.1~463,463,C2,02,19,02/19,2024-02-08T00:00:00,8,39,CC-F15,1kg Original Muesli,1kg,Original Muesli,F15,0,ST
153,.1~16,16,C2,01,02,01/02,2024-01-02T00:00:00,1,2,CC-F15,1kg Original Muesli,1kg,Original Muesli,F15,0,ST
154,.1~419,419,C2,02,15,02/15,2024-02-04T00:00:00,7,35,CC-F15,1kg Original Muesli,1kg,Original Muesli,F15,0,ST
155,.1~55,55,C2,01,05,01/05,2024-01-05T00:00:00,1,5,CC-F15,1kg Original Muesli,1kg,Original Muesli,F15,0,ST
156,.1~435,435,C2,02,17,02/17,2024-02-06T00:00:00,8,37,CC-F15,1kg Original Muesli,1kg,Original Muesli,F15,0,ST
157,.1~473,473,C2,02,20,02/20,2024-02-09T00:00:00,8,40,CC-F15,1kg Original Muesli,1kg,Original Muesli,F15,0,ST
158,.1~2,2,C2,01,01,01/01,2024-01-01T00:00:00,1,1,CC-F15,1kg Original Muesli,1kg,Original Muesli,F15,0,ST
159,.1~67,67,C2,01,06,01/06,2024-01-06T00:00:00,2,6,CC-F15,1kg Original Muesli,1kg,Original Muesli,F15,0,ST
160,.1~420,420,C2,02,15,02/15,2024-02-04T00:00:00,7,35,CC-F14,1kg Raisin Muesli,1kg,Raisin Muesli,F14,2.6E4,ST
161,.1~17,17,C2,01,02,01/02,2024-01-02T00:00:00,1,2,CC-F14,1kg Raisin Muesli,1kg,Raisin Muesli,F14,0,ST
162,.1~31,31,C2,01,03,01/03,2024-01-03T00:00:00,1,3,CC-F14,1kg Raisin Muesli,1kg,Raisin Muesli,F14,0,ST
163,.1~273,273,C2,02,03,02/03,2024-01-23T00:00:00,5,23,CC-F14,1kg Raisin Muesli,1kg,Raisin Muesli,F14,0,ST
164,.1~108,108,C2,01,09,01/09,2024-01-09T00:00:00,2,9,CC-F14,1kg Raisin Muesli,1kg,Raisin Muesli,F14,1.2668E4,ST
165,.1~109,109,C2,01,10,01/10,2024-01-10T00:00:00,2,10,CC-F14,1kg Raisin Muesli,1kg,Raisin Muesli,F14,0,ST
166,.1~352,352,C2,02,10,02/10,2024-01-30T00:00:00,6,30,CC-F14,1kg Raisin Muesli,1kg,Raisin Muesli,F14,0,ST
167,.1~458,458,C2,02,19,02/19,2024-02-08T00:00:00,8,39,CC-F14,1kg Raisin Muesli,1kg,Raisin Muesli,F14,0,ST
168,.1~217,217,C2,01,19,01/19,2024-01-19T00:00:00,4,19,CC-F14,1kg Raisin Muesli,1kg,Raisin Muesli,F14,0,ST
169,.1~49,49,C2,01,05,01/05,2024-01-05T00:00:00,1,5,CC-F14,1kg Raisin Muesli,1kg,Raisin Muesli,F14,0,ST
170,.1~278,278,C2,02,04,02/04,2024-01-24T00:00:00,5,24,CC-F14,1kg Raisin Muesli,1kg,Raisin Muesli,F14,0,ST
171,.1~298,298,C2,02,05,02/05,2024-01-25T00:00:00,5,25,CC-F14,1kg Raisin Muesli,1kg,Raisin Muesli,F14,0,ST
172,.1~432,432,C2,02,16,02/16,2024-02-05T00:00:00,8,36,CC-F14,1kg Raisin Muesli,1kg,Raisin Muesli,F14,2.6E4,ST
173,.1~170,170,C2,01,15,01/15,2024-01-15T00:00:00,3,15,CC-F14,1kg Raisin Muesli,1kg,Raisin Muesli,F14,0,ST
174,.1~3,3,C2,01,01,01/01,2024-01-01T00:00:00,1,1,CC-F14,1kg Raisin Muesli,1kg,Raisin Muesli,F14,0,ST
175,.1~166,166,C2,01,14,01/14,2024-01-14T00:00:00,3,14,CC-F14,1kg Raisin Muesli,1kg,Raisin Muesli,F14,0,ST
176,.1~127,127,C2,01,11,01/11,2024-01-11T00:00:00,3,11,CC-F14,1kg Raisin Muesli,1kg,Raisin Muesli,F14,0,ST
177,.1~448,448,C2,02,18,02/18,2024-02-07T00:00:00,8,38,CC-F14,1kg Raisin Muesli,1kg,Raisin Muesli,F14,0,ST
178,.1~337,337,C2,02,09,02/09,2024-01-29T00:00:00,6,29,CC-F14,1kg Raisin Muesli,1kg,Raisin Muesli,F14,0,ST
179,.1~41,41,C2,01,04,01/04,2024-01-04T00:00:00,1,4,CC-F14,1kg Raisin Muesli,1kg,Raisin Muesli,F14,0,ST
180,.1~391,391,C2,02,13,02/13,2024-02-02T00:00:00,7,33,CC-F14,1kg Raisin Muesli,1kg,Raisin Muesli,F14,0,ST
181,.1~443,443,C2,02,17,02/17,2024-02-06T00:00:00,8,37,CC-F14,1kg Raisin Muesli,1kg,Raisin Muesli,F14,4.342E3,ST
182,.1~243,243,C2,02,01,02/01,2024-01-21T00:00:00,5,21,CC-F14,1kg Raisin Muesli,1kg,Raisin Muesli,F14,0,ST
183,.1~205,205,C2,01,18,01/18,2024-01-18T00:00:00,4,18,CC-F14,1kg Raisin Muesli,1kg,Raisin Muesli,F14,0,ST
184,.1~84,84,C2,01,07,01/07,2024-01-07T00:00:00,2,7,CC-F14,1kg Raisin Muesli,1kg,Raisin Muesli,F14,2.5332E4,ST
185,.1~304,304,C2,02,06,02/06,2024-01-26T00:00:00,6,26,CC-F14,1kg Raisin Muesli,1kg,Raisin Muesli,F14,0,ST
186,.1~476,476,C2,02,20,02/20,2024-02-09T00:00:00,8,40,CC-F14,1kg Raisin Muesli,1kg,Raisin Muesli,F14,0,ST
187,.1~407,407,C2,02,14,02/14,2024-02-03T00:00:00,7,34,CC-F14,1kg Raisin Muesli,1kg,Raisin Muesli,F14,7.658E3,ST
188,.1~197,197,C2,01,17,01/17,2024-01-17T00:00:00,4,17,CC-F14,1kg Raisin Muesli,1kg,Raisin Muesli,F14,0,ST
189,.1~373,373,C2,02,12,02/12,2024-02-01T00:00:00,7,32,CC-F14,1kg Raisin Muesli,1kg,Raisin Muesli,F14,0,ST
190,.1~253,253,C2,02,02,02/02,2024-01-22T00:00:00,5,22,CC-F14,1kg Raisin Muesli,1kg,Raisin Muesli,F14,0,ST
191,.1~66,66,C2,01,06,01/06,2024-01-06T00:00:00,2,6,CC-F14,1kg Raisin Muesli,1kg,Raisin Muesli,F14,0,ST
192,.1~325,325,C2,02,08,02/08,2024-01-28T00:00:00,6,28,CC-F14,1kg Raisin Muesli,1kg,Raisin Muesli,F14,0,ST
193,.1~152,152,C2,01,13,01/13,2024-01-13T00:00:00,3,13,CC-F14,1kg Raisin Muesli,1kg,Raisin Muesli,F14,0,ST
194,.1~191,191,C2,01,16,01/16,2024-01-16T00:00:00,4,16,CC-F14,1kg Raisin Muesli,1kg,Raisin Muesli,F14,0,ST
195,.1~232,232,C2,01,20,01/20,2024-01-20T00:00:00,4,20,CC-F14,1kg Raisin Muesli,1kg,Raisin Muesli,F14,0,ST
196,.1~96,96,C2,01,08,01/08,2024-01-08T00:00:00,2,8,CC-F14,1kg Raisin Muesli,1kg,Raisin Muesli,F14,2.6E4,ST
197,.1~318,318,C2,02,07,02/07,2024-01-27T00:00:00,6,27,CC-F14,1kg Raisin Muesli,1kg,Raisin Muesli,F14,0,ST
198,.1~133,133,C2,01,12,01/12,2024-01-12T00:00:00,3,12,CC-F14,1kg Raisin Muesli,1kg,Raisin Muesli,F14,0,ST
199,.1~361,361,C2,02,11,02/11,2024-01-31T00:00:00,7,31,CC-F14,1kg Raisin Muesli,1kg,Raisin Muesli,F14,0,ST
200,.1~444,444,C2,02,17,02/17,2024-02-06T00:00:00,8,37,CC-F13,1kg Strawberry Muesli,1kg,Strawberry Muesli,F13,1.7324E4,ST
201,.1~155,155,C2,01,13,01/13,2024-01-13T00:00:00,3,13,CC-F13,1kg Strawberry Muesli,1kg,Strawberry Muesli,F13,0,ST
202,.1~143,143,C2,01,12,01/12,2024-01-12T00:00:00,3,12,CC-F13,1kg Strawberry Muesli,1kg,Strawberry Muesli,F13,3.002E3,ST
203,.1~308,308,C2,02,06,02/06,2024-01-26T00:00:00,6,26,CC-F13,1kg Strawberry Muesli,1kg,Strawberry Muesli,F13,0,ST
204,.1~34,34,C2,01,03,01/03,2024-01-03T00:00:00,1,3,CC-F13,1kg Strawberry Muesli,1kg,Strawberry Muesli,F13,0,ST
205,.1~225,225,C2,01,19,01/19,2024-01-19T00:00:00,4,19,CC-F13,1kg Strawberry Muesli,1kg,Strawberry Muesli,F13,0,ST
206,.1~229,229,C2,01,20,01/20,2024-01-20T00:00:00,4,20,CC-F13,1kg Strawberry Muesli,1kg,Strawberry Muesli,F13,0,ST
207,.1~4,4,C2,01,01,01/01,2024-01-01T00:00:00,1,1,CC-F13,1kg Strawberry Muesli,1kg,Strawberry Muesli,F13,0,ST
208,.1~212,212,C2,01,18,01/18,2024-01-18T00:00:00,4,18,CC-F13,1kg Strawberry Muesli,1kg,Strawberry Muesli,F13,0,ST
209,.1~479,479,C2,02,20,02/20,2024-02-09T00:00:00,8,40,CC-F13,1kg Strawberry Muesli,1kg,Strawberry Muesli,F13,0,ST
210,.1~246,246,C2,02,01,02/01,2024-01-21T00:00:00,5,21,CC-F13,1kg Strawberry Muesli,1kg,Strawberry Muesli,F13,0,ST
211,.1~468,468,C2,02,19,02/19,2024-02-08T00:00:00,8,39,CC-F13,1kg Strawberry Muesli,1kg,Strawberry Muesli,F13,2.0676E4,ST
212,.1~255,255,C2,02,02,02/02,2024-01-22T00:00:00,5,22,CC-F13,1kg Strawberry Muesli,1kg,Strawberry Muesli,F13,0,ST
213,.1~193,193,C2,01,17,01/17,2024-01-17T00:00:00,4,17,CC-F13,1kg Strawberry Muesli,1kg,Strawberry Muesli,F13,0,ST
214,.1~190,190,C2,01,16,01/16,2024-01-16T00:00:00,4,16,CC-F13,1kg Strawberry Muesli,1kg,Strawberry Muesli,F13,0,ST
215,.1~265,265,C2,02,03,02/03,2024-01-23T00:00:00,5,23,CC-F13,1kg Strawberry Muesli,1kg,Strawberry Muesli,F13,0,ST
216,.1~177,177,C2,01,15,01/15,2024-01-15T00:00:00,3,15,CC-F13,1kg Strawberry Muesli,1kg,Strawberry Muesli,F13,0,ST
217,.1~277,277,C2,02,04,02/04,2024-01-24T00:00:00,5,24,CC-F13,1kg Strawberry Muesli,1kg,Strawberry Muesli,F13,0,ST
218,.1~22,22,C2,01,02,01/02,2024-01-02T00:00:00,1,2,CC-F13,1kg Strawberry Muesli,1kg,Strawberry Muesli,F13,0,ST
219,.1~456,456,C2,02,18,02/18,2024-02-07T00:00:00,8,38,CC-F13,1kg Strawberry Muesli,1kg,Strawberry Muesli,F13,2.6E4,ST
220,.1~163,163,C2,01,14,01/14,2024-01-14T00:00:00,3,14,CC-F13,1kg Strawberry Muesli,1kg,Strawberry Muesli,F13,0,ST
221,.1~297,297,C2,02,05,02/05,2024-01-25T00:00:00,5,25,CC-F13,1kg Strawberry Muesli,1kg,Strawberry Muesli,F13,0,ST
222,.1~92,92,C2,01,08,01/08,2024-01-08T00:00:00,2,8,CC-F13,1kg Strawberry Muesli,1kg,Strawberry Muesli,F13,0,ST
223,.1~371,371,C2,02,11,02/11,2024-01-31T00:00:00,7,31,CC-F13,1kg Strawberry Muesli,1kg,Strawberry Muesli,F13,0,ST
224,.1~45,45,C2,01,04,01/04,2024-01-04T00:00:00,1,4,CC-F13,1kg Strawberry Muesli,1kg,Strawberry Muesli,F13,0,ST
225,.1~379,379,C2,02,12,02/12,2024-02-01T00:00:00,7,32,CC-F13,1kg Strawberry Muesli,1kg,Strawberry Muesli,F13,0,ST
226,.1~120,120,C2,01,10,01/10,2024-01-10T00:00:00,2,10,CC-F13,1kg Strawberry Muesli,1kg,Strawberry Muesli,F13,2.6E4,ST
227,.1~412,412,C2,02,15,02/15,2024-02-04T00:00:00,7,35,CC-F13,1kg Strawberry Muesli,1kg,Strawberry Muesli,F13,0,ST
228,.1~338,338,C2,02,09,02/09,2024-01-29T00:00:00,6,29,CC-F13,1kg Strawberry Muesli,1kg,Strawberry Muesli,F13,0,ST
229,.1~51,51,C2,01,05,01/05,2024-01-05T00:00:00,1,5,CC-F13,1kg Strawberry Muesli,1kg,Strawberry Muesli,F13,0,ST
230,.1~82,82,C2,01,07,01/07,2024-01-07T00:00:00,2,7,CC-F13,1kg Strawberry Muesli,1kg,Strawberry Muesli,F13,0,ST
231,.1~326,326,C2,02,08,02/08,2024-01-28T00:00:00,6,28,CC-F13,1kg Strawberry Muesli,1kg,Strawberry Muesli,F13,0,ST
232,.1~63,63,C2,01,06,01/06,2024-01-06T00:00:00,2,6,CC-F13,1kg Strawberry Muesli,1kg,Strawberry Muesli,F13,0,ST
233,.1~132,132,C2,01,11,01/11,2024-01-11T00:00:00,3,11,CC-F13,1kg Strawberry Muesli,1kg,Strawberry Muesli,F13,2.6E4,ST
234,.1~107,107,C2,01,09,01/09,2024-01-09T00:00:00,2,9,CC-F13,1kg Strawberry Muesli,1kg,Strawberry Muesli,F13,8.998E3,ST
235,.1~393,393,C2,02,13,02/13,2024-02-02T00:00:00,7,33,CC-F13,1kg Strawberry Muesli,1kg,Strawberry Muesli,F13,0,ST
236,.1~422,422,C2,02,16,02/16,2024-02-05T00:00:00,8,36,CC-F13,1kg Strawberry Muesli,1kg,Strawberry Muesli,F13,0,ST
237,.1~358,358,C2,02,10,02/10,2024-01-30T00:00:00,6,30,CC-F13,1kg Strawberry Muesli,1kg,Strawberry Muesli,F13,0,ST
238,.1~404,404,C2,02,14,02/14,2024-02-03T00:00:00,7,34,CC-F13,1kg Strawberry Muesli,1kg,Strawberry Muesli,F13,0,ST
239,.1~316,316,C2,02,07,02/07,2024-01-27T00:00:00,6,27,CC-F13,1kg Strawberry Muesli,1kg,Strawberry Muesli,F13,0,ST
240,.1~52,52,C2,01,05,01/05,2024-01-05T00:00:00,1,5,CC-F02,500g Blueberry Muesli,500g,Blueberry Muesli,F02,0,ST
241,.1~167,167,C2,01,14,01/14,2024-01-14T00:00:00,3,14,CC-F02,500g Blueberry Muesli,500g,Blueberry Muesli,F02,2.33E3,ST
242,.1~131,131,C2,01,11,01/11,2024-01-11T00:00:00,3,11,CC-F02,500g Blueberry Muesli,500g,Blueberry Muesli,F02,0,ST
243,.1~180,180,C2,01,15,01/15,2024-01-15T00:00:00,3,15,CC-F02,500g Blueberry Muesli,500g,Blueberry Muesli,F02,2.6E4,ST
244,.1~250,250,C2,02,01,02/01,2024-01-21T00:00:00,5,21,CC-F02,500g Blueberry Muesli,500g,Blueberry Muesli,F02,0,ST
245,.1~114,114,C2,01,10,01/10,2024-01-10T00:00:00,2,10,CC-F02,500g Blueberry Muesli,500g,Blueberry Muesli,F02,0,ST
246,.1~203,203,C2,01,17,01/17,2024-01-17T00:00:00,4,17,CC-F02,500g Blueberry Muesli,500g,Blueberry Muesli,F02,9.67E3,ST
247,.1~302,302,C2,02,06,02/06,2024-01-26T00:00:00,6,26,CC-F02,500g Blueberry Muesli,500g,Blueberry Muesli,F02,0,ST
248,.1~223,223,C2,01,19,01/19,2024-01-19T00:00:00,4,19,CC-F02,500g Blueberry Muesli,500g,Blueberry Muesli,F02,0,ST
249,.1~431,431,C2,02,16,02/16,2024-02-05T00:00:00,8,36,CC-F02,500g Blueberry Muesli,500g,Blueberry Muesli,F02,0,ST
250,.1~30,30,C2,01,03,01/03,2024-01-03T00:00:00,1,3,CC-F02,500g Blueberry Muesli,500g,Blueberry Muesli,F02,0,ST
251,.1~153,153,C2,01,13,01/13,2024-01-13T00:00:00,3,13,CC-F02,500g Blueberry Muesli,500g,Blueberry Muesli,F02,0,ST
252,.1~272,272,C2,02,03,02/03,2024-01-23T00:00:00,5,23,CC-F02,500g Blueberry Muesli,500g,Blueberry Muesli,F02,0,ST
253,.1~290,290,C2,02,05,02/05,2024-01-25T00:00:00,5,25,CC-F02,500g Blueberry Muesli,500g,Blueberry Muesli,F02,0,ST
254,.1~207,207,C2,01,18,01/18,2024-01-18T00:00:00,4,18,CC-F02,500g Blueberry Muesli,500g,Blueberry Muesli,F02,0,ST
255,.1~231,231,C2,01,20,01/20,2024-01-20T00:00:00,4,20,CC-F02,500g Blueberry Muesli,500g,Blueberry Muesli,F02,0,ST
256,.1~341,341,C2,02,09,02/09,2024-01-29T00:00:00,6,29,CC-F02,500g Blueberry Muesli,500g,Blueberry Muesli,F02,0,ST
257,.1~37,37,C2,01,04,01/04,2024-01-04T00:00:00,1,4,CC-F02,500g Blueberry Muesli,500g,Blueberry Muesli,F02,0,ST
258,.1~441,441,C2,02,17,02/17,2024-02-06T00:00:00,8,37,CC-F02,500g Blueberry Muesli,500g,Blueberry Muesli,F02,0,ST
259,.1~457,457,C2,02,19,02/19,2024-02-08T00:00:00,8,39,CC-F02,500g Blueberry Muesli,500g,Blueberry Muesli,F02,0,ST
260,.1~90,90,C2,01,08,01/08,2024-01-08T00:00:00,2,8,CC-F02,500g Blueberry Muesli,500g,Blueberry Muesli,F02,0,ST
261,.1~395,395,C2,02,13,02/13,2024-02-02T00:00:00,7,33,CC-F02,500g Blueberry Muesli,500g,Blueberry Muesli,F02,0,ST
262,.1~97,97,C2,01,09,01/09,2024-01-09T00:00:00,2,9,CC-F02,500g Blueberry Muesli,500g,Blueberry Muesli,F02,0,ST
263,.1~402,402,C2,02,14,02/14,2024-02-03T00:00:00,7,34,CC-F02,500g Blueberry Muesli,500g,Blueberry Muesli,F02,0,ST
264,.1~70,70,C2,01,06,01/06,2024-01-06T00:00:00,2,6,CC-F02,500g Blueberry Muesli,500g,Blueberry Muesli,F02,0,ST
265,.1~75,75,C2,01,07,01/07,2024-01-07T00:00:00,2,7,CC-F02,500g Blueberry Muesli,500g,Blueberry Muesli,F02,0,ST
266,.1~335,335,C2,02,08,02/08,2024-01-28T00:00:00,6,28,CC-F02,500g Blueberry Muesli,500g,Blueberry Muesli,F02,0,ST
267,.1~317,317,C2,02,07,02/07,2024-01-27T00:00:00,6,27,CC-F02,500g Blueberry Muesli,500g,Blueberry Muesli,F02,0,ST
268,.1~364,364,C2,02,11,02/11,2024-01-31T00:00:00,7,31,CC-F02,500g Blueberry Muesli,500g,Blueberry Muesli,F02,0,ST
269,.1~192,192,C2,01,16,01/16,2024-01-16T00:00:00,4,16,CC-F02,500g Blueberry Muesli,500g,Blueberry Muesli,F02,2.6E4,ST
270,.1~258,258,C2,02,02,02/02,2024-01-22T00:00:00,5,22,CC-F02,500g Blueberry Muesli,500g,Blueberry Muesli,F02,0,ST
271,.1~280,280,C2,02,04,02/04,2024-01-24T00:00:00,5,24,CC-F02,500g Blueberry Muesli,500g,Blueberry Muesli,F02,0,ST
272,.1~475,475,C2,02,20,02/20,2024-02-09T00:00:00,8,40,CC-F02,500g Blueberry Muesli,500g,Blueberry Muesli,F02,0,ST
273,.1~11,11,C2,01,01,01/01,2024-01-01T00:00:00,1,1,CC-F02,500g Blueberry Muesli,500g,Blueberry Muesli,F02,0,ST
274,.1~413,413,C2,02,15,02/15,2024-02-04T00:00:00,7,35,CC-F02,500g Blueberry Muesli,500g,Blueberry Muesli,F02,0,ST
275,.1~142,142,C2,01,12,01/12,2024-01-12T00:00:00,3,12,CC-F02,500g Blueberry Muesli,500g,Blueberry Muesli,F02,0,ST
276,.1~450,450,C2,02,18,02/18,2024-02-07T00:00:00,8,38,CC-F02,500g Blueberry Muesli,500g,Blueberry Muesli,F02,0,ST
277,.1~377,377,C2,02,12,02/12,2024-02-01T00:00:00,7,32,CC-F02,500g Blueberry Muesli,500g,Blueberry Muesli,F02,0,ST
278,.1~355,355,C2,02,10,02/10,2024-01-30T00:00:00,6,30,CC-F02,500g Blueberry Muesli,500g,Blueberry Muesli,F02,0,ST
279,.1~14,14,C2,01,02,01/02,2024-01-02T00:00:00,1,2,CC-F02,500g Blueberry Muesli,500g,Blueberry Muesli,F02,0,ST
280,.1~183,183,C2,01,16,01/16,2024-01-16T00:00:00,4,16,CC-F06,500g Mixed Fruit Muesli,500g,Mixed Fruit Muesli,F06,0,ST
281,.1~266,266,C2,02,03,02/03,2024-01-23T00:00:00,5,23,CC-F06,500g Mixed Fruit Muesli,500g,Mixed Fruit Muesli,F06,0,ST
282,.1~385,385,C2,02,13,02/13,2024-02-02T00:00:00,7,33,CC-F06,500g Mixed Fruit Muesli,500g,Mixed Fruit Muesli,F06,0,ST
283,.1~81,81,C2,01,07,01/07,2024-01-07T00:00:00,2,7,CC-F06,500g Mixed Fruit Muesli,500g,Mixed Fruit Muesli,F06,0,ST
284,.1~312,312,C2,02,06,02/06,2024-01-26T00:00:00,6,26,CC-F06,500g Mixed Fruit Muesli,500g,Mixed Fruit Muesli,F06,2.6E4,ST
285,.1~381,381,C2,02,12,02/12,2024-02-01T00:00:00,7,32,CC-F06,500g Mixed Fruit Muesli,500g,Mixed Fruit Muesli,F06,0,ST
286,.1~324,324,C2,02,07,02/07,2024-01-27T00:00:00,6,27,CC-F06,500g Mixed Fruit Muesli,500g,Mixed Fruit Muesli,F06,2.3006E4,ST
287,.1~86,86,C2,01,08,01/08,2024-01-08T00:00:00,2,8,CC-F06,500g Mixed Fruit Muesli,500g,Mixed Fruit Muesli,F06,0,ST
288,.1~366,366,C2,02,11,02/11,2024-01-31T00:00:00,7,31,CC-F06,500g Mixed Fruit Muesli,500g,Mixed Fruit Muesli,F06,0,ST
289,.1~99,99,C2,01,09,01/09,2024-01-09T00:00:00,2,9,CC-F06,500g Mixed Fruit Muesli,500g,Mixed Fruit Muesli,F06,0,ST
290,.1~300,300,C2,02,05,02/05,2024-01-25T00:00:00,5,25,CC-F06,500g Mixed Fruit Muesli,500g,Mixed Fruit Muesli,F06,1.4994E4,ST
291,.1~359,359,C2,02,10,02/10,2024-01-30T00:00:00,6,30,CC-F06,500g Mixed Fruit Muesli,500g,Mixed Fruit Muesli,F06,0,ST
292,.1~154,154,C2,01,13,01/13,2024-01-13T00:00:00,3,13,CC-F06,500g Mixed Fruit Muesli,500g,Mixed Fruit Muesli,F06,0,ST
293,.1~171,171,C2,01,15,01/15,2024-01-15T00:00:00,3,15,CC-F06,500g Mixed Fruit Muesli,500g,Mixed Fruit Muesli,F06,0,ST
294,.1~286,286,C2,02,04,02/04,2024-01-24T00:00:00,5,24,CC-F06,500g Mixed Fruit Muesli,500g,Mixed Fruit Muesli,F06,0,ST
295,.1~345,345,C2,02,09,02/09,2024-01-29T00:00:00,6,29,CC-F06,500g Mixed Fruit Muesli,500g,Mixed Fruit Muesli,F06,0,ST
296,.1~116,116,C2,01,10,01/10,2024-01-10T00:00:00,2,10,CC-F06,500g Mixed Fruit Muesli,500g,Mixed Fruit Muesli,F06,0,ST
297,.1~159,159,C2,01,14,01/14,2024-01-14T00:00:00,3,14,CC-F06,500g Mixed Fruit Muesli,500g,Mixed Fruit Muesli,F06,0,ST
298,.1~135,135,C2,01,12,01/12,2024-01-12T00:00:00,3,12,CC-F06,500g Mixed Fruit Muesli,500g,Mixed Fruit Muesli,F06,0,ST
299,.1~128,128,C2,01,11,01/11,2024-01-11T00:00:00,3,11,CC-F06,500g Mixed Fruit Muesli,500g,Mixed Fruit Muesli,F06,0,ST
300,.1~328,328,C2,02,08,02/08,2024-01-28T00:00:00,6,28,CC-F06,500g Mixed Fruit Muesli,500g,Mixed Fruit Muesli,F06,0,ST
301,.1~210,210,C2,01,18,01/18,2024-01-18T00:00:00,4,18,CC-F06,500g Mixed Fruit Muesli,500g,Mixed Fruit Muesli,F06,0,ST
302,.1~28,28,C2,01,03,01/03,2024-01-03T00:00:00,1,3,CC-F06,500g Mixed Fruit Muesli,500g,Mixed Fruit Muesli,F06,0,ST
303,.1~438,438,C2,02,17,02/17,2024-02-06T00:00:00,8,37,CC-F06,500g Mixed Fruit Muesli,500g,Mixed Fruit Muesli,F06,0,ST
304,.1~236,236,C2,01,20,01/20,2024-01-20T00:00:00,4,20,CC-F06,500g Mixed Fruit Muesli,500g,Mixed Fruit Muesli,F06,0,ST
305,.1~39,39,C2,01,04,01/04,2024-01-04T00:00:00,1,4,CC-F06,500g Mixed Fruit Muesli,500g,Mixed Fruit Muesli,F06,0,ST
306,.1~24,24,C2,01,02,01/02,2024-01-02T00:00:00,1,2,CC-F06,500g Mixed Fruit Muesli,500g,Mixed Fruit Muesli,F06,0,ST
307,.1~454,454,C2,02,18,02/18,2024-02-07T00:00:00,8,38,CC-F06,500g Mixed Fruit Muesli,500g,Mixed Fruit Muesli,F06,0,ST
308,.1~459,459,C2,02,19,02/19,2024-02-08T00:00:00,8,39,CC-F06,500g Mixed Fruit Muesli,500g,Mixed Fruit Muesli,F06,0,ST
309,.1~249,249,C2,02,01,02/01,2024-01-21T00:00:00,5,21,CC-F06,500g Mixed Fruit Muesli,500g,Mixed Fruit Muesli,F06,0,ST
310,.1~426,426,C2,02,16,02/16,2024-02-05T00:00:00,8,36,CC-F06,500g Mixed Fruit Muesli,500g,Mixed Fruit Muesli,F06,0,ST
311,.1~226,226,C2,01,19,01/19,2024-01-19T00:00:00,4,19,CC-F06,500g Mixed Fruit Muesli,500g,Mixed Fruit Muesli,F06,0,ST
312,.1~399,399,C2,02,14,02/14,2024-02-03T00:00:00,7,34,CC-F06,500g Mixed Fruit Muesli,500g,Mixed Fruit Muesli,F06,0,ST
313,.1~7,7,C2,01,01,01/01,2024-01-01T00:00:00,1,1,CC-F06,500g Mixed Fruit Muesli,500g,Mixed Fruit Muesli,F06,0,ST
314,.1~65,65,C2,01,06,01/06,2024-01-06T00:00:00,2,6,CC-F06,500g Mixed Fruit Muesli,500g,Mixed Fruit Muesli,F06,0,ST
315,.1~410,410,C2,02,15,02/15,2024-02-04T00:00:00,7,35,CC-F06,500g Mixed Fruit Muesli,500g,Mixed Fruit Muesli,F06,0,ST
316,.1~256,256,C2,02,02,02/02,2024-01-22T00:00:00,5,22,CC-F06,500g Mixed Fruit Muesli,500g,Mixed Fruit Muesli,F06,0,ST
317,.1~194,194,C2,01,17,01/17,2024-01-17T00:00:00,4,17,CC-F06,500g Mixed Fruit Muesli,500g,Mixed Fruit Muesli,F06,0,ST
318,.1~474,474,C2,02,20,02/20,2024-02-09T00:00:00,8,40,CC-F06,500g Mixed Fruit Muesli,500g,Mixed Fruit Muesli,F06,0,ST
319,.1~50,50,C2,01,05,01/05,2024-01-05T00:00:00,1,5,CC-F06,500g Mixed Fruit Muesli,500g,Mixed Fruit Muesli,F06,0,ST
320,.1~455,455,C2,02,18,02/18,2024-02-07T00:00:00,8,38,CC-F01,500g Nut Muesli,500g,Nut Muesli,F01,0,ST
321,.1~234,234,C2,01,20,01/20,2024-01-20T00:00:00,4,20,CC-F01,500g Nut Muesli,500g,Nut Muesli,F01,0,ST
322,.1~213,213,C2,01,18,01/18,2024-01-18T00:00:00,4,18,CC-F01,500g Nut Muesli,500g,Nut Muesli,F01,0,ST
323,.1~461,461,C2,02,19,02/19,2024-02-08T00:00:00,8,39,CC-F01,500g Nut Muesli,500g,Nut Muesli,F01,0,ST
324,.1~15,15,C2,01,02,01/02,2024-01-02T00:00:00,1,2,CC-F01,500g Nut Muesli,500g,Nut Muesli,F01,0,ST
325,.1~320,320,C2,02,07,02/07,2024-01-27T00:00:00,6,27,CC-F01,500g Nut Muesli,500g,Nut Muesli,F01,0,ST
326,.1~12,12,C2,01,01,01/01,2024-01-01T00:00:00,1,1,CC-F01,500g Nut Muesli,500g,Nut Muesli,F01,0,ST
327,.1~141,141,C2,01,12,01/12,2024-01-12T00:00:00,3,12,CC-F01,500g Nut Muesli,500g,Nut Muesli,F01,0,ST
328,.1~219,219,C2,01,19,01/19,2024-01-19T00:00:00,4,19,CC-F01,500g Nut Muesli,500g,Nut Muesli,F01,0,ST
329,.1~477,477,C2,02,20,02/20,2024-02-09T00:00:00,8,40,CC-F01,500g Nut Muesli,500g,Nut Muesli,F01,0,ST
330,.1~311,311,C2,02,06,02/06,2024-01-26T00:00:00,6,26,CC-F01,500g Nut Muesli,500g,Nut Muesli,F01,0,ST
331,.1~150,150,C2,01,13,01/13,2024-01-13T00:00:00,3,13,CC-F01,500g Nut Muesli,500g,Nut Muesli,F01,0,ST
332,.1~182,182,C2,01,16,01/16,2024-01-16T00:00:00,4,16,CC-F01,500g Nut Muesli,500g,Nut Muesli,F01,0,ST
333,.1~267,267,C2,02,03,02/03,2024-01-23T00:00:00,5,23,CC-F01,500g Nut Muesli,500g,Nut Muesli,F01,0,ST
334,.1~390,390,C2,02,13,02/13,2024-02-02T00:00:00,7,33,CC-F01,500g Nut Muesli,500g,Nut Muesli,F01,0,ST
335,.1~374,374,C2,02,12,02/12,2024-02-01T00:00:00,7,32,CC-F01,500g Nut Muesli,500g,Nut Muesli,F01,0,ST
336,.1~89,89,C2,01,08,01/08,2024-01-08T00:00:00,2,8,CC-F01,500g Nut Muesli,500g,Nut Muesli,F01,0,ST
337,.1~76,76,C2,01,07,01/07,2024-01-07T00:00:00,2,7,CC-F01,500g Nut Muesli,500g,Nut Muesli,F01,0,ST
338,.1~262,262,C2,02,02,02/02,2024-01-22T00:00:00,5,22,CC-F01,500g Nut Muesli,500g,Nut Muesli,F01,0,ST
339,.1~69,69,C2,01,06,01/06,2024-01-06T00:00:00,2,6,CC-F01,500g Nut Muesli,500g,Nut Muesli,F01,0,ST
340,.1~405,405,C2,02,14,02/14,2024-02-03T00:00:00,7,34,CC-F01,500g Nut Muesli,500g,Nut Muesli,F01,0,ST
341,.1~175,175,C2,01,15,01/15,2024-01-15T00:00:00,3,15,CC-F01,500g Nut Muesli,500g,Nut Muesli,F01,0,ST
342,.1~411,411,C2,02,15,02/15,2024-02-04T00:00:00,7,35,CC-F01,500g Nut Muesli,500g,Nut Muesli,F01,0,ST
343,.1~362,362,C2,02,11,02/11,2024-01-31T00:00:00,7,31,CC-F01,500g Nut Muesli,500g,Nut Muesli,F01,0,ST
344,.1~100,100,C2,01,09,01/09,2024-01-09T00:00:00,2,9,CC-F01,500g Nut Muesli,500g,Nut Muesli,F01,0,ST
345,.1~57,57,C2,01,05,01/05,2024-01-05T00:00:00,1,5,CC-F01,500g Nut Muesli,500g,Nut Muesli,F01,0,ST
346,.1~198,198,C2,01,17,01/17,2024-01-17T00:00:00,4,17,CC-F01,500g Nut Muesli,500g,Nut Muesli,F01,0,ST
347,.1~421,421,C2,02,16,02/16,2024-02-05T00:00:00,8,36,CC-F01,500g Nut Muesli,500g,Nut Muesli,F01,0,ST
348,.1~350,350,C2,02,10,02/10,2024-01-30T00:00:00,6,30,CC-F01,500g Nut Muesli,500g,Nut Muesli,F01,0,ST
349,.1~48,48,C2,01,04,01/04,2024-01-04T00:00:00,1,4,CC-F01,500g Nut Muesli,500g,Nut Muesli,F01,2.2E4,ST
350,.1~348,348,C2,02,09,02/09,2024-01-29T00:00:00,6,29,CC-F01,500g Nut Muesli,500g,Nut Muesli,F01,2.334E4,ST
351,.1~287,287,C2,02,04,02/04,2024-01-24T00:00:00,5,24,CC-F01,500g Nut Muesli,500g,Nut Muesli,F01,0,ST
352,.1~165,165,C2,01,14,01/14,2024-01-14T00:00:00,3,14,CC-F01,500g Nut Muesli,500g,Nut Muesli,F01,0,ST
353,.1~436,436,C2,02,17,02/17,2024-02-06T00:00:00,8,37,CC-F01,500g Nut Muesli,500g,Nut Muesli,F01,0,ST
354,.1~242,242,C2,02,01,02/01,2024-01-21T00:00:00,5,21,CC-F01,500g Nut Muesli,500g,Nut Muesli,F01,0,ST
355,.1~36,36,C2,01,03,01/03,2024-01-03T00:00:00,1,3,CC-F01,500g Nut Muesli,500g,Nut Muesli,F01,2.6E4,ST
356,.1~118,118,C2,01,10,01/10,2024-01-10T00:00:00,2,10,CC-F01,500g Nut Muesli,500g,Nut Muesli,F01,0,ST
357,.1~336,336,C2,02,08,02/08,2024-01-28T00:00:00,6,28,CC-F01,500g Nut Muesli,500g,Nut Muesli,F01,2.466E4,ST
358,.1~129,129,C2,01,11,01/11,2024-01-11T00:00:00,3,11,CC-F01,500g Nut Muesli,500g,Nut Muesli,F01,0,ST
359,.1~295,295,C2,02,05,02/05,2024-01-25T00:00:00,5,25,CC-F01,500g Nut Muesli,500g,Nut Muesli,F01,0,ST
360,.1~322,322,C2,02,07,02/07,2024-01-27T00:00:00,6,27,CC-F05,500g Original Muesli,500g,Original Muesli,F05,0,ST
361,.1~23,23,C2,01,02,01/02,2024-01-02T00:00:00,1,2,CC-F05,500g Original Muesli,500g,Original Muesli,F05,0,ST
362,.1~466,466,C2,02,19,02/19,2024-02-08T00:00:00,8,39,CC-F05,500g Original Muesli,500g,Original Muesli,F05,0,ST
363,.1~138,138,C2,01,12,01/12,2024-01-12T00:00:00,3,12,CC-F05,500g Original Muesli,500g,Original Muesli,F05,0,ST
364,.1~8,8,C2,01,01,01/01,2024-01-01T00:00:00,1,1,CC-F05,500g Original Muesli,500g,Original Muesli,F05,0,ST
365,.1~130,130,C2,01,11,01/11,2024-01-11T00:00:00,3,11,CC-F05,500g Original Muesli,500g,Original Muesli,F05,0,ST
366,.1~472,472,C2,02,20,02/20,2024-02-09T00:00:00,8,40,CC-F05,500g Original Muesli,500g,Original Muesli,F05,0,ST
367,.1~333,333,C2,02,08,02/08,2024-01-28T00:00:00,6,28,CC-F05,500g Original Muesli,500g,Original Muesli,F05,0,ST
368,.1~148,148,C2,01,13,01/13,2024-01-13T00:00:00,3,13,CC-F05,500g Original Muesli,500g,Original Muesli,F05,0,ST
369,.1~400,400,C2,02,14,02/14,2024-02-03T00:00:00,7,34,CC-F05,500g Original Muesli,500g,Original Muesli,F05,0,ST
370,.1~80,80,C2,01,07,01/07,2024-01-07T00:00:00,2,7,CC-F05,500g Original Muesli,500g,Original Muesli,F05,0,ST
371,.1~62,62,C2,01,06,01/06,2024-01-06T00:00:00,2,6,CC-F05,500g Original Muesli,500g,Original Muesli,F05,0,ST
372,.1~386,386,C2,02,13,02/13,2024-02-02T00:00:00,7,33,CC-F05,500g Original Muesli,500g,Original Muesli,F05,0,ST
373,.1~414,414,C2,02,15,02/15,2024-02-04T00:00:00,7,35,CC-F05,500g Original Muesli,500g,Original Muesli,F05,0,ST
374,.1~58,58,C2,01,05,01/05,2024-01-05T00:00:00,1,5,CC-F05,500g Original Muesli,500g,Original Muesli,F05,0,ST
375,.1~87,87,C2,01,08,01/08,2024-01-08T00:00:00,2,8,CC-F05,500g Original Muesli,500g,Original Muesli,F05,0,ST
376,.1~378,378,C2,02,12,02/12,2024-02-01T00:00:00,7,32,CC-F05,500g Original Muesli,500g,Original Muesli,F05,0,ST
377,.1~370,370,C2,02,11,02/11,2024-01-31T00:00:00,7,31,CC-F05,500g Original Muesli,500g,Original Muesli,F05,0,ST
378,.1~98,98,C2,01,09,01/09,2024-01-09T00:00:00,2,9,CC-F05,500g Original Muesli,500g,Original Muesli,F05,0,ST
379,.1~427,427,C2,02,16,02/16,2024-02-05T00:00:00,8,36,CC-F05,500g Original Muesli,500g,Original Muesli,F05,0,ST
380,.1~47,47,C2,01,04,01/04,2024-01-04T00:00:00,1,4,CC-F05,500g Original Muesli,500g,Original Muesli,F05,0,ST
381,.1~433,433,C2,02,17,02/17,2024-02-06T00:00:00,8,37,CC-F05,500g Original Muesli,500g,Original Muesli,F05,0,ST
382,.1~354,354,C2,02,10,02/10,2024-01-30T00:00:00,6,30,CC-F05,500g Original Muesli,500g,Original Muesli,F05,0,ST
383,.1~112,112,C2,01,10,01/10,2024-01-10T00:00:00,2,10,CC-F05,500g Original Muesli,500g,Original Muesli,F05,0,ST
384,.1~447,447,C2,02,18,02/18,2024-02-07T00:00:00,8,38,CC-F05,500g Original Muesli,500g,Original Muesli,F05,0,ST
385,.1~343,343,C2,02,09,02/09,2024-01-29T00:00:00,6,29,CC-F05,500g Original Muesli,500g,Original Muesli,F05,0,ST
386,.1~27,27,C2,01,03,01/03,2024-01-03T00:00:00,1,3,CC-F05,500g Original Muesli,500g,Original Muesli,F05,0,ST
387,.1~201,201,C2,01,17,01/17,2024-01-17T00:00:00,4,17,CC-F05,500g Original Muesli,500g,Original Muesli,F05,0,ST
388,.1~251,251,C2,02,01,02/01,2024-01-21T00:00:00,5,21,CC-F05,500g Original Muesli,500g,Original Muesli,F05,0,ST
389,.1~292,292,C2,02,05,02/05,2024-01-25T00:00:00,5,25,CC-F05,500g Original Muesli,500g,Original Muesli,F05,0,ST
390,.1~160,160,C2,01,14,01/14,2024-01-14T00:00:00,3,14,CC-F05,500g Original Muesli,500g,Original Muesli,F05,0,ST
391,.1~284,284,C2,02,04,02/04,2024-01-24T00:00:00,5,24,CC-F05,500g Original Muesli,500g,Original Muesli,F05,0,ST
392,.1~172,172,C2,01,15,01/15,2024-01-15T00:00:00,3,15,CC-F05,500g Original Muesli,500g,Original Muesli,F05,0,ST
393,.1~214,214,C2,01,18,01/18,2024-01-18T00:00:00,4,18,CC-F05,500g Original Muesli,500g,Original Muesli,F05,0,ST
394,.1~230,230,C2,01,20,01/20,2024-01-20T00:00:00,4,20,CC-F05,500g Original Muesli,500g,Original Muesli,F05,0,ST
395,.1~254,254,C2,02,02,02/02,2024-01-22T00:00:00,5,22,CC-F05,500g Original Muesli,500g,Original Muesli,F05,0,ST
396,.1~269,269,C2,02,03,02/03,2024-01-23T00:00:00,5,23,CC-F05,500g Original Muesli,500g,Original Muesli,F05,0,ST
397,.1~186,186,C2,01,16,01/16,2024-01-16T00:00:00,4,16,CC-F05,500g Original Muesli,500g,Original Muesli,F05,0,ST
398,.1~224,224,C2,01,19,01/19,2024-01-19T00:00:00,4,19,CC-F05,500g Original Muesli,500g,Original Muesli,F05,0,ST
399,.1~305,305,C2,02,06,02/06,2024-01-26T00:00:00,6,26,CC-F05,500g Original Muesli,500g,Original Muesli,F05,0,ST
400,.1~204,204,C2,01,17,01/17,2024-01-17T00:00:00,4,17,CC-F04,500g Raisin Muesli,500g,Raisin Muesli,F04,1.1996E4,ST
401,.1~40,40,C2,01,04,01/04,2024-01-04T00:00:00,1,4,CC-F04,500g Raisin Muesli,500g,Raisin Muesli,F04,0,ST
402,.1~347,347,C2,02,09,02/09,2024-01-29T00:00:00,6,29,CC-F04,500g Raisin Muesli,500g,Raisin Muesli,F04,0,ST
403,.1~429,429,C2,02,16,02/16,2024-02-05T00:00:00,8,36,CC-F04,500g Raisin Muesli,500g,Raisin Muesli,F04,0,ST
404,.1~268,268,C2,02,03,02/03,2024-01-23T00:00:00,5,23,CC-F04,500g Raisin Muesli,500g,Raisin Muesli,F04,0,ST
405,.1~110,110,C2,01,10,01/10,2024-01-10T00:00:00,2,10,CC-F04,500g Raisin Muesli,500g,Raisin Muesli,F04,0,ST
406,.1~353,353,C2,02,10,02/10,2024-01-30T00:00:00,6,30,CC-F04,500g Raisin Muesli,500g,Raisin Muesli,F04,0,ST
407,.1~387,387,C2,02,13,02/13,2024-02-02T00:00:00,7,33,CC-F04,500g Raisin Muesli,500g,Raisin Muesli,F04,0,ST
408,.1~53,53,C2,01,05,01/05,2024-01-05T00:00:00,1,5,CC-F04,500g Raisin Muesli,500g,Raisin Muesli,F04,0,ST
409,.1~417,417,C2,02,15,02/15,2024-02-04T00:00:00,7,35,CC-F04,500g Raisin Muesli,500g,Raisin Muesli,F04,0,ST
410,.1~103,103,C2,01,09,01/09,2024-01-09T00:00:00,2,9,CC-F04,500g Raisin Muesli,500g,Raisin Muesli,F04,0,ST
411,.1~179,179,C2,01,15,01/15,2024-01-15T00:00:00,3,15,CC-F04,500g Raisin Muesli,500g,Raisin Muesli,F04,0,ST
412,.1~88,88,C2,01,08,01/08,2024-01-08T00:00:00,2,8,CC-F04,500g Raisin Muesli,500g,Raisin Muesli,F04,0,ST
413,.1~375,375,C2,02,12,02/12,2024-02-01T00:00:00,7,32,CC-F04,500g Raisin Muesli,500g,Raisin Muesli,F04,0,ST
414,.1~257,257,C2,02,02,02/02,2024-01-22T00:00:00,5,22,CC-F04,500g Raisin Muesli,500g,Raisin Muesli,F04,0,ST
415,.1~279,279,C2,02,04,02/04,2024-01-24T00:00:00,5,24,CC-F04,500g Raisin Muesli,500g,Raisin Muesli,F04,0,ST
416,.1~406,406,C2,02,14,02/14,2024-02-03T00:00:00,7,34,CC-F04,500g Raisin Muesli,500g,Raisin Muesli,F04,0,ST
417,.1~368,368,C2,02,11,02/11,2024-01-31T00:00:00,7,31,CC-F04,500g Raisin Muesli,500g,Raisin Muesli,F04,0,ST
418,.1~188,188,C2,01,16,01/16,2024-01-16T00:00:00,4,16,CC-F04,500g Raisin Muesli,500g,Raisin Muesli,F04,0,ST
419,.1~71,71,C2,01,06,01/06,2024-01-06T00:00:00,2,6,CC-F04,500g Raisin Muesli,500g,Raisin Muesli,F04,0,ST
420,.1~78,78,C2,01,07,01/07,2024-01-07T00:00:00,2,7,CC-F04,500g Raisin Muesli,500g,Raisin Muesli,F04,0,ST
421,.1~13,13,C2,01,02,01/02,2024-01-02T00:00:00,1,2,CC-F04,500g Raisin Muesli,500g,Raisin Muesli,F04,0,ST
422,.1~216,216,C2,01,18,01/18,2024-01-18T00:00:00,4,18,CC-F04,500g Raisin Muesli,500g,Raisin Muesli,F04,2.6E4,ST
423,.1~470,470,C2,02,20,02/20,2024-02-09T00:00:00,8,40,CC-F04,500g Raisin Muesli,500g,Raisin Muesli,F04,0,ST
424,.1~140,140,C2,01,12,01/12,2024-01-12T00:00:00,3,12,CC-F04,500g Raisin Muesli,500g,Raisin Muesli,F04,0,ST
425,.1~460,460,C2,02,19,02/19,2024-02-08T00:00:00,8,39,CC-F04,500g Raisin Muesli,500g,Raisin Muesli,F04,0,ST
426,.1~25,25,C2,01,03,01/03,2024-01-03T00:00:00,1,3,CC-F04,500g Raisin Muesli,500g,Raisin Muesli,F04,0,ST
427,.1~228,228,C2,01,19,01/19,2024-01-19T00:00:00,4,19,CC-F04,500g Raisin Muesli,500g,Raisin Muesli,F04,2.6E4,ST
428,.1~294,294,C2,02,05,02/05,2024-01-25T00:00:00,5,25,CC-F04,500g Raisin Muesli,500g,Raisin Muesli,F04,0,ST
429,.1~330,330,C2,02,08,02/08,2024-01-28T00:00:00,6,28,CC-F04,500g Raisin Muesli,500g,Raisin Muesli,F04,0,ST
430,.1~239,239,C2,01,20,01/20,2024-01-20T00:00:00,4,20,CC-F04,500g Raisin Muesli,500g,Raisin Muesli,F04,4E0,ST
431,.1~125,125,C2,01,11,01/11,2024-01-11T00:00:00,3,11,CC-F04,500g Raisin Muesli,500g,Raisin Muesli,F04,0,ST
432,.1~9,9,C2,01,01,01/01,2024-01-01T00:00:00,1,1,CC-F04,500g Raisin Muesli,500g,Raisin Muesli,F04,0,ST
433,.1~241,241,C2,02,01,02/01,2024-01-21T00:00:00,5,21,CC-F04,500g Raisin Muesli,500g,Raisin Muesli,F04,0,ST
434,.1~162,162,C2,01,14,01/14,2024-01-14T00:00:00,3,14,CC-F04,500g Raisin Muesli,500g,Raisin Muesli,F04,0,ST
435,.1~446,446,C2,02,18,02/18,2024-02-07T00:00:00,8,38,CC-F04,500g Raisin Muesli,500g,Raisin Muesli,F04,0,ST
436,.1~313,313,C2,02,07,02/07,2024-01-27T00:00:00,6,27,CC-F04,500g Raisin Muesli,500g,Raisin Muesli,F04,0,ST
437,.1~310,310,C2,02,06,02/06,2024-01-26T00:00:00,6,26,CC-F04,500g Raisin Muesli,500g,Raisin Muesli,F04,0,ST
438,.1~439,439,C2,02,17,02/17,2024-02-06T00:00:00,8,37,CC-F04,500g Raisin Muesli,500g,Raisin Muesli,F04,0,ST
439,.1~149,149,C2,01,13,01/13,2024-01-13T00:00:00,3,13,CC-F04,500g Raisin Muesli,500g,Raisin Muesli,F04,0,ST
440,.1~389,389,C2,02,13,02/13,2024-02-02T00:00:00,7,33,CC-F03,500g Strawberry Muesli,500g,Strawberry Muesli,F03,0,ST
441,.1~10,10,C2,01,01,01/01,2024-01-01T00:00:00,1,1,CC-F03,500g Strawberry Muesli,500g,Strawberry Muesli,F03,0,ST
442,.1~471,471,C2,02,20,02/20,2024-02-09T00:00:00,8,40,CC-F03,500g Strawberry Muesli,500g,Strawberry Muesli,F03,0,ST
443,.1~184,184,C2,01,16,01/16,2024-01-16T00:00:00,4,16,CC-F03,500g Strawberry Muesli,500g,Strawberry Muesli,F03,0,ST
444,.1~73,73,C2,01,07,01/07,2024-01-07T00:00:00,2,7,CC-F03,500g Strawberry Muesli,500g,Strawberry Muesli,F03,0,ST
445,.1~72,72,C2,01,06,01/06,2024-01-06T00:00:00,2,6,CC-F03,500g Strawberry Muesli,500g,Strawberry Muesli,F03,2.2334E4,ST
446,.1~220,220,C2,01,19,01/19,2024-01-19T00:00:00,4,19,CC-F03,500g Strawberry Muesli,500g,Strawberry Muesli,F03,0,ST
447,.1~401,401,C2,02,14,02/14,2024-02-03T00:00:00,7,34,CC-F03,500g Strawberry Muesli,500g,Strawberry Muesli,F03,0,ST
448,.1~19,19,C2,01,02,01/02,2024-01-02T00:00:00,1,2,CC-F03,500g Strawberry Muesli,500g,Strawberry Muesli,F03,0,ST
449,.1~260,260,C2,02,02,02/02,2024-01-22T00:00:00,5,22,CC-F03,500g Strawberry Muesli,500g,Strawberry Muesli,F03,0,ST
450,.1~462,462,C2,02,19,02/19,2024-02-08T00:00:00,8,39,CC-F03,500g Strawberry Muesli,500g,Strawberry Muesli,F03,0,ST
451,.1~60,60,C2,01,05,01/05,2024-01-05T00:00:00,1,5,CC-F03,500g Strawberry Muesli,500g,Strawberry Muesli,F03,2.5666E4,ST
452,.1~196,196,C2,01,17,01/17,2024-01-17T00:00:00,4,17,CC-F03,500g Strawberry Muesli,500g,Strawberry Muesli,F03,0,ST
453,.1~238,238,C2,01,20,01/20,2024-01-20T00:00:00,4,20,CC-F03,500g Strawberry Muesli,500g,Strawberry Muesli,F03,0,ST
454,.1~416,416,C2,02,15,02/15,2024-02-04T00:00:00,7,35,CC-F03,500g Strawberry Muesli,500g,Strawberry Muesli,F03,0,ST
455,.1~208,208,C2,01,18,01/18,2024-01-18T00:00:00,4,18,CC-F03,500g Strawberry Muesli,500g,Strawberry Muesli,F03,0,ST
456,.1~424,424,C2,02,16,02/16,2024-02-05T00:00:00,8,36,CC-F03,500g Strawberry Muesli,500g,Strawberry Muesli,F03,0,ST
457,.1~445,445,C2,02,18,02/18,2024-02-07T00:00:00,8,38,CC-F03,500g Strawberry Muesli,500g,Strawberry Muesli,F03,0,ST
458,.1~46,46,C2,01,04,01/04,2024-01-04T00:00:00,1,4,CC-F03,500g Strawberry Muesli,500g,Strawberry Muesli,F03,0,ST
459,.1~33,33,C2,01,03,01/03,2024-01-03T00:00:00,1,3,CC-F03,500g Strawberry Muesli,500g,Strawberry Muesli,F03,0,ST
460,.1~434,434,C2,02,17,02/17,2024-02-06T00:00:00,8,37,CC-F03,500g Strawberry Muesli,500g,Strawberry Muesli,F03,0,ST
461,.1~244,244,C2,02,01,02/01,2024-01-21T00:00:00,5,21,CC-F03,500g Strawberry Muesli,500g,Strawberry Muesli,F03,0,ST
462,.1~340,340,C2,02,09,02/09,2024-01-29T00:00:00,6,29,CC-F03,500g Strawberry Muesli,500g,Strawberry Muesli,F03,0,ST
463,.1~296,296,C2,02,05,02/05,2024-01-25T00:00:00,5,25,CC-F03,500g Strawberry Muesli,500g,Strawberry Muesli,F03,0,ST
464,.1~164,164,C2,01,14,01/14,2024-01-14T00:00:00,3,14,CC-F03,500g Strawberry Muesli,500g,Strawberry Muesli,F03,0,ST
465,.1~115,115,C2,01,10,01/10,2024-01-10T00:00:00,2,10,CC-F03,500g Strawberry Muesli,500g,Strawberry Muesli,F03,0,ST
466,.1~303,303,C2,02,06,02/06,2024-01-26T00:00:00,6,26,CC-F03,500g Strawberry Muesli,500g,Strawberry Muesli,F03,0,ST
467,.1~151,151,C2,01,13,01/13,2024-01-13T00:00:00,3,13,CC-F03,500g Strawberry Muesli,500g,Strawberry Muesli,F03,0,ST
468,.1~122,122,C2,01,11,01/11,2024-01-11T00:00:00,3,11,CC-F03,500g Strawberry Muesli,500g,Strawberry Muesli,F03,0,ST
469,.1~282,282,C2,02,04,02/04,2024-01-24T00:00:00,5,24,CC-F03,500g Strawberry Muesli,500g,Strawberry Muesli,F03,0,ST
470,.1~104,104,C2,01,09,01/09,2024-01-09T00:00:00,2,9,CC-F03,500g Strawberry Muesli,500g,Strawberry Muesli,F03,0,ST
471,.1~360,360,C2,02,10,02/10,2024-01-30T00:00:00,6,30,CC-F03,500g Strawberry Muesli,500g,Strawberry Muesli,F03,2.4326E4,ST
472,.1~139,139,C2,01,12,01/12,2024-01-12T00:00:00,3,12,CC-F03,500g Strawberry Muesli,500g,Strawberry Muesli,F03,0,ST
473,.1~315,315,C2,02,07,02/07,2024-01-27T00:00:00,6,27,CC-F03,500g Strawberry Muesli,500g,Strawberry Muesli,F03,0,ST
474,.1~93,93,C2,01,08,01/08,2024-01-08T00:00:00,2,8,CC-F03,500g Strawberry Muesli,500g,Strawberry Muesli,F03,0,ST
475,.1~178,178,C2,01,15,01/15,2024-01-15T00:00:00,3,15,CC-F03,500g Strawberry Muesli,500g,Strawberry Muesli,F03,0,ST
476,.1~327,327,C2,02,08,02/08,2024-01-28T00:00:00,6,28,CC-F03,500g Strawberry Muesli,500g,Strawberry Muesli,F03,0,ST
477,.1~372,372,C2,02,11,02/11,2024-01-31T00:00:00,7,31,CC-F03,500g Strawberry Muesli,500g,Strawberry Muesli,F03,2.3674E4,ST
478,.1~274,274,C2,02,03,02/03,2024-01-23T00:00:00,5,23,CC-F03,500g Strawberry Muesli,500g,Strawberry Muesli,F03,0,ST
479,.1~382,382,C2,02,12,02/12,2024-02-01T00:00:00,7,32,CC-F03,500g Strawberry Muesli,500g,Strawberry Muesli,F03,0,ST
